"Country","Total_10_Years_GWP","Final_Cumulative_GWP"
"China",505676.120355492,505676.120355492
"India",469768.650088063,469768.650088063
"USA",488546.04090096,488546.04090096
