date,brent_open,brent_high,brent_low,brent_close,brent_vol,ret_1d,ret_5d,ret_21d,ma_5,ma_21,ma_63,ema_12,ema_26,macd,rsi_14,bb_upper,bb_lower,bb_width,vol_ratio,trend_slope,wti_open,wti_high,wti_low,wti_close,wti_vol,ca_gas,sent_supply_risk,sent_opec_policy,sent_refinery,sent_ca_regulatory,sent_macro_demand,refinery_stress,sent_neg_intensity,sent_article_count,sent_volatility,sent_supply_risk_neg_fast,sent_supply_risk_pos_slow,sent_opec_policy_neg_fast,sent_opec_policy_pos_slow,sent_macro_demand_neg_fast,sent_macro_demand_pos_slow,sent_refinery_neg_fast,sent_refinery_pos_slow,sent_ca_regulatory_neg_fast,sent_ca_regulatory_pos_slow,dow,month,quarter,is_monday,summer_peak,winter_heat,doy,mon,dom,driving_season_idx,heating_demand_idx,refinery_maint,opec_meeting_window,dl_brent_lag,curve_slope,calendar_spread,slope_3m,n_contango,run_date
2024-05-03,83.80000305175781,84.4000015258789,82.80000305175781,82.95999908447266,31511,NA,NA,NA,NA,NA,NA,NA,NA,NA,NA,NA,NA,NA,NA,NA,79.06999969482422,79.62999725341797,77.95999908447266,78.11000061035156,324438,NA,0,0,0,0,0,0,0,0,0,0,0,0,0,0,0,0,0,0,0,Fri,5,2,0,1,0,124,5,3,0.6870527672236669,0.5343725582809786,0,0,16.746458635186652,-0.27035515526723086,0,-0.10182464816771795,0,2026-05-03
2024-05-06,82.9800033569336,83.81999969482422,82.76000213623047,83.33000183105469,23246,0.004460013870121626,NA,NA,NA,NA,NA,NA,NA,NA,NA,NA,NA,NA,NA,0.370002746582045,78.160003662109375,79.089996337890625,77.910003662109375,78.4800033569336,297369,5.23,0,0,0,0,0,0,0,0,0,0,0,0,0,0,0,0,0,0,0,Mon,5,2,1,1,0,127,5,6,0.7236440382959124,0.5772916165517272,0,0,25.395334894190572,-0.27035515526723086,0,-0.10182464816771795,0,2026-05-03
2024-05-07,83.589996337890625,83.87000274658203,82.4000015258789,83.160003662109375,33414,-0.00204005958490161,NA,NA,NA,NA,NA,NA,NA,NA,NA,NA,NA,NA,NA,0.10000228881833616,78.720001220703125,79.16999816894531,77.55000305175781,78.37999725341797,327593,5.219571428571429,0,0,0,0,0,0,0,0,0,0,0,0,0,0,0,0,0,0,0,Tue,5,2,0,1,0,128,5,7,0.7354170229639855,0.5912614448635781,0,0,37.10309984397214,-0.27035515526723086,0,-0.10182464816771795,0,2026-05-03
2024-05-08,83.04000091552734,83.81999969482422,81.720001220703125,83.58000183105469,35419,0.005050482809642709,NA,NA,NA,NA,NA,NA,NA,NA,NA,NA,NA,NA,NA,0.16900100708008095,78.339996337890625,79.2699966430664,76.88999938964844,78.98999786376953,355449,5.209142857142857,0,0,0,0,0,0,0,0,0,0,0,0,0,0,0,0,0,0,0,Wed,5,2,0,1,0,129,5,8,0.7469720876965552,0.6050560696488488,0,0,46.554093409881254,-0.27035515526723086,0,-0.10182464816771795,0,2026-05-03
2024-05-09,83.779998779296875,84.33000183105469,83.45999908447266,83.87999725341797,25231,0.003589320600514867,NA,NA,83.38200073242187,NA,NA,NA,NA,NA,NA,NA,NA,NA,NA,0.20899963378906197,79.2300033569336,79.80000305175781,78.910003662109375,79.26000213623047,272712,5.198714285714286,0,0,0,0,0,0,0,0,0,0,0,0,0,0,0,0,0,0,0,Thu,5,2,0,1,0,130,5,9,0.7583058084785624,0.6186714032625031,0,0,54.17544589263258,-0.27035515526723086,0,-0.10182464816771795,0,2026-05-03
2024-05-10,84.20999908447266,84.5199966430664,82.70999908447266,82.79000091552734,25062,-0.012994711177654605,-0.0020491582789461393,NA,83.3480010986328,NA,NA,NA,NA,NA,NA,NA,NA,NA,NA,0.034856959751668574,79.589996337890625,79.95999908447266,78.13999938964844,78.26000213623047,281169,5.188285714285715,0,0,0,0,0,0,0,0,0,0,0,0,0,0,0,0,0,0,0,Fri,5,2,0,1,0,131,5,10,0.7694148268839378,0.6321034111873487,0,0,60.0524992049374,-0.27035515526723086,0,-0.10182464816771795,0,2026-05-03
2024-05-13,82.69999694824219,83.83000183105469,82.26000213623047,83.36000061035156,29242,0.006884885717126643,3.599997436420921e-4,NA,83.35400085449218,NA,NA,NA,NA,NA,NA,NA,NA,NA,NA,0.029999869210381988,78.18000030517578,79.48999786376953,77.779998779296875,79.12000274658203,287701,5.157,0,0,0,0,0,0,0,0,0,0,0,0,0,0,0,0,0,0,0,Mon,5,2,1,1,0,134,5,13,0.8013610881746766,0.6712599575675313,0,0,47.574083274897,-0.27035515526723086,0,-0.10182464816771795,0,2026-05-03
2024-05-14,83.5,83.62000274658203,82.0999984741211,82.37999725341797,33169,-0.01175627818807734,-0.0093795860310526,NA,83.1979995727539,NA,NA,NA,NA,NA,NA,NA,NA,NA,NA,-0.05619085402715229,79.2300033569336,79.37999725341797,77.68000030517578,78.0199966430664,307410,5.145714285714286,0,0,0,0,0,0,0,0,0,0,0,0,0,0,0,0,0,0,0,Tue,5,2,0,1,0,135,5,14,0.811539059007361,0.6839194216246106,0,0,54.68864501427397,-0.27035515526723086,0,-0.10182464816771795,0,2026-05-03
2024-05-15,82.7699966430664,83.06999969482422,81.05999755859375,82.75,41744,0.0044914148933972164,-0.009930627098243217,NA,83.03199920654296,NA,NA,NA,NA,NA,NA,NA,NA,NA,NA,-0.06800028483072632,78.44000244140625,78.91999816894531,76.69999694824219,78.62999725341797,321267,5.134428571428572,0,0,0,0,0,0,0,0,0,0,0,0,0,0,0,0,0,0,0,Wed,5,2,0,1,0,136,5,15,0.8214765533024142,0.6963762255968722,0,0,60.4549838435639,-0.27035515526723086,0,-0.10182464816771795,0,2026-05-03
2024-05-16,82.93000030517578,83.779998779296875,82.30999755859375,83.2699966430664,27576,0.006283947348234564,-0.0072723012675910415,NA,82.90999908447266,NA,NA,NA,NA,NA,NA,NA,NA,NA,0.9023146845367032,-0.041939798990882314,78.839996337890625,79.8499984741211,78.19999694824219,79.2300033569336,230277,5.123142857142858,0,0,0,0,0,0,0,0,0,0,0,0,0,0,0,0,0,0,0,Thu,5,2,0,1,0,137,5,16,0.8311706263658079,0.7086266782644596,0,0,65.1730223897544,-0.27035515526723086,0,-0.10182464816771795,0,2026-05-03
2024-05-17,83.44000244140625,84.04000091552734,83.089996337890625,83.9800033569336,23516,0.008526561096316554,0.014373745962636741,NA,83.1479995727539,NA,NA,NA,NA,NA,NA,NA,NA,NA,0.7901377264220362,0.006454398415303383,79.37999725341797,80.13999938964844,79,80.05999755859375,94152,5.111857142857143,0,0,0,0,0,0,0,0,0,0,0,0,0,0,0,0,0,0,0,Fri,5,2,0,1,0,138,5,17,0.8406184056344782,0.7206671495538609,0,0,69.09077649328944,-0.27035515526723086,0,-0.10182464816771795,0,2026-05-03
2024-05-20,84,84.5,83.12000274658203,83.70999908447266,22320,-0.0032151019488931842,0.0041986380945111534,NA,83.21799926757812,NA,NA,83.26250012715657,NA,NA,NA,NA,NA,NA,0.7522927740121944,0.023741101885175225,80.01000213623047,80.5999984741211,79.16999816894531,79.80000305175781,85072,5.078,0,0,0,0,0,0,0,0,0,0,0,0,0,0,0,0,0,0,0,Mon,5,2,1,1,0,141,5,20,0.8674563547295968,0.7554933140726803,0,0,52.27233258493646,-0.27035515526723086,0,-0.10182464816771795,0,2026-05-03
2024-05-21,83.69999694824219,83.73999786376953,82.05999755859375,82.87999725341797,29726,-0.009915205353390633,0.0060694345310778886,NA,83.31799926757813,NA,NA,83.20365353119679,NA,NA,NA,NA,NA,NA,1.0145219364857254,0.006043738061257265,79.69999694824219,79.720001220703125,78.08000183105469,79.26000213623047,371672,5.067714285714286,0,0,0,0,0,0,0,0,0,0,0,0,0,0,0,0,0,0,0,Tue,5,2,0,1,0,142,5,21,0.8758917051442429,0.766658819300159,0,0,58.548175385762605,-0.27035515526723086,0,-0.10182464816771795,0,2026-05-03
2024-05-22,82.4800033569336,82.63999938964844,81.58000183105469,81.9000015258789,32042,-0.011824273166208932,-0.010271884883638616,NA,83.1479995727539,NA,NA,83.0030916842248,NA,NA,NA,NA,NA,NA,1.1063156877097517,-0.03325287535950462,78.20999908447266,78.410003662109375,77.25,77.56999969482422,314145,5.057428571428572,0,0,0,0,0,0,0,0,0,0,0,0,0,0,0,0,0,0,0,Wed,5,2,0,1,0,143,5,22,0.8840675099433636,0.777597146973627,0,0,63.371025878894535,-0.27035515526723086,0,-0.10182464816771795,0,2026-05-03
2024-05-23,81.69000244140625,82.970001220703125,80.93000030517578,81.36000061035156,27035,-0.006593417649164657,-0.022937385729724036,NA,82.76600036621093,NA,NA,82.75030844209046,NA,NA,40.14779597953595,NA,NA,NA,0.9276606549726866,-0.08991223010388041,77.29000091552734,78.660003662109375,76.43000030517578,76.87000274658203,330273,5.047142857142857,0,0,0,0,0,0,0,0,0,0,0,0,0,0,0,0,0,0,0,Thu,5,2,0,1,0,144,5,23,0.8919813464595485,0.7883050558305255,0,0,67.1203006912564,-0.27035515526723086,0,-0.10182464816771795,0,2026-05-03
2024-05-24,81.54000091552734,82.44999694824219,80.660003662109375,82.12000274658203,17991,0.009341225793129793,-0.022148136889756365,NA,82.39400024414063,NA,NA,82.65333833508916,NA,NA,45.62825106734316,NA,NA,NA,0.632681696857164,-0.1056263850285448,77.04000091552734,78.05000305175781,76.1500015258789,77.720001220703125,299075,5.036857142857143,0,0,0,0,0,0,0,0,0,0,0,0,0,0,0,0,0,0,0,Fri,5,2,0,1,0,145,5,24,0.8996308696522433,0.7987793728863649,0,0,70.11867715773194,-0.27035515526723086,0,-0.10182464816771795,0,2026-05-03
2024-05-28,82.1500015258789,84.62999725341797,82.06999969482422,84.220001220703125,23477,0.025572313734591345,0.006092487657487933,NA,82.49600067138672,NA,NA,82.89436339441438,NA,NA,57.27084244744793,NA,NA,NA,0.8426897730046375,-0.06162624149532122,77.80999755859375,80.29000091552734,77.69000244140625,79.83000183105469,334074,4.993714285714286,0,0,0,0,0,0,0,0,0,0,0,0,0,0,0,0,0,0,0,Tue,5,2,0,1,0,149,5,28,0.9275416835791966,0.8382797052177744,0,0,45.442465795719826,-0.27035515526723086,0,-0.10182464816771795,0,2026-05-03
2024-05-29,84.62000274658203,85.01000213623047,83.30000305175781,83.5999984741211,15987,-0.007361704317211726,0.008687273703709364,NA,82.64000091552734,NA,NA,83.00292263744618,NA,NA,53.620240921033094,NA,NA,NA,0.6115586770410154,-0.026153698596326533,80.26000213623047,80.62000274658203,78.98999786376953,79.2300033569336,259594,4.981428571428571,0,0,0,0,0,0,0,0,0,0,0,0,0,0,0,0,0,0,0,Wed,5,2,0,1,0,150,5,29,0.9338372288229252,0.8475409228928311,0,0,53.07400956208827,-0.27035515526723086,0,-0.10182464816771795,0,2026-05-03
2024-05-30,83.5,83.76000213623047,81.81999969482422,81.86000061035156,9220,-0.02081337195607913,-4.884116579009223e-4,NA,82.63200073242187,NA,NA,82.82708847943162,NA,NA,44.958880132180774,NA,NA,NA,0.4028135785748613,-0.0305933187296115,79.279998779296875,79.41999816894531,77.62999725341797,77.910003662109375,373779,4.969142857142857,0,0,0,0,0,0,0,0,0,0,0,0,0,0,0,0,0,0,0,Thu,5,2,0,1,0,151,5,30,0.9398560579418954,0.8565509959010036,0,0,58.827446847224465,-0.27035515526723086,0,-0.10182464816771795,0,2026-05-03
2024-05-31,81.779998779296875,82.12000274658203,81.18000030517578,81.62000274658203,33414,-0.002931808721965523,0.0031956997822022437,NA,82.68400115966797,NA,NA,82.64138298207016,NA,NA,43.905418236853876,NA,NA,NA,1.4235199890937595,-0.06894485976670091,77.910003662109375,78.62000274658203,76.66999816894531,76.98999786376953,345120,4.956857142857143,0,0,0,0,0,0,0,0,0,0,0,0,0,0,0,0,0,0,0,Fri,5,2,0,1,0,152,5,31,0.9455963874271426,0.865307254363206,0,0,63.383779669615585,-0.27035515526723086,0,-0.10182464816771795,0,2026-05-03
2024-06-03,81.19000244140625,81.62999725341797,78.089996337890625,78.36000061035156,42771,-0.03994121571341147,-0.04578667815968829,NA,81.93200073242187,82.71761939639137,NA,81.98270877103651,NA,NA,32.697728077794096,85.28669583502025,80.14854295776249,0.06211678859657708,1.6840103471492187,-0.17650527115706735,76.970001220703125,77.5199966430664,73.9800033569336,74.220001220703125,443271,4.92,0,0,0,0,0,0,0,0,0,0,0,0,0,0,0,0,0,0,0,Mon,6,2,1,1,0,155,6,3,0.9611297838723007,0.8900275764346767,0,1,48.115186078342816,-0.27035515526723086,0,-0.10182464816771795,0,2026-05-03
2024-06-04,78.160003662109375,78.20999908447266,76.75,77.5199966430664,41209,-0.010719805522489856,-0.0795536034258536,-0.06557380064417617,80.59199981689453,82.45857166108631,NA,81.29613767442574,NA,NA,30.534804023310308,85.88050336109953,79.03663996107309,0.08299759821399112,1.5101952563839456,-0.31839557689624937,74.0199966430664,74.12999725341797,72.4800033569336,73.25,408721,4.901714285714285,0,0,0,0,0,0,0,0,0,0,0,0,0,0,0,0,0,0,0,Tue,6,2,0,1,0,156,6,4,0.9657399376548549,0.8977433935342337,0,1,53.98709961414845,-0.27035515526723086,0,-0.10182464816771795,0,2026-05-03
2024-06-05,77.16999816894531,78.5999984741211,77.13999938964844,78.410003662109375,37039,0.011480999194839026,-0.0620812787887588,-0.059042338423563656,79.55400085449219,82.22428603399368,NA,80.85211705714629,NA,NA,35.409933999711065,86.0459848772486,78.40258719073876,0.09295790885128345,1.3219479986437532,-0.4012965778728116,72.9000015258789,74.33000183105469,72.81999969482422,74.06999969482422,307701,4.8834285714285715,0,0,0,0,0,0,0,0,0,0,0,0,0,0,0,0,0,0,0,Wed,6,2,0,1,0,157,6,5,0.9700639218515071,0.9051931898913974,0,1,58.86360001495157,-0.27035515526723086,0,-0.10182464816771795,0,2026-05-03
2024-06-06,78.58000183105469,80.06999969482422,78.37000274658203,79.87000274658203,36186,0.01862006142435857,-0.024309770937356756,-0.0395622988293155,79.15600128173828,82.06761932373047,NA,80.70102254782871,NA,NA,42.53466849877056,85.9964501661135,78.13878848134743,0.09574618771101563,1.2726805918495827,-0.4062636658385572,74.30000305175781,75.79000091552734,74.05999755859375,75.55000305175781,291082,4.865142857142857,0,0,0,0,0,0,0,0,0,0,0,0,0,0,0,0,0,0,0,Thu,6,2,0,1,0,158,6,6,0.9741004551724205,0.9123747579707273,0,1,63.058550293133415,-0.27035515526723086,0,-0.10182464816771795,0,2026-05-03
2024-06-07,80.0199966430664,80.37999725341797,79.33000183105469,79.62000274658203,26371,-0.0031300862827464693,-0.02450379726413021,-0.04737974393057853,78.75600128173828,81.87904793875558,NA,80.53471180917538,NA,NA,41.686713656489644,85.88243007112101,77.87566580639015,0.09778770596746329,0.9296529356811732,-0.38002176808786897,75.66999816894531,76.25,75.20999908447266,75.529998779296875,280253,4.846857142857143,0,0,0,0,0,0,0,0,0,0,0,0,0,0,0,0,0,0,0,Fri,6,2,0,1,0,159,6,7,0.9778483415056568,0.9192859697186104,0,1,66.36272313014112,-0.27035515526723086,0,-0.10182464816771795,0,2026-05-03
2024-06-10,79.410003662109375,82.160003662109375,79.3499984741211,81.62999725341797,36413,0.025244843475243695,0.04173043156707723,-0.026824035213095065,79.41000061035156,81.77190508161273,NA,80.70321726213578,82.0815388606145,-1.3783215984787205,50.27057434794787,85.66940425785798,77.87440590536748,0.09532611897338909,1.2053812312347105,-0.28608785775991624,75.3499984741211,78.29000091552734,75.2300033569336,77.73999786376953,317031,4.792,0,0,0,0,0,0,0,0,0,0,0,0,0,0,0,0,0,0,0,Mon,6,2,1,1,0,162,6,10,0.9873494423939864,0.9383773917408641,0,1,50.299841048325305,-0.27035515526723086,0,-0.10182464816771795,0,2026-05-03
2024-06-11,81.970001220703125,82.36000061035156,81.19999694824219,81.91999816894531,35178,0.0035526267951111468,0.056759568065234856,-0.010508548580277388,80.29000091552734,81.73047637939453,NA,80.89041432472186,82.06957288345383,-1.1791585587319702,51.38255306220621,85.6009251516928,77.86002760709626,0.0947124975592109,1.1210753757313856,-0.20208803952395382,78.12000274658203,78.36000061035156,77.220001220703125,77.9000015258789,314874,4.780857142857143,0,0,0,0,0,0,0,0,0,0,0,0,0,0,0,0,0,0,0,Tue,6,2,0,1,0,163,6,11,0.989932495087353,0.9441875088341993,0,1,56.622085101116305,-0.27035515526723086,0,-0.10182464816771795,0,2026-05-03
2024-06-12,82.12000274658203,83.339996337890625,81.970001220703125,82.5999984741211,40802,0.008300785160827218,0.053436992938650674,-0.00911710809340005,81.12799987792968,81.6942858014788,NA,81.15342727078328,82.1088636679477,-0.9554363971644193,53.981004401042256,85.51462827388465,77.87394332907294,0.09352777700240818,1.2050099969580894,-0.12674741640195733,78.220001220703125,79.31999969482422,77.87999725341797,78.5,322285,4.769714285714286,0,0,0,0,0,0,0,0,0,0,0,0,0,0,0,0,0,0,0,Wed,6,2,0,1,0,164,6,12,0.9922222094179323,0.9497178427914316,0,1,61.81897106287525,-0.27035515526723086,0,-0.10182464816771795,0,2026-05-03
2024-06-13,82.54000091552734,83.04000091552734,81.80000305175781,82.75,39191,0.0018159991361974548,0.03605855958908455,0.0044914148933972164,81.70399932861328,81.71190497988746,NA,81.39905384450893,82.15635524809973,-0.7573014035908017,54.55797196326107,85.54890631326163,77.8749036465133,0.09391535625851824,1.063314286954587,-0.06800017304472879,78.37000274658203,78.88999938964844,77.66999816894531,78.62000274658203,307638,4.758571428571429,0,0,0,0,0,0,0,0,0,0,0,0,0,0,0,0,0,0,0,Thu,6,2,0,1,0,165,6,13,0.994217906893952,0.9549667548552551,0,1,66.00776481637446,-0.27035515526723086,0,-0.10182464816771795,0,2026-05-03
2024-06-14,82.13999938964844,83.38999938964844,81.91999816894531,82.62000274658203,39346,-0.0015709637875283011,0.037678973832097507,-0.0015709637875283011,82.30399932861329,81.70571463448661,NA,81.58689213713556,82.19069950724656,-0.6038073701109994,53.92695168399146,85.53609560031151,77.87533366866171,0.09376041768829133,1.0506106711240941,0.005977991125083376,77.95999908447266,79.1500015258789,77.7300033569336,78.44999694824219,245827,4.747428571428571,0,0,0,0,0,0,0,0,0,0,0,0,0,0,0,0,0,0,0,Fri,6,2,0,1,0,166,6,14,0.995918996147179,0.9599326896597447,0,1,69.33114332587304,-0.27035515526723086,0,-0.10182464816771795,0,2026-05-03
2024-06-17,82.62000274658203,84.55000305175781,82.11000061035156,84.25,32978,0.019728845306597353,0.032096077848052795,0.011768985186036973,82.82799987792968,81.75238146100726,NA,81.99660103911471,82.34324028448756,-0.34663924537285595,60.1505903397599,85.68531339250366,77.81944952951086,0.09621571533967498,0.9042178370389867,0.1935604221218215,78.4800033569336,80.660003662109375,77.9800033569336,80.33000183105469,126733,4.714,0,0,0,0,0,0,0,0,0,0,0,0,0,0,0,0,0,0,0,Mon,6,2,1,1,0,169,6,17,0.9992500112396835,0.9731183372332619,0,1,52.504405985362936,-0.27035515526723086,0,-0.10182464816771795,0,2026-05-03
2024-06-18,84.4000015258789,85.4800033569336,83.660003662109375,85.33000183105469,45690,0.012819012831509546,0.04162602219639777,0.016075237201209625,83.51000061035157,81.81666710263207,NA,82.5094319301824,82.56448188052957,-0.05504995034716842,63.65389275556942,85.94195619727226,77.69137800799187,0.10084226700325911,1.2375607404237339,0.3914285345391896,80.43000030517578,81.66999816894531,79.7699966430664,81.56999969482422,140709,4.709428571428572,0,0,0,0,0,0,0,0,0,0,0,0,0,0,0,0,0,0,0,Tue,6,2,0,1,0,170,6,18,0.9997685019798909,0.9769384927771817,0,1,59.07159180571235,-0.27035515526723086,0,-0.10182464816771795,0,2026-05-03
2024-06-20,85.37999725341797,85.970001220703125,84.88999938964844,85.70999908447266,52543,0.004453266673664524,0.03765133980390978,0.02389200838458705,84.13200073242187,81.91190519787017,NA,83.00182687699628,82.79748315489573,0.2043437221005462,64.82561036212553,86.30446486869248,77.51934552704786,0.1072508241680239,1.3658246208714366,0.5351867340423221,81.5199966430664,82.410003662109375,81.12999725341797,82.16999816894531,420499,4.700285714285715,0,0,0,0,0,0,0,0,0,0,0,0,0,0,0,0,0,0,0,Thu,6,2,0,1,0,172,6,20,0.9999166586547379,0.9837092937736097,0,1,54.830466360984275,-0.27035515526723086,0,-0.10182464816771795,0,2026-05-03
2024-06-21,85.68000030517578,86.2300033569336,84.839996337890625,85.23999786376953,25055,-0.0054836218145318805,0.030090608625613635,0.028474911782821577,84.63000030517578,82.02428617931548,NA,83.34616087496138,82.97841017036787,0.36775070459351866,62.15656903901697,86.63615525136574,77.41241710726523,0.11245130648179306,0.6706962874129675,0.6406812395368284,81.2699966430664,81.79000091552734,80.3499984741211,80.7300033569336,290500,4.695714285714286,0,0,0,0,0,0,0,0,0,0,0,0,0,0,0,0,0,0,0,Fri,6,2,0,1,0,173,6,21,0.9995462806873573,0.986657932891657,0,1,60.91911253827944,-0.27035515526723086,0,-0.10182464816771795,0,2026-05-03
2024-06-24,85.089996337890625,86.16999816894531,84.7300033569336,86.01000213623047,28043,0.00903336804033672,0.04103121855425851,0.05018315670058793,85.30800018310546,82.22000049409412,NA,83.75598260746432,83.20297253820954,0.5530100692547819,64.71941934328628,87.14773386248167,77.29226712570657,0.11986702356542821,0.7473370305325405,0.6447912027547644,80.44999694824219,81.779998779296875,80.2300033569336,81.62999725341797,271745,4.682,0,0,0,0,0,0,0,0,0,0,0,0,0,0,0,0,0,0,0,Mon,6,2,1,1,0,176,6,24,0.9966589017541702,0.993746580436178,0,0,48.40682917857926,-0.27035515526723086,0,-0.10182464816771795,0,2026-05-03
2024-06-25,86.1500015258789,86.31999969482422,84.76000213623047,85.01000213623047,26591,-0.011626554762969366,0.009020796869204428,0.044862358634428334,85.46000061035156,82.39381009056454,NA,83.94890868881296,83.33682658250738,0.6120821063055786,59.11981488881941,87.44995258895909,77.33766759216999,0.12273112489486786,0.7276891879688138,0.5590109185858093,81.69999694824219,81.9000015258789,80.55000305175781,80.83000183105469,286038,4.6775714285714285,0,0,0,0,0,0,0,0,0,0,0,0,0,0,0,0,0,0,0,Tue,6,2,0,1,0,177,6,25,0.9951053111006976,0.9955213724144752,0,0,55.7414090137238,-0.27035515526723086,0,-0.10182464816771795,0,2026-05-03
2024-06-26,84.88999938964844,85.81999969482422,84.4800033569336,85.25,18107,0.0028231720707985186,-9.375580609161105e-4,0.03811491900550679,85.444000244140625,82.54285757882255,NA,84.14907658284173,83.47854313195128,0.6705334508904457,60.01399058500516,87.74745587126786,77.33825928637724,0.12610656924435384,0.5197992800261809,0.47650550590766644,80.720001220703125,81.62999725341797,80.18000030517578,80.9000015258789,308410,4.6731428571428575,0,0,0,0,0,0,0,0,0,0,0,0,0,0,0,0,0,0,0,Wed,6,2,0,1,0,178,6,26,0.9932568492674143,0.9970011699250151,0,0,61.65586223705345,-0.27035515526723086,0,-0.10182464816771795,0,2026-05-03
2024-06-27,85.25,86.51000213623047,84.88999938964844,86.38999938964844,11216,0.013372426858046182,0.007933733665142162,0.02576582922694004,85.58000030517579,82.6461908249628,NA,84.49383393773506,83.69420655844736,0.7996273792876991,64.0378065286152,88.07210408064266,77.22027756928294,0.13130461795078868,0.351863470949931,0.4446374243432352,80.86000061035156,82.04000091552734,80.51000213623047,81.73999786376953,306342,4.668714285714286,0,0,0,0,0,0,0,0,0,0,0,0,0,0,0,0,0,0,0,Thu,6,2,0,1,0,179,6,27,0.9911140639934547,0.9981855344718586,0,0,66.61482890320251,-0.27035515526723086,0,-0.10182464816771795,0,2026-05-03
2024-06-28,86.54000091552734,87.2300033569336,86.29000091552734,86.410003662109375,38920,2.3155773356031695e-4,0.013726018625783487,0.03361250286216366,85.81400146484376,82.78000059581939,NA,84.78862927994649,83.89537671427418,0.8932525656723129,64.10606458940303,88.43832552784615,77.12167566379263,0.13670753542643774,1.2220202267582239,0.37643980927519666,81.86000061035156,82.720001220703125,80.970001220703125,81.54000091552734,260252,4.664285714285715,0,0,0,0,0,0,0,0,0,0,0,0,0,0,0,0,0,0,0,Fri,6,2,0,1,0,180,6,28,0.9886775902323405,0.99907411510223,0,0,70.58650579723543,-0.27035515526723086,0,-0.10182464816771795,0,2026-05-03
2024-07-01,84.9000015258789,86.87999725341797,84.87999725341797,86.5999984741211,55468,0.0021987594486705397,0.006859624732436842,0.05790371156154306,85.93200073242187,83.00571477980841,NA,85.06730146366566,84.09571906685544,0.97158239681022,64.78963300672032,88.88379787294373,77.1276316866731,0.14163080478803833,1.6576860892200198,0.35008801470745887,81.44999694824219,83.63999938964844,81.37999725341797,83.37999725341797,345780,4.651,0,0,0,0,0,0,0,0,0,0,0,0,0,0,0,0,0,0,0,Mon,7,3,1,1,0,183,7,1,0.9796136916454901,0.9999629591162655,0,0,53.46954404444478,-0.27035515526723086,0,-0.10182464816771795,0,2026-05-03
2024-07-02,86.69000244140625,87.44999694824219,86.16999816894531,86.23999786376953,52311,-0.004157051001093759,0.0144688353914868,0.056603711856417105,86.1779998779297,83.22571454729352,NA,85.24771629445087,84.25455453329353,0.9931617611573387,62.366063805586755,89.23043428472708,77.22099480985996,0.14429962590519646,1.4779456637208146,0.3011647989461706,83.43000030517578,84.37999725341797,82.720001220703125,82.80999755859375,367787,4.652,0,0,0,0,0,0,0,0,0,0,0,0,0,0,0,0,0,0,0,Tue,7,3,0,1,0,184,7,2,0.9760105506323683,0.9996666485105112,0,0,60.0316779864106,-0.27035515526723086,0,-0.10182464816771795,0,2026-05-03
2024-07-03,86.5,87.37999725341797,85.88999938964844,87.339996337890625,39021,0.012755084663368388,0.02451608607496336,0.11459922993355343,86.59599914550782,83.65333339146206,NA,85.56960553190314,84.4831057780785,1.08649975382464,66.49072656223768,89.4790594881518,77.8276072947723,0.13928258111192834,1.1236340076308402,0.287098693847655,83.19999694824219,83.93000030517578,82.45999908447266,83.87999725341797,289685,4.653,0,0,0,0,0,0,0,0,0,0,0,0,0,0,0,0,0,0,0,Wed,7,3,0,1,0,185,7,3,0.9721181966290613,0.99907411510223,0,0,65.50216680710228,-0.27035515526723086,0,-0.10182464816771795,0,2026-05-03
2024-07-05,87.029998779296875,87.94999694824219,86.48999786376953,86.54000091552734,51456,-0.00915955410930358,0.001736329748103671,0.11635712929649245,86.6259994506836,84.08285740443638,NA,85.71889712938379,84.63546838085249,1.083428748531304,61.234377357368125,89.30848930998388,78.85722549888888,0.1242972008054471,1.4863600124787686,0.23428552648523315,83.5999984741211,84.5199966430664,83.0199966430664,83.160003662109375,361357,4.655,0,0,0,0,0,0,0,0,0,0,0,0,0,0,0,0,0,0,0,Fri,7,3,0,1,0,187,7,5,0.9634705485641488,0.9970011699250151,0,0,59.11343111042941,-0.27035515526723086,0,-0.10182464816771795,0,2026-05-03
2024-07-08,86.75,86.910003662109375,85.55000305175781,85.75,36568,-0.00912873708307993,-0.0076380469174633925,0.09361045778700272,86.49399871826172,84.43238103957404,NA,85.72368218640167,84.71802627856711,1.0056559078345657,56.48556121765022,89.00553611482728,79.8592259643208,0.10832704275175588,1.0223063396523913,0.13795593597076658,83.1500015258789,83.31999969482422,82.08000183105469,82.33000183105469,251774,4.658,0,0,0,0,0,0,0,0,0,0,0,0,0,0,0,0,0,0,0,Mon,7,3,1,1,0,190,7,8,0.9483615800121715,0.99167731989929,0,0,47.418869498911064,-0.27035515526723086,0,-0.10182464816771795,0,2026-05-03
2024-07-09,85.68000030517578,85.8499984741211,84.54000091552734,84.660003662109375,44667,-0.012711327555575802,-0.022401788062287875,0.05997246464014094,86.10599975585937,84.6604763212658,NA,85.56003933651056,84.71372830697766,0.8463110295328988,50.64916862298773,88.72772788647214,80.59322475605947,0.09608383373067991,1.1932678821879383,0.05046153644938887,82.220001220703125,82.4800033569336,81.25,81.410003662109375,297325,4.651428571428572,0,0,0,0,0,0,0,0,0,0,0,0,0,0,0,0,0,0,0,Tue,7,3,0,1,0,191,7,9,0.9427611433904207,0.9893142039703664,0,0,54.86584889752739,-0.27035515526723086,0,-0.10182464816771795,0,2026-05-03
2024-07-10,85.01000213623047,85.6500015258789,84,85.08000183105469,51274,0.00496099870986999,-0.013450789209749847,0.06857572087570718,85.8740005493164,84.92047627766927,NA,85.48618741259426,84.7408596791315,0.7453277334627586,52.67813989772534,88.26898952225167,81.57196303308686,0.07886232841261002,1.2850368914908974,0.008769326681617567,81.80999755859375,82.660003662109375,80.80999755859375,82.0999984741211,334380,4.644857142857143,0,0,0,0,0,0,0,0,0,0,0,0,0,0,0,0,0,0,0,Wed,7,3,0,1,0,192,7,10,0.9368813462954315,0.9866579328916572,0,0,61.06708542309666,-0.27035515526723086,0,-0.10182464816771795,0,2026-05-03
2024-07-11,85.41999816894531,85.88999938964844,84.6500015258789,85.4000015258789,47743,0.0037611622935744826,-0.022211986413492535,0.046184054873321445,85.48600158691406,85.1000002906436,NA,85.47292804540729,84.7896850011128,0.6832430442944855,54.222402905337795,88.09294501797918,82.10705556330804,0.07033947631289564,1.1138147273728316,-0.010153751582892282,82.4000015258789,83.12999725341797,81.62999725341797,82.62000274658203,324170,4.638285714285715,0,0,0,0,0,0,0,0,0,0,0,0,0,0,0,0,0,0,0,Thu,7,3,0,1,0,193,7,11,0.9307239310379795,0.9837092937736098,0,0,65.93309147565525,-0.27035515526723086,0,-0.10182464816771795,0,2026-05-03
2024-07-12,85.589996337890625,86.339996337890625,84.95999908447266,85.029998779296875,48430,-0.00433258477717835,-0.017448603192232404,0.037963875486639376,85.18400115966797,85.2480955578032,NA,85.4047850813903,84.80748602171903,0.597299059671272,52.105115140239704,87.86421868375724,82.63197243184915,0.06137669372754873,1.0395871703394597,-0.05378025599888532,82.86000061035156,83.73999786376953,82.0999984741211,82.20999908447266,370062,4.631714285714286,0,0,0,0,0,0,0,0,0,0,0,0,0,0,0,0,0,0,0,Fri,7,3,0,1,0,194,7,12,0.9242907221930934,0.9804691603616321,0,0,69.75208195023617,-0.27035515526723086,0,-0.10182464816771795,0,2026-05-03
2024-07-15,85.029998779296875,85.36000061035156,84.410003662109375,84.8499984741211,36586,-0.002116903537103254,-0.010495644616663635,0.027239709946301538,85.00400085449219,85.35523841494606,NA,85.31943329565658,84.81063509226733,0.5087982033892473,51.0605404180858,87.68442251010113,83.02605431979099,0.05457624249918846,0.7893010933630189,-0.07624179714328828,82.160003662109375,82.58000183105469,81.470001220703125,81.910003662109375,296520,4.612,0,0,0,0,0,0,0,0,0,0,0,0,0,0,0,0,0,0,0,Mon,7,3,1,1,0,197,7,15,0.9033558023246845,0.9690098257244063,0,0,52.68090590410646,-0.27035515526723086,0,-0.10182464816771795,0,2026-05-03
2024-07-16,84.86000061035156,84.87000274658203,83.30000305175781,83.7300033569336,45546,-0.013199706980891679,-0.010985120067884102,0.011842940869288165,84.81800079345703,85.40190524146671,NA,85.07490561277612,84.73058829705742,0.3443173157186976,45.01366405687359,87.54358126243959,83.26022922049383,0.050155228151350296,1.0040961018690395,-0.15857131454970874,81.91999816894531,81.93000030517578,80.220001220703125,80.76000213623047,308186,4.602142857142857,0,0,0,0,0,0,0,0,0,0,0,0,0,0,0,0,0,0,0,Tue,7,3,0,1,0,198,7,16,0.895839290734909,0.9646141756912435,0,0,58.88834223289455,-0.27035515526723086,0,-0.10182464816771795,0,2026-05-03
2024-07-17,83.839996337890625,85.19999694824219,83.44000244140625,85.08000183105469,44273,0.016123234444004098,0,0.029774860841122797,84.81800079345703,85.51904805501302,NA,85.07568964635743,84.75647078105722,0.3192188653002148,52.34021527255533,87.25169631675365,83.78639979327238,0.04052075651324021,0.9936395220439712,-0.18879106123369035,80.8499984741211,83.0999984741211,80.44999694824219,82.8499984741211,257437,4.5922857142857145,0,0,0,0,0,0,0,0,0,0,0,0,0,0,0,0,0,0,0,Wed,7,3,0,1,0,199,7,17,0.8880573226294932,0.9599326896597445,0,0,64.12635764196031,-0.27035515526723086,0,-0.10182464816771795,0,2026-05-03
2024-07-18,85.19999694824219,85.81999969482422,84.220001220703125,85.11000061035156,45867,3.525949535878592e-4,-0.003395795203112062,0.010207722378060113,84.76000061035157,85.56000046502976,NA,85.08096825620268,84.78265817581976,0.29831008038291884,52.491700152208914,87.20511248206726,83.91488844799225,0.0384551661546542,1.0138370062553879,-0.17982405777816077,83.11000061035156,83.81999969482422,82.04000091552734,82.81999969482422,95704,4.582428571428571,0,0,0,0,0,0,0,0,0,0,0,0,0,0,0,0,0,0,0,Thu,7,3,0,1,0,200,7,18,0.8800122039735357,0.9549667548552553,0,0,68.32070307386124,-0.27035515526723086,0,-0.10182464816771795,0,2026-05-03
2024-07-19,84.80000305175781,85.3499984741211,82.56999969482422,82.62999725341797,45739,-0.02913880083596143,-0.028225350586071785,-0.03164191397748328,84.28000030517578,85.43142881847564,NA,84.70389579423579,84.6232018111974,0.08069398303838682,40.9139953833442,87.5155038246681,83.34735381228317,0.048789421762351605,1.0239470956563008,-0.23542844332181723,82.470001220703125,82.87999725341797,80.06999969482422,80.12999725341797,83795,4.572571428571429,0,0,0,0,0,0,0,0,0,0,0,0,0,0,0,0,0,0,0,Fri,7,3,0,1,0,201,7,19,0.8717063187093219,0.9497178427914317,0,0,71.17552411650514,-0.27035515526723086,0,-0.10182464816771795,0,2026-05-03
2024-07-22,82.83000183105469,83.20999908447266,81.589996337890625,82.4000015258789,36408,-0.0027834410647950003,-0.02887444893696056,-0.038618569524560775,83.79000091552734,85.27380988711403,NA,84.34945052218089,84.45852030858121,-0.10906978640032605,40.03214903756329,87.73580399419016,82.81181578003789,0.057743265144018764,0.8153484736850355,-0.2747251573499764,80.38999938964844,80.69000244140625,79.16999816894531,79.779998779296875,345235,4.543,0,0,0,0,0,0,0,0,0,0,0,0,0,0,0,0,0,0,0,Mon,7,3,1,1,0,204,7,22,0.8452490573530633,0.9322892131745134,0,0,52.91404890146895,-0.27035515526723086,0,-0.10182464816771795,0,2026-05-03
2024-07-23,82.20999908447266,82.779998779296875,80.5199966430664,81.01000213623047,45436,-0.01686892431927789,-0.03248538291713665,-0.049624540515585625,83.24600067138672,85.07238151913597,NA,83.83568923203467,84.20307451803671,-0.36738528600204745,35.107249678006866,88.158931277815,81.98583176045695,0.07256290945574966,1.0157790486069815,-0.3471427665961986,78.2699966430664,78.7300033569336,76.4000015258789,76.95999908447266,417941,4.535,0,0,0,0,0,0,0,0,0,0,0,0,0,0,0,0,0,0,0,Tue,7,3,0,1,0,205,7,23,0.8359254794186372,0.9259247771938499,0,0,58.52350209701499,-0.27035515526723086,0,-0.10182464816771795,0,2026-05-03
2024-07-24,81.48999786376953,82.220001220703125,80.94000244140625,81.70999908447266,47261,0.008640870630580055,-0.03960981046138112,-0.049994220962197855,82.5720001220703,84.86761946905227,NA,83.50865997856359,84.01840226369863,-0.5097422851350473,39.16607633638967,88.24933361543117,81.48590532267337,0.07969386127560864,1.066144208405803,-0.34030778486650165,77.44999694824219,78.19000244140625,76.9800033569336,77.589996337890625,355971,4.527,0,0,0,0,0,0,0,0,0,0,0,0,0,0,0,0,0,0,0,Wed,7,3,0,1,0,206,7,24,0.8263541987239096,0.9192859697186105,0,0,63.15031930149365,-0.27035515526723086,0,-0.10182464816771795,0,2026-05-03
2024-07-25,81.529998779296875,82.5199966430664,80.089996337890625,82.37000274658203,51868,0.008077391622866914,-0.03219360644013758,-0.031055162019850036,82.02400054931641,84.74190521240234,NA,83.33348194287412,83.89629859576407,-0.5628166528899499,42.798894241103945,88.2934086615551,81.19040176324958,0.08381929672813124,1.1592842423348397,-0.3162417904361285,77.5,78.470001220703125,76.04000091552734,78.279998779296875,457288,4.519,0,0,0,0,0,0,0,0,0,0,0,0,0,0,0,0,0,0,0,Thu,7,3,0,1,0,207,7,25,0.8165380514459161,0.9123747579707274,0,0,67.14761632594241,-0.27035515526723086,0,-0.10182464816771795,0,2026-05-03
2024-07-26,82.44999694824219,82.69000244140625,80.31999969482422,81.12999725341797,27491,-0.015054090710413637,-0.018153213722126194,-0.048328477965771666,81.7240005493164,84.54571460542225,NA,82.9944842983424,83.69138738521991,-0.6969030868775121,38.18514305349739,88.41986733080877,80.67156188003572,0.0916463417091529,0.6446098833460343,-0.33531884832696796,78.3499984741211,78.5999984741211,76.19000244140625,77.160003662109375,365121,4.511,0,0,0,0,0,0,0,0,0,0,0,0,0,0,0,0,0,0,0,Fri,7,3,0,1,0,208,7,26,0.8064799463209448,0.9051931898913975,0,0,69.93401991281375,-0.27035515526723086,0,-0.10182464816771795,0,2026-05-03
2024-07-29,81.0199966430664,81.720001220703125,79.37999725341797,79.779998779296875,22531,-0.01663994231263477,-0.03179614924836116,-0.07651349296274679,81.2,84.23095267159599,NA,82.49994806464308,83.40165489589228,-0.9017068312492,33.90043492625483,88.52688984742726,79.93501549576472,0.10200376558912952,0.5463120120265749,-0.4085935320173002,77.30000305175781,77.69000244140625,75.3499984741211,75.80999755859375,362635,4.487,0,0,0,0,0,0,0,0,0,0,0,0,0,0,0,0,0,0,0,Mon,7,3,1,1,0,211,7,29,0.7748840413670407,0.8820480249558535,0,0,51.75110272286987,-0.27035515526723086,0,-0.10182464816771795,0,2026-05-03
2024-07-30,79.839996337890625,79.94999694824219,78.41999816894531,78.62999725341797,15035,-0.014414659607356772,-0.029379148500825458,-0.09003594582768115,80.7239990234375,83.86047617594402,NA,81.90457101676229,83.04819877422752,-1.1436277574652252,30.736476792661083,88.67743600471908,79.04351634716895,0.11488033572976178,0.39368016988340154,-0.4794287377661415,75.910003662109375,75.970001220703125,74.589996337890625,74.7300033569336,419478,4.484714285714285,0,0,0,0,0,0,0,0,0,0,0,0,0,0,0,0,0,0,0,Tue,7,3,0,1,0,212,7,30,0.7638886127905428,0.8738071036110807,0,0,57.115654680155245,-0.27035515526723086,0,-0.10182464816771795,0,2026-05-03
2024-07-31,79.05999755859375,80.839996337890625,79,80.720001220703125,54838,0.026580237063334122,-0.01211599406268582,-0.06789835285245538,80.5259994506836,83.58047630673363,NA,81.72232950967627,82.87573969618867,-1.153410186512403,41.434440745817426,88.41217811914994,78.74877449431732,0.11561795352025407,1.3972390527780183,-0.4516484354878528,75.23999786376953,78.660003662109375,75.18000030517578,77.910003662109375,460315,4.482428571428572,0,0,0,0,0,0,0,0,0,0,0,0,0,0,0,0,0,0,0,Wed,7,3,0,1,0,213,7,31,0.7526668275320084,0.8653072543632061,0,0,61.82840633458281,-0.27035515526723086,0,-0.10182464816771795,0,2026-05-03
2024-08-01,81.51000213623047,81.80000305175781,79.44000244140625,79.5199966430664,44000,-0.014866260647787732,-0.03460004866436506,-0.07792209400698835,79.95599822998047,83.26047624860492,NA,81.38350906865938,82.62716613669814,-1.2436570680387575,37.82229773851436,88.24025036850236,78.28070212870747,0.119619160116944,1.1264519069038703,-0.44978044111650234,78.589996337890625,78.87999725341797,76.23999786376953,76.30999755859375,383014,4.480142857142857,0,0,0,0,0,0,0,0,0,0,0,0,0,0,0,0,0,0,0,Thu,8,3,0,1,0,214,8,1,0.741222010848596,0.8565509959010037,0,0,65.35577672733335,-0.27035515526723086,0,-0.10182464816771795,0,2026-05-03
2024-08-02,80.04000091552734,80.44999694824219,76.41999816894531,76.80999755859375,58894,-0.03407946678665952,-0.05324787182391055,-0.12056330685611283,79.09199829101563,82.75904773530506,83.0433335077195,80.67989191326467,82.19626476054226,-1.5163728472775944,31.20603214073531,88.1195869052851,77.39850856532502,0.12954569480125214,1.458631570083366,-0.5070552784008,76.87000274658203,77.29000091552734,72.970001220703125,73.5199966430664,467786,4.477857142857143,0,0,0,0,0,0,0,0,0,0,0,0,0,0,0,0,0,0,0,Fri,8,3,0,1,0,215,8,2,0.7295575540864875,0.8475409228928312,0,0,67.63131650967848,-0.27035515526723086,0,-0.10182464816771795,0,2026-05-03
2024-08-05,77.44000244140625,77.75,75.05000305175781,76.30000305175781,59442,-0.006639689142639238,-0.043619901990298526,-0.11832675936489656,78.39599914550782,82.27142878941127,82.93761928497798,80.00606285764823,81.75950463396565,-1.7534417763174162,30.137581515940077,88.03523543559908,76.50762214322347,0.14011684812090275,1.3927496977478702,-0.5804836398952616,74.20999908447266,74.45999908447266,71.66999816894531,72.94000244140625,500151,4.471,0,0,0,0,0,0,0,0,0,0,0,0,0,0,0,0,0,0,0,Mon,8,3,1,1,0,218,8,5,0.6932812268869777,0.8190148866680802,0,0,49.871315880713944,-0.27035515526723086,0,-0.10182464816771795,0,2026-05-03
2024-08-06,77.2300033569336,77.80000305175781,75.589996337890625,76.4800033569336,45238,0.0023591126864526135,-0.027343176543108916,-0.1081049171203079,77.96600036621093,81.83000037783668,82.82888915046813,79.4635921652306,81.3684304652966,-1.9048383000660039,31.035085804732507,87.88731737882904,75.77268337684433,0.14804636375470323,1.0604362889652552,-0.5716043493249906,73.86000061035156,74.55999755859375,72.19999694824219,73.19999694824219,352250,4.468,0,0,0,0,0,0,0,0,0,0,0,0,0,0,0,0,0,0,0,Tue,8,3,0,1,0,219,8,6,0.6807734094770161,0.8090169943749472,0,0,55.179554985830386,-0.27035515526723086,0,-0.10182464816771795,0,2026-05-03
2024-08-07,76.19999694824219,78.86000061035156,75.94999694824219,78.33000183105469,49730,0.02418930953084719,-0.02960851528128383,-0.0747696852969516,77.48800048828124,81.52857171921502,82.75222245473711,79.28919365228046,81.14336167757497,-1.8541680252945127,39.620569040947736,87.6242828923273,75.43286054610275,0.14953558107471698,1.1590264457532273,-0.4710767976530301,72.839996337890625,75.839996337890625,72.58000183105469,75.2300033569336,427995,4.465,0,0,0,0,0,0,0,0,0,0,0,0,0,0,0,0,0,0,0,Wed,8,3,0,1,0,220,8,7,0.6680638642135335,0.7987793728863648,0,0,59.79707688820483,-0.27035515526723086,0,-0.10182464816771795,0,2026-05-03
2024-08-08,78.4800033569336,79.37000274658203,77.62999725341797,79.160003662109375,40462,0.010596218711252714,-0.004527074901334527,-0.06958154726772092,77.41600189208984,81.24666704450335,82.68206375364274,79.2693182691772,80.99644626902196,-1.727127999844754,43.04628213388445,87.19842404851114,75.29491004049557,0.14651079780903942,0.9687761126846893,-0.39879106794084834,75.470001220703125,76.5199966430664,74.5999984741211,76.19000244140625,327301,4.462,0,0,0,0,0,0,0,0,0,0,0,0,0,0,0,0,0,0,0,Thu,8,3,0,1,0,221,8,8,0.6551563572090853,0.7883050558305253,0,0,63.65858425952854,-0.27035515526723086,0,-0.10182464816771795,0,2026-05-03
2024-08-09,79.01000213623047,79.81999969482422,78.7699966430664,79.660003662109375,32227,0.00631632108222524,0.03710462432109218,-0.06721308853876462,77.98600311279297,80.97333381289528,82.61507972838386,79.32942371424369,80.89745052036176,-1.5680268061180698,45.068190702342,86.64458479276027,75.30208283303028,0.14007700344830873,0.762955229322178,-0.3045491815923325,76.0199966430664,77.089996337890625,75.8499984741211,76.839996337890625,263007,4.4590000000000005,0,0,0,0,0,0,0,0,0,0,0,0,0,0,0,0,0,0,0,Fri,8,3,0,1,0,222,8,9,0.6420547132365637,0.7775971469736268,0,0,66.85333846664172,-0.27035515526723086,0,-0.10182464816771795,0,2026-05-03
2024-08-12,79.66999816894531,82.4000015258789,79.4800033569336,82.30000305175781,45234,0.033140839421077706,0.07863695622567568,-0.032106265632497744,79.18600311279297,80.84333401634579,82.6073019845145,79.78643592001508,81.00134330046517,-1.2149073804500858,54.29447160222862,86.24266842187488,75.4439996108167,0.13357525320361954,1.0162660076387329,-0.16865895030262748,76.98999786376953,80.160003662109375,76.69999694824219,80.05999755859375,376747,4.45,0,0,0,0,0,0,0,0,0,0,0,0,0,0,0,0,0,0,0,Mon,8,3,1,1,0,225,8,12,0.6016240632249226,0.7441039398713608,0,0,50.68872372342167,-0.27035515526723086,0,-0.10182464816771795,0,2026-05-03
2024-08-13,81.98999786376953,82.30000305175781,80.55000305175781,80.69000244140625,50485,-0.019562582632458025,0.05504705674272148,-0.04902765005922338,80.0280029296875,80.6452389671689,82.56492106119792,79.92544615407526,80.97828101460895,-1.052834860533693,48.90033991466303,85.72283950265114,75.56763843168665,0.1259243719904994,1.050567058578712,-0.061362247676640946,79.73999786376953,80.1500015258789,78.160003662109375,78.3499984741211,370763,4.448285714285714,0,0,0,0,0,0,0,0,0,0,0,0,0,0,0,0,0,0,0,Tue,8,3,0,1,0,226,8,13,0.5877852522924732,0.732494071613579,0,0,56.68838367657425,-0.27035515526723086,0,-0.10182464816771795,0,2026-05-03
2024-08-14,80.9800033569336,81.44000244140625,79.61000061035156,79.76000213623047,50327,-0.011525595204326722,0.018256099473354492,-0.047414320572511603,80.31400299072266,80.45619128999256,82.52333383711557,79.89999322825298,80.88803813472907,-0.988044906476091,46.05407245632072,85.34347047962306,75.56891210036206,0.12148920080034667,1.057203296368575,0.04560488187349522,78.7300033569336,79.0999984741211,76.83000183105469,76.9800033569336,357636,4.446571428571429,0,0,0,0,0,0,0,0,0,0,0,0,0,0,0,0,0,0,0,Wed,8,3,0,1,0,227,8,14,0.5737722679043246,0.7206671495538615,0,0,61.29907677270483,-0.27035515526723086,0,-0.10182464816771795,0,2026-05-03
2024-08-15,79.98999786376953,81.410003662109375,79.6500015258789,81.04000091552734,33165,0.01604812869877592,0.023749332572578608,-0.04748473000211806,80.69000244140625,80.26381029401507,82.4961909945049,80.07537902629518,80.89929463701043,-0.8239156107152468,50.33851823349867,84.68221452509958,75.84540606293056,0.11009704659919366,0.7129130445997884,0.15973663330077953,77.5199966430664,78.5999984741211,76.93000030517578,78.160003662109375,195122,4.444857142857143,0,0,0,0,0,0,0,0,0,0,0,0,0,0,0,0,0,0,0,Thu,8,3,0,1,0,228,8,15,0.5595892624101765,0.70862667826446,0,0,65.2447853414644,-0.27035515526723086,0,-0.10182464816771795,0,2026-05-03
2024-08-16,80.95999908447266,81,78.63999938964844,79.68000030517578,33753,-0.016781843472202906,2.510248825899897e-4,-0.06379979163712235,80.69400177001953,80.00523885091145,82.43920692564949,80.01455153073834,80.80897653835602,-0.7944250076176758,46.14503246758345,83.8278743358166,76.1826033660063,0.09555962933948793,0.7670038153628003,0.19090136852893044,78.160003662109375,78.160003662109375,75.54000091552734,76.6500015258789,100810,4.443142857142857,0,0,0,0,0,0,0,0,0,0,0,0,0,0,0,0,0,0,0,Fri,8,3,0,1,0,229,8,16,0.545240438540651,0.6963762255968726,0,0,68.12912866186308,-0.27035515526723086,0,-0.10182464816771795,0,2026-05-03
2024-08-19,79.6500015258789,79.75,77.5,77.660003662109375,45853,-0.025351363395203164,-0.05637909134378016,-0.06014757057374842,79.76600189208985,79.76857248942058,82.33888947017608,79.65231339710311,80.57571928826368,-0.92340589116057,40.71915777111491,83.52349596058905,76.01364901825211,0.09414543482438449,1.075165191781914,0.1268793294717955,76.58000183105469,76.87000274658203,74.16999816894531,74.37000274658203,118172,4.438,0,0,0,0,0,0,0,0,0,0,0,0,0,0,0,0,0,0,0,Mon,8,3,1,1,0,232,8,19,0.5012418134457758,0.6584015846980489,0,0,50.41016750092885,-0.27035515526723086,0,-0.10182464816771795,0,2026-05-03
2024-08-20,77.73999786376953,78.339996337890625,76.54000091552734,77.19999694824219,39162,-0.005923341387783498,-0.04325201868345907,-0.06310685050173914,79.06800079345703,79.52095322381882,82.23555610293434,79.2750339434322,80.32566578159542,-1.0506318381632127,39.57786932570635,83.2326318627595,75.80927458487814,0.09335095942559521,0.9315458208649898,0.1228791792314106,74.339996337890625,75.029998779296875,73.5,74.04000091552734,329276,4.439142857142857,0,0,0,0,0,0,0,0,0,0,0,0,0,0,0,0,0,0,0,Tue,8,3,0,1,0,233,8,20,0.48627270710869003,0.64534811322955,0,0,55.765470948736116,-0.27035515526723086,0,-0.10182464816771795,0,2026-05-03
2024-08-21,77.08000183105469,78.19999694824219,75.6500015258789,76.05000305175781,45081,-0.014896294584770153,-0.046514530906555884,-0.06122699609526827,78.3260009765625,79.28476279122489,82.12714349655877,78.77887534471307,80.00895002382967,-1.2300746791165977,36.800899764558736,83.22282108682671,75.34670449562307,0.09933959961440858,1.0843321330899172,0.06193401630108059,73.12000274658203,74.160003662109375,71.45999908447266,71.93000030517578,390527,4.440285714285714,0,0,0,0,0,0,0,0,0,0,0,0,0,0,0,0,0,0,0,Wed,8,3,0,1,0,234,8,21,0.4711595076738638,0.6321034111873488,0,0,59.813682547660584,-0.27035515526723086,0,-0.10182464816771795,0,2026-05-03
2024-08-22,76.160003662109375,77.69999694824219,75.779998779296875,77.220001220703125,33822,0.015384590690272981,-0.04713721189127362,-0.05495040893499126,77.56200103759765,79.070953369140625,82.05285777742901,78.53904855640384,79.80236122359808,-1.263312667194242,41.312577542864176,82.94298077385761,75.19892596442364,0.09793804778451404,0.8267234404523,-0.0396705375922921,71.93000030517578,73.5199966430664,71.58000183105469,73.01000213623047,334117,4.441428571428571,0,0,0,0,0,0,0,0,0,0,0,0,0,0,0,0,0,0,0,Thu,8,3,0,1,0,235,8,22,0.4559066935084588,0.61867140326250325,0,0,63.29066404288944,-0.27035515526723086,0,-0.10182464816771795,0,2026-05-03
2024-08-23,77.12000274658203,79.26000213623047,77.05000305175781,79.0199966430664,19275,0.023309963661081845,-0.008283178458603824,-0.040670219640785876,77.43000030517578,78.91142926897321,82.01571485731337,78.61304056973654,79.74440829170685,-1.1313677219703067,47.51975210986146,82.47646627294144,75.34639226500498,0.09035540319049697,0.4865495245571832,-0.10846187046596091,72.95999908447266,75.06999969482422,72.83000183105469,74.83000183105469,313764,4.442571428571428,0,0,0,0,0,0,0,0,0,0,0,0,0,0,0,0,0,0,0,Fri,8,3,0,1,0,236,8,23,0.440518784350495,0.6050560696488494,0,0,66.4406452429005,-0.27035515526723086,0,-0.10182464816771795,0,2026-05-03
2024-08-26,79.31999969482422,81.58000183105469,79.23999786376953,81.43000030517578,25997,0.030498655587083423,0.04854489396458539,0.0036978067535331505,78.18399963378906,78.92571512858073,82.0047624376085,79.04641899057334,79.8692669593712,-0.8228479687978592,54.46413279871866,82.53027653212568,75.32115372503578,0.09134060800520154,0.689721956913934,-0.11441789564195684,75.0999984741211,77.5999984741211,75.04000091552734,77.41999816894531,409675,4.446,0,0,0,0,0,0,0,0,0,0,0,0,0,0,0,0,0,0,0,Mon,8,3,1,1,0,239,8,26,0.39359027665646673,0.5631507242749189,0,0,50.313161694956015,-0.27035515526723086,0,-0.10182464816771795,0,2026-05-03
2024-08-27,81.220001220703125,81.56999969482422,79.4800033569336,79.55000305175781,21261,-0.02308728044175723,0.03044049477218458,-0.0028828745432213365,78.65400085449218,78.91476295107887,81.93063548254588,79.1238934615248,79.84561778102946,-0.7217243195046592,49.01541266007108,82.50980760895841,75.31971829319933,0.09111209419986965,0.6114824444342184,-0.13485739571707678,77.19999694824219,77.4800033569336,75.4000015258789,75.529998779296875,331162,4.457285714285714,0,0,0,0,0,0,0,0,0,0,0,0,0,0,0,0,0,0,0,Tue,8,3,0,1,0,240,8,27,0.3777079652039649,0.5488429582847199,0,0,56.166245835774575,-0.27035515526723086,0,-0.10182464816771795,0,2026-05-03
2024-08-28,79.839996337890625,80.01000213623047,77.93000030517578,78.6500015258789,16512,-0.011313657967974344,0.03418801275197314,2.5441018898253454e-4,79.1740005493164,78.91571553548177,81.85206410241506,79.05098700988697,79.75705361398127,-0.7060666040943033,46.61134725343175,82.51045387129128,75.32097719967226,0.09110323112240572,0.5260592390109627,-0.1590111701043107,75.75,75.94999694824219,73.81999969482422,74.5199966430664,337361,4.468571428571429,0,0,0,0,0,0,0,0,0,0,0,0,0,0,0,0,0,0,0,Wed,8,3,0,1,0,241,8,28,0.36171373072976765,0.5343725582809785,0,0,60.66359276423977,-0.27035515526723086,0,-0.10182464816771795,0,2026-05-03
2024-08-29,78.36000061035156,80.79000091552734,78.11000061035156,79.94000244140625,9726,0.01640179136046016,0.035224050475330504,-0.00966301743683351,79.71800079345704,78.87857273646763,81.82158794100323,79.18775861473608,79.77060537897572,-0.5828467642396333,50.368850833663835,82.41058247622078,75.34656299671448,0.08955561991603353,0.33486892391596257,-0.12758249136117933,74.41999816894531,76.910003662109375,74.05000305175781,75.910003662109375,408147,4.479857142857143,0,0,0,0,0,0,0,0,0,0,0,0,0,0,0,0,0,0,0,Thu,8,3,0,1,0,242,8,29,0.3456123126707335,0.5197438121555157,0,0,64.52032693799333,-0.27035515526723086,0,-0.10182464816771795,0,2026-05-03
2024-08-30,79.5199966430664,80.5,78.5999984741211,78.80000305175781,50268,-0.014260687450992071,-0.0027840243059273906,-0.0090542457457633,79.67400207519532,78.8442873273577,81.77682604108539,79.12810391273942,79.69870891029291,-0.5706049975534881,47.20689935588911,82.36410343906354,75.32447121565187,0.08928525403728309,1.6376235107848982,-0.04292304070441417,75.87000274658203,76.589996337890625,73.36000061035156,73.55000305175781,427273,4.491142857142857,0,0,0,0,0,0,0,0,0,0,0,0,0,0,0,0,0,0,0,Fri,8,3,0,1,0,243,8,30,0.3294084822245304,0.5049610547215202,0,0,67.3746609712637,-0.27035515526723086,0,-0.10182464816771795,0,2026-05-03
2024-09-03,76.88999938964844,77.61000061035156,73.5199966430664,73.75,70646,-0.06408633066220626,-0.09431413823398493,-0.03983853216841282,78.13800201416015,78.69857315790085,81.70365142822266,78.30070331077951,79.25806380582677,-0.9573604950472543,36.32758759247789,82.78055970390291,74.6165866118988,0.10373724407460239,2.129495101733233,-0.14024171934023225,73.529998779296875,74.410003662109375,70.0999984741211,70.339996337890625,546617,4.531428571428572,0,0,0,0,0,0,0,0,0,0,0,0,0,0,0,0,0,0,0,Tue,9,3,0,0,0,247,9,3,0.26366549272800704,0.4443781781046134,1,0,42.21115590632776,-0.27035515526723086,0,-0.10182464816771795,0,2026-05-03
2024-09-04,73.68000030517578,74.79000091552734,72.3499984741211,72.69999694824219,56979,-0.014237329515360164,-0.08610943860126297,-0.047182253729053936,76.76800079345703,78.52714429582868,81.62714349655877,77.43905617808146,78.77228107563532,-1.3332248975538619,34.54494587001014,83.27952693715567,73.77476165450169,0.121037959139931,1.6299879565290776,-0.26771433065226036,70.279998779296875,71.45999908447266,68.81999969482422,69.19999694824219,482025,4.537857142857143,0,0,0,0,0,0,0,0,0,0,0,0,0,0,0,0,0,0,0,Wed,9,3,0,0,0,248,9,4,0.24702218048093552,0.4288919379124841,1,0,48.295779465837605,-0.27035515526723086,0,-0.10182464816771795,0,2026-05-03
2024-09-05,72.62000274658203,74.18000030517578,72.36000061035156,72.69000244140625,47879,-1.374760282735199e-4,-0.07577875357715769,-0.0495554491262159,75.5760009765625,78.34666806175595,81.53634982638889,76.70843252628528,78.32174191754427,-1.6133093912589942,34.52757789788305,83.67814323773706,73.01519288577484,0.1360996021369698,1.358789891163992,-0.3222417475103043,69.2699966430664,70.81999969482422,68.75,69.1500015258789,405596,4.5442857142857145,0,0,0,0,0,0,0,0,0,0,0,0,0,0,0,0,0,0,0,Thu,9,3,0,0,0,249,9,5,0.23030567023061221,0.41327860778290443,1,0,53.15907764205926,-0.27035515526723086,0,-0.10182464816771795,0,2026-05-03
2024-09-06,72.8499984741211,73.5199966430664,70.62000274658203,71.05999755859375,36035,-0.02242405871600306,-0.11108337017279046,-0.09281251247946065,73.8,78.00047738211495,81.3965084741986,75.83944253125581,77.78383492799237,-1.9443923967365606,31.72606263050262,84.20856274394505,71.79239202028485,0.15918070171333537,1.0162785057166546,-0.431472627409216,69.33000183105469,70.12999725341797,67.16999816894531,67.66999816894531,351074,4.550714285714286,0,0,0,0,0,0,0,0,0,0,0,0,0,0,0,0,0,0,0,Fri,9,3,0,0,0,250,9,6,0.21352091543979612,0.3975428142825566,1,0,56.723212499852586,-0.27035515526723086,0,-0.10182464816771795,0,2026-05-03
2024-09-09,71.5199966430664,72.220001220703125,70.6500015258789,71.839996337890625,35995,0.01097662265825039,-0.08832495487716774,-0.09247103316801053,72.40799865722656,77.6519056047712,81.27301630898127,75.22414311689194,77.34355058798484,-2.1194074710928987,34.466258119766216,84.38625185125903,70.91755935828337,0.173449606781422,0.9694369482194893,-0.5471210018619088,68.12999725341797,68.95999908447266,67.30999755859375,68.70999908447266,351074,4.57,0,0,0,0,0,0,0,0,0,0,0,0,0,0,0,0,0,0,0,Mon,9,3,1,0,0,253,9,9,0.16280701293851715,0.34964745525122826,1,0,43.39944810482581,-0.27035515526723086,0,-0.10182464816771795,0,2026-05-03
2024-09-10,71.9000015258789,72.26000213623047,68.69000244140625,69.19000244140625,47963,-0.0368874447601647,-0.061830475370762694,-0.13143360205095278,71.49599914550781,77.15333411807106,81.07555607386998,74.29581378220183,76.73958405860864,-2.443770276406809,30.053082101588938,84.75739093140228,69.54927730473983,0.19711544290994376,1.219613287765979,-0.7280660943670605,68.779998779296875,69.08000183105469,65.2699966430664,65.75,442855,4.579142857142857,0,0,0,0,0,0,0,0,0,0,0,0,0,0,0,0,0,0,0,Tue,9,3,0,0,0,254,9,10,0.1457991969198751,0.33346877891818705,1,0,48.5426455885871,-0.27035515526723086,0,-0.10182464816771795,0,2026-05-03
2024-09-11,69.68000030517578,71.08000183105469,69.01000213623047,70.61000061035156,42995,0.020523169805461983,-0.02874823143910954,-0.1420413366698723,71.07799987792968,76.59666733514695,80.89603230309865,73.72876560191717,76.28554084021924,-2.556775238302066,34.865834929765455,84.32878187556449,68.8645527947294,0.20189166994918598,1.0360290892968158,-0.8711429302509035,66.279998779296875,67.970001220703125,65.62999725341797,67.30999755859375,393311,4.588285714285715,0,0,0,0,0,0,0,0,0,0,0,0,0,0,0,0,0,0,0,Wed,9,3,0,0,0,255,9,11,0.12874817745258132,0.31719128858910595,1,0,52.945988141181566,-0.27035515526723086,0,-0.10182464816771795,0,2026-05-03
2024-09-12,70.720001220703125,72.86000061035156,70.589996337890625,71.970001220703125,42690,0.019260736419710156,-0.009905092812226846,-0.10806792609822058,70.93399963378906,76.18142918178013,80.72730218796502,73.45818646634578,75.9658712387736,-2.5076847724278224,39.18195421317277,83.92685036037136,68.4360080031889,0.2033414511063979,0.9676410321504343,-0.9128791389884546,67.38999938964844,69.80999755859375,67.23999786376953,68.970001220703125,351976,4.597428571428572,0,0,0,0,0,0,0,0,0,0,0,0,0,0,0,0,0,0,0,Thu,9,3,0,0,0,256,9,12,0.11165900712169512,0.300819807635668,1,0,56.74101606078666,-0.27035515526723086,0,-0.10182464816771795,0,2026-05-03
2024-09-13,72.37000274658203,73.2300033569336,71.4800033569336,71.61000061035156,34281,-0.0050020925975474695,0.007739981292629539,-0.10218156102802833,71.04400024414062,75.79333387102399,80.55047680082775,73.17385018080822,75.64321415518678,-2.4693639743785667,38.455526889159046,83.60213075130393,67.98453699074405,0.2060549782271886,0.7360686748359031,-0.8824836479438563,69.30999755859375,70.31999969482422,68.470001220703125,68.6500015258789,308983,4.606571428571429,0,0,0,0,0,0,0,0,0,0,0,0,0,0,0,0,0,0,0,Fri,9,3,0,0,0,257,9,13,0.09453674981719912,0.2843591872810036,1,0,59.70101669245238,-0.27035515526723086,0,-0.10182464816771795,0,2026-05-03
2024-09-16,72.0199966430664,73.37999725341797,71.5199966430664,72.75,36417,0.015919555647701644,0.012667089483541893,-0.10229517302410307,71.2260009765625,75.39857192266555,80.39381009056454,73.10864246068388,75.42890199554331,-2.3202595348594315,42.11531401805015,82.9264977013736,67.8706461439575,0.19968351088742792,0.8058997964061255,-0.7074946644541988,69.160003662109375,70.69999694824219,68.6500015258789,70.089996337890625,295176,4.634,0,0,0,0,0,0,0,0,0,0,0,0,0,0,0,0,0,0,0,Mon,9,3,1,0,0,260,9,16,0.04302223300453059,0.23449138957041052,1,0,45.100759714752726,-0.27035515526723086,0,-0.10182464816771795,0,2026-05-03
2024-09-17,73.01000213623047,74.2699966430664,72.16999816894531,73.69999694824219,38565,0.01305837729542536,0.06518274819624748,-0.07505024264595983,72.12799987792968,75.11380985804966,80.22634972466363,73.1996200741544,75.30083495500249,-2.10121488084809,45.04791654908666,82.4103841569317,67.81723555916763,0.19428050082058482,0.9186539272366061,-0.5291869949508513,70.5,71.91999816894531,69.61000061035156,71.19000244140625,251629,4.630142857142857,0,0,0,0,0,0,0,0,0,0,0,0,0,0,0,0,0,0,0,Tue,9,3,0,0,0,261,9,17,0.02581844022713308,0.21772323039653224,1,0,50.80971534563911,-0.27035515526723086,0,-0.10182464816771795,0,2026-05-03
2024-09-18,73.68000030517578,74.089996337890625,72.30999755859375,73.6500015258789,35693,-6.783639678898945e-4,0.04305340446465977,-0.05163535857759638,72.73600006103516,74.92285737537202,80.04095289442274,73.26890952826587,75.17855099728963,-1.909641469023768,44.918939708376506,82.14911359249544,67.6966011582486,0.19289857515495057,0.895654595960483,-0.3562638335175612,71.13999938964844,71.4800033569336,69.7300033569336,70.910003662109375,102907,4.626285714285714,0,0,0,0,0,0,0,0,0,0,0,0,0,0,0,0,0,0,0,Wed,9,3,0,0,0,262,9,18,0.008606996888688698,0.20089055513063528,1,0,55.36846334711639,-0.27035515526723086,0,-0.10182464816771795,0,2026-05-03
2024-09-19,72.9000015258789,75.19000244140625,72.87999725341797,74.87999725341797,36126,0.01670055264162995,0.04043345815419741,-0.03005181070641283,73.31799926757813,74.81238119942802,79.86904810345362,73.51676917828927,75.15643590515099,-1.6396667268617193,48.80261447301576,81.96296246585415,67.66179993300189,0.19116037083126022,0.9340676388457958,-0.0836924123240064,70.12999725341797,72.48999786376953,70.12999725341797,71.94999694824219,86630,4.622428571428571,0,0,0,0,0,0,0,0,0,0,0,0,0,0,0,0,0,0,0,Thu,9,3,0,0,0,263,9,19,0,0.18399835165767986,1,0,59.26134917333194,-0.27035515526723086,0,-0.10182464816771795,0,2026-05-03
2024-09-20,74.87999725341797,75.01000213623047,74,74.48999786376953,27358,-0.005208325373311062,0.04021780797194485,-0.020512887907796373,73.89399871826171,74.73809523809524,79.6984131828187,73.66649666836315,75.10707012430791,-1.440573455944758,47.65526309705952,81.8670558764982,67.60913459969228,0.19077180427711005,0.7235977285410875,0.16239555275046988,72.0999984741211,72.4000015258789,71.36000061035156,71.91999816894531,306997,4.618571428571429,0,0,0,0,0,0,0,0,0,0,0,0,0,0,0,0,0,0,0,Fri,9,3,0,0,0,264,9,20,0,0.1670516255021195,1,0,62.29905434156029,-0.27035515526723086,0,-0.10182464816771795,0,2026-05-03
2024-09-23,74.76000213623047,75.160003662109375,73.11000061035156,73.9000015258789,29116,-0.007920477309848128,0.015807581111737523,-0.04299403836235771,74.1239990234375,74.58000001453217,79.50619095090836,73.70242049259635,75.0176576355354,-1.3152371429390541,45.89729685053859,81.62454494787546,67.53545508118889,0.18891244118988026,0.7843665477742696,0.2440879402579815,71.30999755859375,71.80999755859375,69.48999786376953,70.37000274658203,338267,4.607,0,0,0,0,0,0,0,0,0,0,0,0,0,0,0,0,0,0,0,Mon,9,3,1,0,0,267,9,23,0,0.11593459959550066,1,0,46.814706617850234,-0.27035515526723086,0,-0.10182464816771795,0,2026-05-03
2024-09-24,74.279998779296875,75.87000274658203,73.970001220703125,75.16999816894531,31341,0.01718533987609816,0.01994574330492127,-0.048721825331270896,74.417999267578125,74.39666675385975,79.3500004117451,73.92820167357311,75.02894211949169,-1.100740445918575,50.15937203571023,81.15028447440677,67.64304903331272,0.1815569975168718,0.8838858148467774,0.32679111354953516,70.76000213623047,72.4000015258789,70.44000244140625,71.55999755859375,318516,4.5967142857142855,0,0,0,0,0,0,0,0,0,0,0,0,0,0,0,0,0,0,0,Tue,9,3,0,0,0,268,9,24,0,0.09882013873287211,1,0,52.48840874727818,-0.27035515526723086,0,-0.10182464816771795,0,2026-05-03
2024-09-25,75.12999725341797,75.31999969482422,73.04000091552734,73.45999908447266,31571,-0.022748425251114313,-0.002579802273859899,-0.0978754904928637,74.37999877929687,74.01714288620721,79.16285754007006,73.8561705060192,74.91272411689769,-1.0565536108784954,45.01707240400366,79.95753885561471,68.0767469167997,0.16051405762960008,0.9200135214682449,0.34945053268264825,71.54000091552734,71.720001220703125,69.2300033569336,69.69000244140625,476237,4.586428571428572,0,0,0,0,0,0,0,0,0,0,0,0,0,0,0,0,0,0,0,Wed,9,3,0,0,0,269,9,25,0,0.08167639533042288,1,0,56.68414182234915,-0.27035515526723086,0,-0.10182464816771795,0,2026-05-03
2024-09-26,73.470001220703125,73.7699966430664,70.7699966430664,71.5999984741211,18234,-0.025319910611661167,-0.043803404107992994,-0.09993720015905205,73.7239990234375,73.63857123965309,78.92809562077598,73.50906711649641,74.66733703224757,-1.1582699157511627,40.19058172026522,79.09131221169712,68.18583026760906,0.14809469766322192,0.5721332153547828,0.26184605189732235,69.88999938964844,70.01000213623047,66.94999694824219,67.66999816894531,478069,4.576142857142857,0,0,0,0,0,0,0,0,0,0,0,0,0,0,0,0,0,0,0,Thu,9,3,0,0,0,270,9,26,0,0.06450844944931625,1,0,59.665283732180654,-0.27035515526723086,0,-0.10182464816771795,0,2026-05-03
2024-09-27,71.23999786376953,72.36000061035156,70.93000030517578,71.9800033569336,7872,0.005307330878643102,-0.033695725316388425,-0.0848060780615576,73.22200012207031,73.32095227922711,78.6990479968843,73.27382653810213,74.46827527852061,-1.1944487404184798,41.568929592362146,78.30452161383984,68.33738294461439,0.13593847814834345,0.26931879997126174,0.20843946855146586,67.44999694824219,68.6500015258789,67.05999755859375,68.18000030517578,341133,4.565857142857143,0,0,0,0,0,0,0,0,0,0,0,0,0,0,0,0,0,0,0,Fri,9,3,0,0,0,271,9,27,0,0.04732138832243232,1,0,62.129940567087864,-0.27035515526723086,0,-0.10182464816771795,0,2026-05-03
2024-09-30,71.839996337890625,73.0999984741211,71.38999938964844,71.7699966430664,41928,-0.0029175702149638605,-0.028822798901656288,-0.10220172065078714,72.7959991455078,72.93190438406808,78.46365114242312,73.04246809271201,74.26840278700548,-1.2259346942934712,41.00649682278018,76.9217648162405,68.94204395189566,0.10941330727253032,1.407905870975541,0.06105484176468014,68.62999725341797,69.31999969482422,67.56999969482422,68.16999816894531,350115,4.535,0,0,0,0,0,0,0,0,0,0,0,0,0,0,0,0,0,0,0,Mon,9,3,1,0,0,274,9,30,0,0,1,0,46.16439857024647,-0.27035515526723086,0,-0.10182464816771795,0,2026-05-03
2024-10-01,72,75.44999694824219,69.910003662109375,73.55999755859375,90111,0.024940796979962876,-0.021418127571761647,-0.06649752906382878,72.4739990234375,72.68238031296502,78.26238129630921,73.12208801053997,74.21592832564166,-1.0938403151016871,47.52381316849278,75.6571859503122,69.70757467561785,0.08185768337629776,2.5793902962644912,2.8559087396777815e-4,68.410003662109375,71.94000244140625,66.33000183105469,69.83000183105469,668216,4.534,0,0,0,0,0,0,0,0,0,0,0,0,0,0,0,0,0,0,0,Tue,10,4,0,0,0,275,10,1,0,0,1,0,51.65165462983965,-0.27035515526723086,0,-0.10182464816771795,0,2026-05-03
2024-10-02,74.4000015258789,76.12999725341797,73.589996337890625,73.9000015258789,53911,0.0046221313019256804,0.005989687542743871,0.002033918994968298,72.56199951171875,72.68952324276879,78.0490480453249,73.24176701289981,74.19252634047405,-0.9507593275742323,48.68349042350853,75.67579386250793,69.70325262302964,0.08216509027760673,1.4666945980063553,-0.018901095547520626,70.80000305175781,72.48999786376953,69.87000274658203,70.0999984741211,429225,4.533,0,0,0,0,0,0,0,0,0,0,0,0,0,0,0,0,0,0,0,Wed,10,4,0,0,0,276,10,2,0,0,1,0,56.10744948709958,-0.27035515526723086,0,-0.10182464816771795,0,2026-05-03
2024-10-03,74.7300033569336,77.970001220703125,74.30999755859375,77.62000274658203,68997,0.05033831047216464,0.08407827375355037,0.0676754608647725,73.76600036621093,72.92380923316593,77.90746077280195,73.91534174115861,74.44641348166724,-0.5310717405086223,59.28510420034868,76.60473007120031,69.24288839513154,0.10095251130573936,1.723033970217686,0.047846297379376374,70.9800033569336,74.089996337890625,70.5199966430664,73.70999908447266,460554,4.532,0,0,0,0,0,0,0,0,0,0,0,0,0,0,0,0,0,0,0,Thu,10,4,0,0,0,277,10,3,0,0,1,0,60.42047957690188,-0.27035515526723086,0,-0.10182464816771795,0,2026-05-03
2024-10-04,77.98999786376953,79.30000305175781,77.38999938964844,78.05000305175781,57481,0.005539813063131005,0.08432897209971468,0.0737377965377306,74.98000030517578,73.17904735746838,77.78523859902033,74.5514434812508,74.71334604241468,-0.16190256116388468,60.30592823075817,77.48255783212112,68.87553688281564,0.11761591958503514,1.335022598371431,0.13804421896462676,73.94999694824219,75.56999969482422,73.45999908447266,74.37999725341797,428815,4.531,0,0,0,0,0,0,0,0,0,0,0,0,0,0,0,0,0,0,0,Fri,10,4,0,0,0,278,10,4,0,0,1,0,63.95837457054563,-0.27035515526723086,0,-0.10182464816771795,0,2026-05-03
2024-10-07,78.01000213623047,81.160003662109375,77.26000213623047,80.93000030517578,55050,0.03689938681370886,0.12762998593499741,0.13889675043182415,76.81200103759765,73.64904748825799,77.72603219652933,75.5327599157008,75.17383895076736,0.3589209649334322,66.38501653964698,79.00720032282524,68.29089465369074,0.14550501377282604,1.2059251340647017,0.3185496403620785,74.4000015258789,77.4000015258789,73.62000274658203,77.13999938964844,419018,4.528,0,0,0,0,0,0,0,0,0,0,0,0,0,0,0,0,0,0,0,Mon,10,4,1,0,0,281,10,7,0,0,1,0,48.94791774948034,-0.27035515526723086,0,-0.10182464816771795,0,2026-05-03
2024-10-08,81.160003662109375,82.08000183105469,76.37000274658203,77.18000030517578,66184,-0.046336339872226295,0.04921156697563167,0.07433190756537766,77.53600158691407,73.90333339146206,77.6006353469122,75.78618151408156,75.32244349553835,0.46373801854321073,54.649040360591144,79.40580707139229,68.40085971153182,0.14891002685315752,1.3470129584665578,0.3584837693434496,77.33000183105469,78.45999908447266,72.69000244140625,73.56999969482422,496760,4.530857142857142,0,0,0,0,0,0,0,0,0,0,0,0,0,0,0,0,0,0,0,Tue,10,4,0,0,0,282,10,8,0,0,1,0,54.60081349413071,-0.27035515526723086,0,-0.10182464816771795,0,2026-05-03
2024-10-09,77.5199966430664,78.0199966430664,75.1500015258789,76.58000183105469,46931,-0.007774014922889982,0.036265226655472826,0.10680732951132188,78.07200164794922,74.25523812430245,77.46063535175627,75.9083077166928,75.41559596483586,0.4927117518569446,53.03355346062667,79.42698004596632,69.08349620263859,0.13929635275039928,0.9262106299795342,0.4063079163268363,73.839996337890625,74.44999694824219,71.529998779296875,73.23999786376953,401159,4.533714285714286,0,0,0,0,0,0,0,0,0,0,0,0,0,0,0,0,0,0,0,Wed,10,4,0,0,0,283,10,9,0,0,1,0,59.00210637354211,-0.27035515526723086,0,-0.10182464816771795,0,2026-05-03
2024-10-10,76.75,79.720001220703125,76.73999786376953,79.4000015258789,43562,0.03682423122743583,0.022932217422206413,0.12448662851645276,78.4280014038086,74.67380959647042,77.37127031598773,76.44549137964452,75.71073711750572,0.7347542621388072,59.14629395537567,80.02612055199221,69.32149864094863,0.14335175838610953,0.8187930311807484,0.5143738128326741,73.38999938964844,76.23999786376953,73.26000213623047,75.8499984741211,321453,4.5365714285714285,0,0,0,0,0,0,0,0,0,0,0,0,0,0,0,0,0,0,0,Thu,10,4,0,0,0,284,10,10,0,0,1,0,63.09010096001603,-0.27035515526723086,0,-0.10182464816771795,0,2026-05-03
2024-10-11,79.2300033569336,79.48999786376953,78.05000305175781,79.04000091552734,44341,-0.004534012637697815,0.012684148943761464,0.09823536994453241,78.6260009765625,75.01047624860492,77.27904813251799,76.84464669285725,75.9573492506925,0.8872974421647513,58.10658339445286,80.53512966030203,69.4858228369078,0.14730351513532394,0.7799703076186992,0.5711211152129094,75.73999786376953,76.04000091552734,74.529998779296875,75.55999755859375,315302,4.539428571428571,0,0,0,0,0,0,0,0,0,0,0,0,0,0,0,0,0,0,0,Fri,10,4,0,0,0,285,10,11,0,0,1,0,66.28855236025952,-0.27035515526723086,0,-0.10182464816771795,0,2026-05-03
2024-10-14,78.5999984741211,78.5999984741211,75.38999938964844,77.45999908447266,35593,-0.01998990147714308,-0.04287657491187735,0.08169247904287058,77.93200073242187,75.28904760451545,77.17952425517733,76.93931629156732,76.06865664578733,0.8706596457799947,53.649131638226805,80.68193666599178,69.8961585430391,0.1432582622058006,0.6331460204461,0.6020001254238904,75.05000305175781,75.08000183105469,71.80999755859375,73.83000183105469,273455,4.548,0,0,0,0,0,0,0,0,0,0,0,0,0,0,0,0,0,0,0,Mon,10,4,1,0,0,288,10,14,0,0,1,0,49.4383667958162,-0.27035515526723086,0,-0.10182464816771795,0,2026-05-03
2024-10-15,75.20999908447266,75.62999725341797,73.33000183105469,74.25,47877,-0.04144073228005141,-0.03796320670627529,0.020618556701030855,77.34600067138672,75.36047617594402,77.0076194642082,76.52557532363389,75.93394133869197,0.5916339849419217,45.938801504505726,80.6508821429047,70.07007020898332,0.14040266822649014,0.9208408103445291,0.47472534179687537,71.51000213623047,72.12000274658203,69.70999908447266,70.58000183105469,328738,4.544714285714286,0,0,0,0,0,0,0,0,0,0,0,0,0,0,0,0,0,0,0,Tue,10,4,0,0,0,289,10,15,0,0,1,0,54.3989805409011,-0.27035515526723086,0,-0.10182464816771795,0,2026-05-03
2024-10-16,74.720001220703125,74.91999816894531,73.41999816894531,74.220001220703125,40980,-4.0402396359429105e-4,-0.030817453041565912,0.007055689199364945,76.8740005493164,75.38523828415643,76.83476233103919,76.1708716154907,75.80698281143353,0.3638888040571686,45.87245079397466,80.64779644406504,70.12268012424782,0.13961773630195262,0.8082904007132207,0.2818022172529615,70.98999786376953,71.30999755859375,69.63999938964844,70.38999938964844,222437,4.541428571428572,0,0,0,0,0,0,0,0,0,0,0,0,0,0,0,0,0,0,0,Wed,10,4,0,0,0,290,10,16,0,0,1,0,58.364599684493584,-0.27035515526723086,0,-0.10182464816771795,0,2026-05-03
2024-10-17,74.5,74.910003662109375,73.25,74.44999694824219,36901,0.003098837560715495,-0.06234262572430005,0.010862123635967391,75.88399963378906,75.42333330426898,76.70492105635385,75.90612166668323,75.70646534008603,0.1996563265972071,46.5103274742357,80.64455434612353,70.20211226241443,0.13845108173067247,0.7770267424720994,0.09646153712010595,70.68000030517578,71.11000061035156,69.44000244140625,70.66999816894531,188161,4.538142857142858,0,0,0,0,0,0,0,0,0,0,0,0,0,0,0,0,0,0,0,Thu,10,4,0,0,0,291,10,17,0,0,1,0,61.586985398107636,-0.27035515526723086,0,-0.10182464816771795,0,2026-05-03
2024-10-18,74.5199966430664,74.94000244140625,72.48999786376953,73.05999755859375,34009,-0.018670241056084502,-0.07565793633181539,-0.024305552371546635,74.68799896240235,75.33666665213448,76.55666702512711,75.46825641928484,75.51043068960512,-0.04217427032027388,43.19709132691653,80.65527839471768,70.01805490955128,0.1411958340854602,0.7533648776770603,-0.146373824234848,70.75,71.2300033569336,68.69000244140625,69.220001220703125,95768,4.534857142857143,0,0,0,0,0,0,0,0,0,0,0,0,0,0,0,0,0,0,0,Fri,10,4,0,0,0,292,10,18,0,0,1,0,63.883598614076504,-0.27035515526723086,0,-0.10182464816771795,0,2026-05-03
2024-10-21,73.13999938964844,74.55999755859375,72.80000305175781,74.29000091552734,29891,0.016835524199780183,-0.04092432489559317,-0.0026848832591988003,74.05399932861329,75.32714298793248,76.4500003390842,75.28698634178369,75.42002848411786,-0.1330421423341761,46.80807147180226,80.65283375561584,70.0014522202491,0.14140163973925185,0.7012238750648064,-0.3007255470359731,69.45999908447266,71.029998779296875,69,70.55999755859375,92584,4.525,0,0,0,0,0,0,0,0,0,0,0,0,0,0,0,0,0,0,0,Mon,10,4,1,0,0,295,10,21,0,0,1,0,47.57109453569093,-0.27035515526723086,0,-0.10182464816771795,0,2026-05-03
2024-10-22,74.13999938964844,76.31999969482422,73.56999969482422,76.04000091552734,36505,0.023556332998162954,0.02410775643807872,0.028958042563761444,74.41199951171875,75.42904772077289,76.36000036814856,75.40283473774426,75.46595236792596,-0.0631176301817078,51.52925274663709,80.72184033660587,70.1362551049399,0.14033831198363025,0.9204720240046396,-0.3970771538032279,70.48999786376953,72.660003662109375,70.05000305175781,72.089996337890625,330456,4.514142857142858,0,0,0,0,0,0,0,0,0,0,0,0,0,0,0,0,0,0,0,Tue,10,4,0,0,0,296,10,22,0,0,1,0,53.26949319825536,-0.27035515526723086,0,-0.10182464816771795,0,2026-05-03
2024-10-23,75.6500015258789,76.01000213623047,74.44000244140625,74.95999908447266,28090,-0.0142030749349209,0.009970329447571036,-0.0027936555752027248,74.55999908447265,75.41904776436942,76.2423812624008,75.33470617570248,75.42847434692942,-0.09376817122694092,48.65888077050177,80.71468877075013,70.12340675798872,0.14043245475402436,0.7436154695313555,-0.41105514358688205,71.3499984741211,71.720001220703125,70.12999725341797,70.7699966430664,293835,4.503285714285714,0,0,0,0,0,0,0,0,0,0,0,0,0,0,0,0,0,0,0,Wed,10,4,0,0,0,297,10,23,0,0,1,0,57.60956792868228,-0.27035515526723086,0,-0.10182464816771795,0,2026-05-03
2024-10-24,75.20999908447266,76.529998779296875,74,74.37999725341797,23845,-0.007737484500247693,-9.402242806387795e-4,0.01252379771863854,74.5459991455078,75.46285720098587,76.13523840525794,75.1878278799664,75.35080937703968,-0.16298149707327525,47.14020399844127,80.70538555999238,70.22032884197935,0.13894327761917882,0.666001921615945,-0.415736456231757,71.0199966430664,72.339996337890625,69.7699966430664,70.19000244140625,286571,4.492428571428571,0,0,0,0,0,0,0,0,0,0,0,0,0,0,0,0,0,0,0,Thu,10,4,0,0,0,298,10,24,0,0,1,0,60.95762139940019,-0.27035515526723086,0,-0.10182464816771795,0,2026-05-03
2024-10-25,74.55000305175781,76.13999938964844,74.16999816894531,76.05000305175781,20056,0.022452350900874718,0.040925343458519725,0.062150903246808165,75.14400024414063,75.67476218087333,76.07603212386843,75.32047021408816,75.40260150109287,-0.08213128700471373,51.80446983778553,80.61238514239596,70.7371392193507,0.13049589636558148,0.6009342406074063,-0.2616264594780227,70.33000183105469,71.91999816894531,69.95999908447266,71.779998779296875,287189,4.481571428571429,0,0,0,0,0,0,0,0,0,0,0,0,0,0,0,0,0,0,0,Fri,10,4,0,0,0,299,10,25,0,0,1,0,63.97237403604344,-0.27035515526723086,0,-0.10182464816771795,0,2026-05-03
2024-10-28,74,74,71.16999816894531,71.41999816894531,28003,-0.060881061104776424,-0.038632423088073686,-0.0077800105844859635,74.56999969482422,75.6480952671596,75.96158769395616,74.7203975917585,75.10759384685971,-0.387196255101216,41.00223733187365,80.67477295666522,70.62141757765399,0.13289634515590512,0.858574244918858,-0.3419781527676422,68.9800033569336,69,66.91999816894531,67.37999725341797,419623,4.449,0,0,0,0,0,0,0,0,0,0,0,0,0,0,0,0,0,0,0,Mon,10,4,1,0,0,302,10,28,0,0,1,0,47.020148972112544,-0.27035515526723086,0,-0.10182464816771795,0,2026-05-03
2024-10-29,72.11000061035156,72.56999969482422,70.7300033569336,71.12000274658203,16776,-0.004200440073572009,-0.06470276314713519,-0.009056624312203776,73.58600006103515,75.61714317685082,75.80920676579551,74.16649069250057,74.81221672832062,-0.6457260358200472,40.414209025217424,80.75097794703579,70.48330840666584,0.13578494385005094,0.5685700341630063,-0.4253626226068853,68.0199966430664,68.5199966430664,66.720001220703125,67.20999908447266,291929,4.443714285714286,0,0,0,0,0,0,0,0,0,0,0,0,0,0,0,0,0,0,0,Tue,10,4,0,0,0,303,10,29,0,0,1,0,51.8288369392523,-0.27035515526723086,0,-0.10182464816771795,0,2026-05-03
2024-10-30,71.31999969482422,73.08000183105469,71.160003662109375,72.55000305175781,11034,0.02010686515678617,-0.03215042772344501,-0.013730213979839201,73.10400085449218,75.56904820033482,75.69857194688585,73.91780028623245,74.64464534487152,-0.7268450586390713,44.50012006624129,80.80179550988369,70.33630089078595,0.13848916809635523,0.41620459431933915,-0.3509229219876805,67.470001220703125,69.16999816894531,67.279998779296875,68.61000061035156,284795,4.438428571428571,0,0,0,0,0,0,0,0,0,0,0,0,0,0,0,0,0,0,0,Wed,10,4,0,0,0,304,10,30,0,0,1,0,55.965566920962196,-0.27035515526723086,0,-0.10182464816771795,0,2026-05-03
2024-10-31,72.76000213623047,73.36000061035156,72.37000274658203,73.160003662109375,36772,0.00840800254572538,-0.016402173115871332,-0.010013502685928821,72.86000213623046,75.53381020682198,75.64063553583054,73.80121619021352,74.53467188688914,-0.7334556966756196,46.195032986659065,80.82342124684511,70.24419916679885,0.1400594257204674,1.3877221385684257,-0.2408129010881693,69.0999984741211,70.80999755859375,68.30000305175781,69.26000213623047,311055,4.433142857142857,0,0,0,0,0,0,0,0,0,0,0,0,0,0,0,0,0,0,0,Thu,10,4,0,0,0,305,10,31,0,0,1,0,59.39283634842476,-0.27035515526723086,0,-0.10182464816771795,0,2026-05-03
2024-11-01,74.12999725341797,74.94999694824219,72.88999938964844,73.0999984741211,32059,-8.20191156159833e-4,-0.03879032819537187,-0.05823246730894982,72.27000122070312,75.31857190813336,75.589841812376,73.69333654158392,74.42839978223967,-0.735063240655748,46.04606563755822,80.61948290495806,70.01766091130867,0.14075973196332664,1.218829719690835,-0.15865914481026666,70.44000244140625,71.44999694824219,69.31999969482422,69.48999786376953,320572,4.4278571428571425,0,0,0,0,0,0,0,0,0,0,0,0,0,0,0,0,0,0,0,Fri,11,4,0,0,1,306,11,1,0,0,0,0,62.123209398348536,-0.27035515526723086,0,-0.10182464816771795,0,2026-05-03
2024-11-04,73.7300033569336,75.38999938964844,73.7300033569336,75.08000183105469,31292,0.0270862297984118,0.051246202127470886,-0.03805254458137064,73.002001953125,75.17714327857608,75.56761956593347,73.90666966304096,74.47666660067041,-0.5699969376294547,51.59314620532577,80.32834592200166,70.0259406351505,0.13704172355518496,1.1833666122103226,-0.10659317184280474,70.29000091552734,71.80999755859375,70.25,71.470001220703125,286947,4.412,0,0,0,0,0,0,0,0,0,0,0,0,0,0,0,0,0,0,0,Mon,11,4,1,0,1,309,11,4,0,0,0,0,46.81865238762346,-0.27035515526723086,0,-0.10182464816771795,0,2026-05-03
2024-11-05,75.19999694824219,76.2300033569336,74.91999816894531,75.529998779296875,40233,0.005993566026473607,0.06200781583809456,-0.06672434827031082,73.88400115966797,74.92000034877232,75.52317507304842,74.1564126040034,74.5546912064946,-0.39827860249118885,52.781329480106976,79.3542988094255,70.48570188811914,0.11837422423946489,1.5003356205250598,-0.04630747365427655,71.62000274658203,72.66999816894531,71.29000091552734,71.98999786376953,247311,4.406571428571429,0,0,0,0,0,0,0,0,0,0,0,0,0,0,0,0,0,0,0,Tue,11,4,0,0,1,310,11,5,0,0,0,0,52.56330482773547,-0.27035515526723086,0,-0.10182464816771795,0,2026-05-03
2024-11-06,75.48999786376953,76.01000213623047,73.3499984741211,74.91999816894531,57996,-0.008076269299752248,0.032667057443081404,-0.02928222502324751,74.35800018310547,74.81238119942802,75.45587339855376,74.27388730630216,74.58175098149094,-0.3078636751887842,50.955447986521435,79.12432263874278,70.50043976011325,0.11527347132075332,1.9457435601511075,-0.0016263186276623568,72.0199966430664,72.62999725341797,69.73999786376953,71.69000244140625,388265,4.401142857142857,0,0,0,0,0,0,0,0,0,0,0,0,0,0,0,0,0,0,0,Wed,11,4,0,0,1,311,11,6,0,0,0,0,57.03594678313543,-0.27035515526723086,0,-0.10182464816771795,0,2026-05-03
2024-11-07,75.11000061035156,76.06999969482422,74.05000305175781,75.62999725341797,41262,0.009476763238456032,0.03376152908242447,-0.012405387241078314,74.85199890136718,74.76714288620721,75.39190504286024,74.48251960585844,74.65939885348553,-0.17687924762708462,52.993711929550216,79.02073505260363,70.5135507198108,0.11378239162810391,1.307899316286456,0.015450429392383735,71.87000274658203,72.87999725341797,70.660003662109375,72.36000061035156,353595,4.395714285714286,0,0,0,0,0,0,0,0,0,0,0,0,0,0,0,0,0,0,0,Thu,11,4,0,0,1,312,11,7,0,0,0,0,60.75695385711881,-0.27035515526723086,0,-0.10182464816771795,0,2026-05-03
2024-11-08,75.5199966430664,75.62000274658203,73.44000244140625,73.87000274658203,35855,-0.02327111689477679,0.010533574398548406,-0.06964733845117721,75.00599975585938,74.50380961100261,75.25809551420666,74.38828624289285,74.60092506778898,-0.21263882489613195,47.70147076372204,78.20111890708972,70.8065003149155,0.09925155009901936,1.082310539057359,0.011494479336579096,72.20999908447266,72.25,69.98999786376953,70.37999725341797,362038,4.390285714285714,0,0,0,0,0,0,0,0,0,0,0,0,0,0,0,0,0,0,0,Fri,11,4,0,0,1,313,11,8,0,0,0,0,63.38107174067114,-0.27035515526723086,0,-0.10182464816771795,0,2026-05-03
2024-11-11,73.73999786376953,74.12999725341797,71.589996337890625,71.83000183105469,33838,-0.02761609367371698,-0.04328715930659088,-0.09121962298783648,74.35599975585937,74.1604763212658,75.11746058388361,73.99470402568697,74.39567149469754,-0.4009674690105669,42.41421355381415,77.39921879151113,70.92173385102048,0.08734416581185321,1.0037464737761668,0.008791242327007337,70.25,70.55999755859375,67.91999816894531,68.04000091552734,364506,4.374,0,0,0,0,0,0,0,0,0,0,0,0,0,0,0,0,0,0,0,Mon,11,4,1,0,1,316,11,11,0,0,0,0,46.812528955730365,-0.27035515526723086,0,-0.10182464816771795,0,2026-05-03
2024-11-12,71.91999816894531,72.81999969482422,71.55999755859375,71.88999938964844,38295,8.352715726620552e-4,-0.04819276378230497,-0.07190807850062009,73.62799987792968,73.89523824055989,74.99253990536644,73.67090331245028,74.21006615358279,-0.5391628411325087,42.61566940593798,76.90316453441594,70.88731194670385,0.08141055812186401,1.0677957594887295,-0.009296744210381336,68.1500015258789,69.12999725341797,67.75,68.12000274658203,286926,4.365285714285714,0,0,0,0,0,0,0,0,0,0,0,0,0,0,0,0,0,0,0,Tue,11,4,0,0,1,317,11,12,0,0,0,0,51.82029637497936,-0.27035515526723086,0,-0.10182464816771795,0,2026-05-03
2024-11-13,71.779998779296875,72.62000274658203,70.75,72.279998779296875,43666,0.005424946348025594,-0.03523757947371031,-0.026532002972432633,73.1,73.80142865862165,74.8534922524104,73.45691799965745,74.06709819993198,-0.6101802002745274,43.98738928647618,76.88481772154189,70.7180395957014,0.0835590616323398,1.116012554055021,-0.021868326375774273,67.9800033569336,68.86000061035156,66.94000244140625,68.43000030517578,386027,4.356571428571428,0,0,0,0,0,0,0,0,0,0,0,0,0,0,0,0,0,0,0,Wed,11,4,0,0,1,318,11,13,0,0,0,0,55.90724710554478,-0.27035515526723086,0,-0.10182464816771795,0,2026-05-03
2024-11-14,71.98999786376953,73.220001220703125,71.80000305175781,72.55999755859375,32367,0.003873807194599399,-0.04059235496911873,-0.02236598807339185,72.48600006103516,73.72238086518787,74.740476335798,73.31893023949381,73.9554611153884,-0.6365308758945929,45.003828622358085,76.845557745433,70.59920398494275,0.08472805255588015,0.8366527685511408,0.03784595531421578,68.12999725341797,69.38999938964844,67.91999816894531,68.69999694824219,232270,4.347857142857142,0,0,0,0,0,0,0,0,0,0,0,0,0,0,0,0,0,0,0,Thu,11,4,0,0,1,319,11,14,0,0,0,0,59.234408635339044,-0.27035515526723086,0,-0.10182464816771795,0,2026-05-03
2024-11-15,72.43000030517578,72.470001220703125,70.839996337890625,71.04000091552734,30126,-0.020948135256467992,-0.03831056891608997,-0.0458025006379178,71.91999969482421,73.56000010172527,74.63539692712209,72.96832572811435,73.73950110058388,-0.7711753724695285,40.68738025433327,76.87310101770453,70.246899185746,0.09007887197927172,0.7826358039123996,-0.08316507863474411,68.62000274658203,68.69000244140625,66.81999969482422,67.0199966430664,205235,4.339142857142857,0,0,0,0,0,0,0,0,0,0,0,0,0,0,0,0,0,0,0,Fri,11,4,0,0,1,320,11,15,0,0,0,0,61.58619923435955,-0.27035515526723086,0,-0.10182464816771795,0,2026-05-03
2024-11-18,70.87999725341797,73.45999908447266,70.69999694824219,73.30000305175781,30425,0.031813092723883996,0.020465003246980196,0.0032850465533014184,72.21399993896485,73.57142893473308,74.57349226209853,73.01935300867488,73.70694568955972,-0.6875926808848334,48.58376442352674,76.87893679829031,70.26392107117584,0.0899128346818274,0.7921877400322342,-0.14782426435868873,66.86000061035156,69.38999938964844,66.61000061035156,69.160003662109375,110375,4.313,0,0,0,0,0,0,0,0,0,0,0,0,0,0,0,0,0,0,0,Mon,11,4,1,0,1,323,11,18,0,0,0,0,46.195634899633276,-0.27035515526723086,0,-0.10182464816771795,0,2026-05-03
2024-11-19,73.18000030517578,73.87000274658203,72.61000061035156,73.30999755859375,32668,1.363507014984222e-4,0.019752374196706057,-0.013191591665854485,72.49799957275391,73.52476210821243,74.53000011141339,73.06406755481625,73.67754212430297,-0.6134745694867263,48.616343845031935,76.81730848947008,70.23221572695478,0.08956292511118201,0.8676805720083506,-0.17463744446471519,69.01000213623047,69.69000244140625,68.44999694824219,69.38999938964844,89360,4.314,0,0,0,0,0,0,0,0,0,0,0,0,0,0,0,0,0,0,0,Tue,11,4,0,0,1,324,11,19,0,0,0,0,51.622584866508085,-0.27035515526723086,0,-0.10182464816771795,0,2026-05-03
2024-11-20,73.339996337890625,73.94000244140625,72.69999694824219,72.80999755859375,26041,-0.006820352157294374,0.007332578697395897,-0.04247768698111665,72.60399932861328,73.37095242454892,74.46000005328466,73.02497986308971,73.61327956388007,-0.5882997007903583,47.01147235079399,76.46585031212683,70.276054536971,0.08436302883652916,0.7558127722809634,-0.19896706381996954,69.55000305175781,70.1500015258789,68.75,68.87000274658203,235637,4.3149999999999995,0,0,0,0,0,0,0,0,0,0,0,0,0,0,0,0,0,0,0,Wed,11,4,0,0,1,325,11,20,0,0,0,0,55.86055147489546,-0.27035515526723086,0,-0.10182464816771795,0,2026-05-03
2024-11-21,73.12000274658203,74.37000274658203,72.910003662109375,74.2300033569336,35756,0.01950289583785647,0.023015516187018692,-0.009738470336911664,72.93800048828125,73.33619072323754,74.38396841382223,73.21036809291185,73.65896280780997,-0.4485947148981211,51.87075146992303,76.37196041134789,70.30042103512719,0.08279049288412046,1.054634154974236,-0.18316479358044377,69.04000091552734,70.37999725341797,68.86000061035156,70.0999984741211,283850,4.316,0,0,0,0,0,0,0,0,0,0,0,0,0,0,0,0,0,0,0,Thu,11,4,0,0,1,326,11,21,0,0,0,0,59.53643402693302,-0.27035515526723086,0,-0.10182464816771795,0,2026-05-03
2024-11-22,74.29000091552734,75.41999816894531,73.51000213623047,75.16999816894531,29569,0.012663273198194158,0.05813622184955891,0.010621147414616727,73.76399993896484,73.373809814453125,74.28460330054874,73.51184964307085,73.77089135307926,-0.25904171000841814,54.824113579064935,76.48260657703611,70.26501305187014,0.08473859461419474,0.8886224233736337,-0.0801977471990896,70.18000030517578,71.51000213623047,69.29000091552734,71.23999786376953,408207,4.317,0,0,0,0,0,0,0,0,0,0,0,0,0,0,0,0,0,0,0,Fri,11,4,0,0,1,327,11,22,0,0,0,0,62.66700087787955,-0.27035515526723086,0,-0.10182464816771795,0,2026-05-03
2024-11-25,75.20999908447266,75.30999755859375,72.8499984741211,73.01000213623047,29335,-0.028734815555805038,-0.003956356118056004,-0.03997371194657795,73.70599975585938,73.22904786609467,74.18079376220703,73.43464233432617,73.71452918886824,-0.2798868545420703,47.596501574665915,76.08748645676013,70.37060927542922,0.07806843524423114,0.8936840437717822,-0.024505397251675255,71.44000244140625,71.4800033569336,68.73999786376953,68.94000244140625,380922,4.32,0,0,0,0,0,0,0,0,0,0,0,0,0,0,0,0,0,0,0,Mon,11,4,1,0,1,330,11,25,0,0,0,0,46.683650854176356,-0.27035515526723086,0,-0.10182464816771795,0,2026-05-03
2024-11-26,73.12000274658203,74.33000183105469,72.12000274658203,72.80999755859375,17616,-0.0027394133924764086,-0.006820352157294374,0.019462327433282356,73.60599975585937,73.29523831322079,74.08809528653583,73.33854313805963,73.64752684588494,-0.3089837078253055,46.97891498117484,76.03984369670972,70.55063292973186,0.07489177869263758,0.5727495293738966,0.016439534281636303,69.08000183105469,70.30000305175781,68.05000305175781,68.7699966430664,292138,4.316428571428571,0,0,0,0,0,0,0,0,0,0,0,0,0,0,0,0,0,0,0,Tue,11,4,0,0,1,331,11,26,0,0,0,0,51.90385596918062,-0.27035515526723086,0,-0.10182464816771795,0,2026-05-03
2024-11-27,72.94000244140625,73.3499984741211,72.2699966430664,72.83000183105469,10246,2.747462317223004e-4,2.747462317223004e-4,0.02404385571476708,73.61000061035156,73.37666684105282,73.97523813399057,73.26030601390502,73.586969437379,-0.32666342347397404,47.05291509542347,75.94609658561902,70.80723709648663,0.07003397279225136,0.37373836855140813,0.09063730763864777,68.910003662109375,69.37000274658203,68.18000030517578,68.720001220703125,227215,4.312857142857143,0,0,0,0,0,0,0,0,0,0,0,0,0,0,0,0,0,0,0,Wed,11,4,0,0,1,332,11,27,0,0,0,0,56.085193888323175,-0.27035515526723086,0,-0.10182464816771795,0,2026-05-03
2024-11-29,72.91999816894531,73.5,72.12000274658203,72.94000244140625,45282,0.0015103749496907515,-0.017378429976951493,0.005375594393431049,73.3520004272461,73.39523824055989,73.88222225128658,73.2110285412129,73.53904595619582,-0.3280174149829236,47.48693352978837,75.94513651320615,70.84533996791363,0.06948402467987706,1.5774182760638742,0.12226383083469151,68.7699966430664,69.69000244140625,67.87000274658203,68,291408,4.305714285714286,0,0,0,0,0,0,0,0,0,0,0,0,0,0,0,0,0,0,0,Fri,11,4,0,0,1,334,11,29,0,0,0,0,50.36814387700785,-0.27035515526723086,0,-0.10182464816771795,0,2026-05-03
2024-12-02,71.73999786376953,72.87999725341797,71.5199966430664,71.83000183105469,31283,-0.015217995245383253,-0.04443257176066373,-0.018179357086931303,72.68400115966797,73.33190482003349,73.85174608987475,72.99856289349624,73.41245009507425,-0.4138872015780066,43.60280694026711,75.970855450481,70.69295418958598,0.07197278284053459,1.0853823975352248,0.05901118687220858,68,69.11000061035156,67.70999908447266,68.0999984741211,264883,4.295,0,0,0,0,0,0,0,0,0,0,0,0,0,0,0,0,0,0,0,Mon,12,4,1,0,1,337,12,2,0,0,0,1,40.15449003123896,-0.27035515526723086,0,-0.10182464816771795,0,2026-05-03
2024-12-03,71.86000061035156,73.9000015258789,71.69000244140625,73.62000274658203,40365,0.024919961992169393,0.008355027975665008,0.007113601686941529,72.80600128173828,73.35666692824591,73.86634935651507,73.09416902474021,73.42782436555632,-0.33365534081610804,50.61747692870712,75.99623680266251,70.71709705382932,0.07196537097298869,1.3537987865616228,0.04887936770260881,68.160003662109375,70.2300033569336,67.910003662109375,69.94000244140625,303752,4.2901428571428575,0,0,0,0,0,0,0,0,0,0,0,0,0,0,0,0,0,0,0,Tue,12,4,0,0,1,338,12,3,0,0,0,1,46.85081357571912,-0.27035515526723086,0,-0.10182464816771795,0,2026-05-03
2024-12-04,73.80999755859375,74.26000213623047,72.25,72.30999755859375,36988,-0.01779414750224384,-0.006867188803263202,-0.03689403576060124,72.70600128173828,73.224761962890625,73.86031753297836,72.97352726071767,73.34502237985538,-0.3714951191377054,46.09849174935081,75.77806969499713,70.67145423078412,0.06973891518829348,1.2228206069141534,0.006571541251716178,70.0199966430664,70.51000213623047,68.48999786376953,68.54000091552734,325636,4.285285714285714,0,0,0,0,0,0,0,0,0,0,0,0,0,0,0,0,0,0,0,Wed,12,4,0,0,1,339,12,4,0,0,0,1,51.94270622542871,-0.27035515526723086,0,-0.10182464816771795,0,2026-05-03
2024-12-05,72.44999694824219,72.9000015258789,71.80000305175781,72.089996337890625,32373,-0.003042473076075747,-0.010160723253593629,-0.04554484968890493,72.55800018310546,73.06095232282367,73.87666671995133,72.83759942643658,73.25205748785798,-0.4144580614213993,45.36599181208581,75.42767886200748,70.69422578363985,0.06478772761478142,1.0483043136137404,-0.032923168140454845,68.73999786376953,69.160003662109375,67.9800033569336,68.30000305175781,286701,4.280428571428572,0,0,0,0,0,0,0,0,0,0,0,0,0,0,0,0,0,0,0,Thu,12,4,0,0,1,340,12,5,0,0,0,1,55.971289177598685,-0.27035515526723086,0,-0.10182464816771795,0,2026-05-03
2024-12-06,72.16999816894531,72.2300033569336,70.83000183105469,71.12000274658203,27572,-0.013455314753550107,-0.024952010335977826,-0.050720708959365646,72.194000244140625,72.88000015985398,73.86523825024801,72.57335378338203,73.09412750702273,-0.5207737236407013,42.18333204111997,75.2307697770204,70.52923054268756,0.06451069187734015,0.9171437219962145,-0.14817582015152986,68.44000244140625,68.48999786376953,66.9800033569336,67.19999694824219,341593,4.275571428571428,0,0,0,0,0,0,0,0,0,0,0,0,0,0,0,0,0,0,0,Fri,12,4,0,0,1,341,12,6,0,0,0,1,59.00118084255763,-0.27035515526723086,0,-0.10182464816771795,0,2026-05-03
2024-12-09,71.04000091552734,72.6500015258789,70.95999908447266,72.13999938964844,25921,0.014341909500494632,0.004315711411547296,-0.04614568280460707,72.25599975585938,72.71380978538876,73.91206359863281,72.50668387665378,73.0234513501802,-0.5167674735264143,46.43859430318783,74.71559409137159,70.71202547940594,0.05505926073440497,0.8728167795246161,-0.16013180240170016,67.1500015258789,68.87999725341797,67.08000183105469,68.37000274658203,297085,4.261,0,0,0,0,0,0,0,0,0,0,0,0,0,0,0,0,0,0,0,Mon,12,4,1,0,1,344,12,9,0,0,0,1,44.63444472008051,-0.27035515526723086,0,-0.10182464816771795,0,2026-05-03
2024-12-10,71.93000030517578,72.720001220703125,71.529998779296875,72.19000244140625,32220,6.931390654403291e-4,-0.019424072966937933,-0.022742659302980917,71.96999969482422,72.63380977085659,73.93714299277654,72.45796365584647,72.96171439397472,-0.5037507381282467,46.645905841987705,74.57488648029724,70.69273306141594,0.05344829675227868,1.0744799343706857,-0.1652307195977853,68.19000244140625,69.05999755859375,67.720001220703125,68.589996337890625,286003,4.2545714285714284,0,0,0,0,0,0,0,0,0,0,0,0,0,0,0,0,0,0,0,Tue,12,4,0,0,1,345,12,10,0,0,0,1,50.143471004892874,-0.27035515526723086,0,-0.10182464816771795,0,2026-05-03
2024-12-11,72.029998779296875,73.73999786376953,72.0199966430664,73.5199966430664,35954,0.01842352343372844,0.016733496408877224,0.023527701084939512,72.21199951171874,72.71428571428571,73.9617460947188,72.621353346188,73.00306863464817,-0.3817152884601711,51.970841965788786,74.65552810003594,70.77304332853548,0.05339370019745228,1.1299040866865282,-0.14389026348407694,68.5,70.529998779296875,68.44000244140625,70.29000091552734,335892,4.248142857142858,0,0,0,0,0,0,0,0,0,0,0,0,0,0,0,0,0,0,0,Wed,12,4,0,0,1,346,12,11,0,0,0,1,54.820098042132045,-0.27035515526723086,0,-0.10182464816771795,0,2026-05-03
2024-12-12,73.589996337890625,73.9800033569336,72.43000030517578,73.410003662109375,36231,-0.0014960961096208703,0.01831054780515995,0.0211434731585185,72.4760009765625,72.78666687011719,73.99031757173084,72.74268416402205,73.03321197001567,-0.2905278059936194,51.51295004438468,74.71211049967359,70.86122324056079,0.05290649269576308,1.0526483995711657,-0.08199996109847235,70.43000030517578,70.720001220703125,69.13999938964844,70.0199966430664,326046,4.241714285714286,0,0,0,0,0,0,0,0,0,0,0,0,0,0,0,0,0,0,0,Thu,12,4,0,0,1,347,12,12,0,0,0,1,58.536552452226104,-0.27035515526723086,0,-0.10182464816771795,0,2026-05-03
2024-12-13,73.43000030517578,74.589996337890625,73.2699966430664,74.48999786376953,26225,0.014711812393187529,0.04738463142634597,0.030575527418321702,73.15,72.89190492175874,74.01793658544146,73.0115016562909,73.14112203621966,-0.12962037992875253,55.6451861191554,74.938791033632,70.84501880988547,0.056162234038755476,0.8065954750685875,0.04534055269681335,70.05999755859375,71.41999816894531,69.87000274658203,71.29000091552734,230429,4.235285714285714,0,0,0,0,0,0,0,0,0,0,0,0,0,0,0,0,0,0,0,Fri,12,4,0,0,1,348,12,13,0,0,0,1,61.72597547806499,-0.27035515526723086,0,-0.10182464816771795,0,2026-05-03
2024-12-16,74.51000213623047,74.54000091552734,73.69999694824219,73.910003662109375,25458,-0.007786202420368871,0.024535684605438535,0.01860537691481401,73.50400085449219,72.95619092668805,74.02127002534412,73.14973273410914,73.19807623073001,-0.04834349662087334,53.03134654370714,75.04369133738278,70.86869051599332,0.0572261348674963,0.7972891292705766,0.087890155498797,71.44000244140625,71.44000244140625,70.37000274658203,70.70999908447266,204296,4.216,0,0,0,0,0,0,0,0,0,0,0,0,0,0,0,0,0,0,0,Mon,12,4,1,0,1,351,12,16,0,0,0,1,46.387375842254826,-0.27035515526723086,0,-0.10182464816771795,0,2026-05-03
2024-12-17,73.86000061035156,74.18000030517578,72.45999908447266,73.19000244140625,26356,-0.009741593627768164,0.013852333649824411,0.030264660728755333,73.7040008544922,73.05857195172992,74.01396845257472,73.1559280736933,73.19747817226158,-0.041550098568279736,49.89786217054731,74.95335711784955,71.16378678561028,0.05187030393562919,0.8632876730276648,0.09931868668440827,70.61000061035156,70.91999816894531,69.18000030517578,70.08000183105469,99604,4.216142857142858,0,0,0,0,0,0,0,0,0,0,0,0,0,0,0,0,0,0,0,Tue,12,4,0,0,1,352,12,17,0,0,0,1,51.74860867300353,-0.27035515526723086,0,-0.10182464816771795,0,2026-05-03
2024-12-18,73.339996337890625,74.19000244140625,72.80000305175781,73.38999938964844,25873,0.002732571957519747,-0.0017681890554088753,0.0012277808205147789,73.6780014038086,73.06285749162946,73.99031769283233,73.1919390453787,73.21173900317913,-0.01979995780042998,50.76805734577289,74.96034127898484,71.16537370427407,0.05194113267668929,0.8794865780823501,0.11545054676768451,70.220001220703125,71.37999725341797,69.98999786376953,70.58000183105469,99386,4.216285714285714,0,0,0,0,0,0,0,0,0,0,0,0,0,0,0,0,0,0,0,Wed,12,4,0,0,1,353,12,18,0,0,0,1,56.0779294460589,-0.27035515526723086,0,-0.10182464816771795,0,2026-05-03
2024-12-19,72.93000030517578,73.87000274658203,72.529998779296875,72.87999725341797,27742,-0.006949204802724207,-0.007219811772941953,-0.005865507018085747,73.5720001220703,73.0423812866211,73.96476212758867,73.14394800046166,73.18716554023386,-0.04321753977220055,48.45679923955733,74.93794339301593,71.14681918022626,0.05190307525590044,0.9581007901862186,0.11817578326214848,70.13999938964844,71.26000213623047,69.69999694824219,69.910003662109375,291660,4.216428571428572,0,0,0,0,0,0,0,0,0,0,0,0,0,0,0,0,0,0,0,Thu,12,4,0,0,1,354,12,19,0,0,0,1,59.57403440551921,-0.27035515526723086,0,-0.10182464816771795,0,2026-05-03
2024-12-20,72.70999908447266,73.279998779296875,71.970001220703125,72.94000244140625,25362,8.233423470040968e-4,-0.020808101313118277,0.0017855361512391088,73.26200103759766,73.04857199532645,73.94952404688276,73.11257176060698,73.16885716254292,-0.056285401935937784,48.75241852671322,74.94179426989095,71.15534972076196,0.051834614225877526,0.8826415908568883,0.08628578605232634,69.2300033569336,69.8499984741211,68.41999816894531,69.45999908447266,231592,4.216571428571428,0,0,0,0,0,0,0,0,0,0,0,0,0,0,0,0,0,0,0,Fri,12,4,0,0,1,355,12,20,0,0,0,1,62.24722801269662,-0.27035515526723086,0,-0.10182464816771795,0,2026-05-03
2024-12-23,72.83000183105469,73.37000274658203,71.9800033569336,72.62999725341797,20997,-0.0042501395340275305,-0.017318446019068623,-0.021554708758694585,73.00599975585938,72.97238122849237,73.90920657203311,73.03832952873175,73.12894161371885,-0.09061208498710016,47.2448377612881,74.79331351525893,71.1514489417258,0.04990743774866902,0.7434724415582576,0.09967039338834899,69.4000015258789,69.94000244140625,68.589996337890625,69.23999786376953,188843,4.217,0,0,0,0,0,0,0,0,0,0,0,0,0,0,0,0,0,0,0,Mon,12,4,1,0,1,358,12,23,0,0,0,0,46.39806966219271,-0.27035515526723086,0,-0.10182464816771795,0,2026-05-03
2024-12-24,72.839996337890625,73.80999755859375,72.779998779296875,73.58000183105469,8922,0.013080058014073748,0.005328588285820279,-0.02115200713876686,73.08399963378906,72.89666711716424,73.91111137753441,73.12166372908914,73.16235348166965,-0.04068975258051921,52.13010490870049,74.44574874089481,71.34758549343367,0.04250075305200958,0.34431923433158385,0.10136267693488007,69.55999755859375,70.43000030517578,69.36000061035156,70.0999984741211,122602,4.218571428571428,0,0,0,0,0,0,0,0,0,0,0,0,0,0,0,0,0,0,0,Tue,12,4,0,0,1,359,12,24,0,0,0,0,51.834381620383965,-0.27035515526723086,0,-0.10182464816771795,0,2026-05-03
2024-12-26,73.779998779296875,74.18000030517578,72.9800033569336,73.26000213623047,5773,-0.0043490036268137855,-0.0017713210859666706,0.0034241883671435325,73.05800018310546,72.90857187906902,73.93746064201234,73.14294656095703,73.16958671534083,-0.02664015438379863,50.43587832180558,74.46513608937039,71.35200766876764,0.04269907283009726,0.25216323998969153,0.08107688819968867,70.19999694824219,70.75,69.33000183105469,69.62000274658203,144877,4.2217142857142855,0,0,0,0,0,0,0,0,0,0,0,0,0,0,0,0,0,0,0,Thu,12,4,0,0,1,361,12,26,0,0,0,0,47.72047891932449,-0.27035515526723086,0,-0.10182464816771795,0,2026-05-03
2024-12-27,73.13999938964844,74.339996337890625,73.06999969482422,74.16999816894531,5515,0.012421457905811506,0.017700342537634306,0.018678761927674925,73.31600036621094,72.97333381289528,73.97222246442523,73.30095450064753,73.24369126745968,0.05726323318785376,54.92248011485903,74.62305280851595,71.3236148172746,0.045214297043097366,0.2782220024921427,0.04967029278094876,69.68000030517578,70.75,69.44000244140625,70.5999984741211,172641,4.223285714285714,0,0,0,0,0,0,0,0,0,0,0,0,0,0,0,0,0,0,0,Fri,12,4,0,0,1,362,12,27,0,0,0,0,53.01606139381391,-0.27035515526723086,0,-0.10182464816771795,0,2026-05-03
2024-12-30,74.2300033569336,75.04000091552734,73.76000213623047,74.38999938964844,30436,0.0029661753557281845,0.01987931038810964,0.021419710550227844,73.60599975585937,73.04761941092355,74.01380980960907,73.46849986818613,73.3286029802144,0.13989688797173017,55.96039981155016,74.80707249471604,71.28816632713105,0.04817276998158779,1.503502376083069,0.044769136198273655,70.41999816894531,71.55999755859375,70.12000274658203,70.98999786376953,199296,4.228,0,0,0,0,0,0,0,0,0,0,0,0,0,0,0,0,0,0,0,Mon,12,4,1,0,1,365,12,30,0,0,0,0,42.026412467119215,-0.27035515526723086,0,-0.10182464816771795,0,2026-05-03
2024-12-31,74.0999984741211,74.87999725341797,73.839996337890625,74.63999938964844,20588,0.003360666783857935,0.027674545122413186,0.023306784910074763,74.00800018310547,73.12857164655414,74.03095269581628,73.64873056379572,73.4257434549873,0.2229871088084252,57.167320103402346,75.01880178076134,71.23834151234693,0.05169607696819468,1.0420926889514284,0.03876917912409794,71.1500015258789,72.0199966430664,70.87000274658203,71.720001220703125,151155,4.234857142857143,0,0,0,0,0,0,0,0,0,0,0,0,0,0,0,0,0,0,0,Tue,12,4,0,0,1,366,12,31,0,0,0,0,48.55369137088278,-0.27035515526723086,0,-0.10182464816771795,0,2026-05-03
2025-01-02,74.87999725341797,76.54000091552734,74.7300033569336,75.93000030517578,41474,0.017282970606592007,0.03193800510520339,0.057079192114798394,74.47799987792969,73.32380966913132,74.06317489866227,73.99969513939266,73.61124396240866,0.3884511769839918,62.82819508733003,75.4790865965951,71.16853274166755,0.05878791451751658,1.9500474887390564,0.10270313640216959,71.8499984741211,73.7300033569336,71.79000091552734,73.12999725341797,306498,4.248571428571428,0,0,0,0,0,0,0,0,0,0,0,0,0,0,0,0,0,0,0,Thu,1,1,0,0,1,2,1,2,0,0,0,0,46.15554800327194,-0.27035515526723086,0,-0.10182464816771795,0,2026-05-03
2025-01-03,75.9000015258789,76.73999786376953,75.529998779296875,76.51000213623047,38822,0.0076386385977025295,0.04436254306895138,0.0392556273000495,75.12799987792968,73.46142868768601,74.0455558413551,74.38589621582923,73.82596679009917,0.5599294257300613,65.06386268127886,76.02628604781079,70.89657132756123,0.06982868168897213,1.7205969037942483,0.16898900964757607,73.12999725341797,74.3499984741211,72.69999694824219,73.95999908447266,296040,4.255428571428571,0,0,0,0,0,0,0,0,0,0,0,0,0,0,0,0,0,0,0,Fri,1,1,0,0,1,3,1,3,0,0,0,0,52.23019976858486,-0.27035515526723086,0,-0.10182464816771795,0,2026-05-03
2025-01-06,76.589996337890625,77.5,75.94000244140625,76.30000305175781,49229,-0.002744727207022457,0.028717876977167434,0.055179167858924405,75.55400085449219,73.65142894926525,74.01777806357732,74.68037419058747,74.00922873540722,0.6711454551802518,63.57299542126021,76.43947755274584,70.86338034578466,0.07570928747088222,1.9921252195307506,0.25125274658202895,74.05000305175781,74.98999786376953,73.19999694824219,73.55999755859375,306042,4.276,0,0,0,0,0,0,0,0,0,0,0,0,0,0,0,0,0,0,0,Mon,1,1,1,0,1,6,1,6,0,0,0,0,42.00631270485542,-0.27035515526723086,0,-0.10182464816771795,0,2026-05-03
2025-01-07,76.23999786376953,77.2699966430664,75.91999816894531,77.05000305175781,37188,0.009829619528209488,0.03575754380876517,0.06880298190915846,76.08600158691407,73.88761974516369,73.95619080558656,75.04493247692137,74.23447127735912,0.8104611995622548,66.52332164757196,76.94725375182884,70.82798573849854,0.08281858360623175,1.4361406327236776,0.3278683002178479,73.44000244140625,74.529998779296875,73.11000061035156,74.25,277328,4.276857142857143,0,0,0,0,0,0,0,0,0,0,0,0,0,0,0,0,0,0,0,Tue,1,1,0,0,1,7,1,7,0,0,0,0,49.02223750446084,-0.27035515526723086,0,-0.10182464816771795,0,2026-05-03
2025-01-08,77.23999786376953,77.88999938964844,76.029998779296875,76.160003662109375,46650,-0.011550932568433314,0.02036447327023616,0.07086615186849898,76.39000244140625,74.12761978876023,73.94000038268074,75.21648189002723,74.37710330585914,0.8393785841680881,60.28368239603449,77.0636451854287,71.19159439209176,0.07921542348277723,1.6391599349255261,0.3415168007651525,74.5199966430664,75.29000091552734,73.160003662109375,73.31999969482422,328617,4.277714285714286,0,0,0,0,0,0,0,0,0,0,0,0,0,0,0,0,0,0,0,Wed,1,1,0,0,1,8,1,8,0,0,0,0,54.45494805989737,-0.27035515526723086,0,-0.10182464816771795,0,2026-05-03
2025-01-09,76.160003662109375,77.2699966430664,75.69999694824219,76.91999816894531,31706,0.009978918990179109,0.013038296586205256,0.06626003354226206,76.58800201416015,74.35523877825055,73.94539714994885,75.47856131755309,74.56546588830997,0.9130954292431142,63.437435109032606,77.38376810202018,71.32670945448092,0.08146108797529675,1.0314886085997508,0.37041778564453154,73.31999969482422,74.31999969482422,72.839996337890625,73.91999816894531,213421,4.2785714285714285,0,0,0,0,0,0,0,0,0,0,0,0,0,0,0,0,0,0,0,Thu,1,1,0,0,1,9,1,9,0,0,0,0,58.955479944944635,-0.27035515526723086,0,-0.10182464816771795,0,2026-05-03
2025-01-10,77.20999908447266,80.76000213623047,77.04000091552734,79.76000213623047,92049,0.036921529314749124,0.04247810625090809,0.10486216150177419,77.23800201416016,74.71571495419457,73.95111144535126,76.13724452042653,74.9502463511189,1.1869981693076284,72.29184229282217,78.39414840728696,71.03728150110217,0.09846478629957585,2.33830466624498,0.44813200562864813,74.29000091552734,77.86000061035156,74.0199966430664,76.56999969482422,478432,4.279428571428571,0,0,0,0,0,0,0,0,0,0,0,0,0,0,0,0,0,0,0,Fri,1,1,0,0,1,10,1,10,0,0,0,0,63.129082178588014,-0.27035515526723086,0,-0.10182464816771795,0,2026-05-03
2025-01-13,79.55000305175781,81.66999816894531,79.54000091552734,81.01000213623047,77109,0.01567201562839715,0.06172999863810813,0.1018771196294721,78.18000183105468,75.07238188244048,73.98238130599734,76.88689953824253,75.39911715001607,1.4877823882264636,75.14492088514922,79.61487535943589,70.52988840544508,0.12101636748674677,1.657363444678249,0.5332969246329834,76.54000091552734,79.2699966430664,76.54000091552734,78.81999969482422,460942,4.282,0,0,0,0,0,0,0,0,0,0,0,0,0,0,0,0,0,0,0,Mon,1,1,1,0,1,13,1,13,0,0,0,0,48.539692788914664,-0.27035515526723086,0,-0.10182464816771795,0,2026-05-03
2025-01-14,80.910003662109375,81.13999938964844,79.86000061035156,79.91999816894531,67129,-0.013455177614390745,0.037248475061832265,0.08867993709413313,78.75400085449219,75.38238162086124,74.02142891051277,77.3535300968122,75.7339972254923,1.6195328713198904,68.51936720814783,80.31977001275922,70.44499322896326,0.13099581853836295,1.3373802655276286,0.5416263957600023,78.81999969482422,79.089996337890625,77.410003662109375,77.5,326729,4.289857142857143,0,0,0,0,0,0,0,0,0,0,0,0,0,0,0,0,0,0,0,Tue,1,1,0,0,1,14,1,14,0,0,0,0,54.82755796753813,-0.27035515526723086,0,-0.10182464816771795,0,2026-05-03
2025-01-15,80.31999969482422,82.62999725341797,79.62999725341797,82.029998779296875,69122,0.026401409643318052,0.07707451201329052,0.10122165568210661,79.9279998779297,75.7414292835054,74.1449209546286,78.07298681719446,76.20036771095931,1.872619106235149,73.40728991515793,81.44364404747907,70.03921451953173,0.15057056139328684,1.2556723429455854,0.6095164707728798,78.029998779296875,80.7699966430664,77.23999786376953,80.04000091552734,321422,4.297714285714286,0,0,0,0,0,0,0,0,0,0,0,0,0,0,0,0,0,0,0,Wed,1,1,0,0,1,15,1,15,0,0,0,0,60.42077342998366,-0.27035515526723086,0,-0.10182464816771795,0,2026-05-03
2025-01-16,82.44000244140625,82.55000305175781,80.38999938964844,81.29000091552734,69075,-0.00902106393735913,0.05681230955029215,0.09985112823369247,80.8020004272461,76.09285772414435,74.25714317200676,78.56791206309182,76.57737757796434,1.9905344851274833,69.34095395758531,82.21519800372178,69.97051744456692,0.16091760679490957,1.194905886565677,0.6085714654608081,80.4000015258789,80.589996337890625,77.87000274658203,78.68000030517578,159948,4.305571428571429,0,0,0,0,0,0,0,0,0,0,0,0,0,0,0,0,0,0,0,Thu,1,1,0,0,1,16,1,16,0,0,0,0,64.60956955554015,-0.27035515526723086,0,-0.10182464816771795,0,2026-05-03
2025-01-17,81.30999755859375,81.93000030517578,80.55999755859375,80.79000091552734,42284,-0.006150817989528323,0.012913725573096446,0.10383929799982483,81.00800018310547,76.45476241338821,74.35777815561445,78.90977188654344,76.88942375111716,2.020348135426275,66.65427189139403,82.75240265043709,70.15712217633933,0.16474160767115492,0.7271026462450627,0.5880439171424279,78.75,79.44000244140625,77.76000213623047,77.87999725341797,112409,4.313428571428571,0,0,0,0,0,0,0,0,0,0,0,0,0,0,0,0,0,0,0,Fri,1,1,0,0,1,17,1,17,0,0,0,0,67.85798125922288,-0.27035515526723086,0,-0.10182464816771795,0,2026-05-03
2025-01-21,80.94000244140625,81.23999786376953,78.470001220703125,79.29000091552734,83935,-0.018566654078496336,-0.02123196118191284,0.0803924454959335,80.66399993896485,76.73571486700149,74.45666709778801,78.96826866023328,77.06724428181421,1.9010243784190664,59.238802098508785,82.98534762171272,70.48608211229026,0.1628871970644466,1.362035028162409,0.5028131002908226,78.19000244140625,78.470001220703125,75.48999786376953,75.88999938964844,568807,4.338142857142857,0,0,0,0,0,0,0,0,0,0,0,0,0,0,0,0,0,0,0,Tue,1,1,0,0,1,21,1,21,0,0,0,0,43.5504846652299,-0.27035515526723086,0,-0.10182464816771795,0,2026-05-03
2025-01-22,79.30999755859375,79.9000015258789,78.80999755859375,79,40868,-0.0036574714614557857,-0.011511488864157648,0.08397369617484451,80.48000030517578,77.02714356921967,74.53142898801774,78.97315040481278,77.21041137205019,1.762739032762596,57.89769111396772,83.08959245120803,70.96469468723132,0.15741071526403935,0.659238910387836,0.3959998329917151,75.87999725341797,76.44999694824219,75.279998779296875,75.44000244140625,315333,4.339285714285714,0,0,0,0,0,0,0,0,0,0,0,0,0,0,0,0,0,0,0,Wed,1,1,0,0,1,22,1,22,0,0,0,0,50.78747363840064,-0.27035515526723086,0,-0.10182464816771795,0,2026-05-03
2025-01-23,78.910003662109375,79.589996337890625,77.80000305175781,78.29000091552734,46348,-0.008987330183198194,-0.0455930503404256,0.07334793385041105,79.73200073242188,77.28190540132069,74.56714327373201,78.86805048338425,77.29038096786331,1.5776695155209381,54.63644206667365,83.06625571745928,71.49755508518209,0.14969481629886805,0.7480008069396813,0.292263542426813,75.38999938964844,76,74.13999938964844,74.62000274658203,350688,4.340428571428571,0,0,0,0,0,0,0,0,0,0,0,0,0,0,0,0,0,0,0,Thu,1,1,0,0,1,23,1,23,0,0,0,0,56.292373053679725,-0.27035515526723086,0,-0.10182464816771795,0,2026-05-03
2025-01-24,77.87999725341797,78.95999908447266,77.61000061035156,78.5,30464,0.0026823231832535654,-0.03432157564405214,0.0808206384216239,79.1740005493164,77.56142934163411,74.62333376445467,78.81142733209437,77.37998237765122,1.4314449544431511,55.436002251870384,82.95580125384959,72.16705742941863,0.13909934249548023,0.49263967476466847,0.2032745361328114,74.30000305175781,75.20999908447266,74.01000213623047,74.660003662109375,319679,4.341571428571428,0,0,0,0,0,0,0,0,0,0,0,0,0,0,0,0,0,0,0,Fri,1,1,0,0,1,24,1,24,0,0,0,0,60.73760351432558,-0.27035515526723086,0,-0.10182464816771795,0,2026-05-03
2025-01-27,78.55000305175781,78.98999786376953,76.31999969482422,77.08000183105469,40623,-0.01808914864898492,-0.04592151308862802,0.04756727253196136,78.43200073242187,77.72809600830078,74.66619097997271,78.54505417808826,77.35776159642185,1.1872925816664122,49.13010604350235,82.81322955087579,72.64296246572577,0.13084415555559095,0.7165093649077444,0.0580438634851488,74.54000091552734,75.1500015258789,72.37999725341797,73.16999816894531,334418,4.345,0,0,0,0,0,0,0,0,0,0,0,0,0,0,0,0,0,0,0,Mon,1,1,1,0,1,27,1,27,0,0,0,0,46.5151056038659,-0.27035515526723086,0,-0.10182464816771795,0,2026-05-03
2025-01-28,77.06999969482422,78.13999938964844,76.83000183105469,77.48999786376953,29822,0.005319097340104939,-0.022701513822347752,0.05773949773674847,78.0720001220703,77.92952437627883,74.68904804048084,78.38273782203923,77.36755687548464,1.0151809465545938,50.86789425075324,82.58857368853025,73.27047506402742,0.11957083915347472,0.5738641830392365,-0.05417592813680461,73.1500015258789,74.30999755859375,72.93000030517578,73.7699966430664,326075,4.349571428571428,0,0,0,0,0,0,0,0,0,0,0,0,0,0,0,0,0,0,0,Tue,1,1,0,0,1,28,1,28,0,0,0,0,52.7109032588296,-0.27035515526723086,0,-0.10182464816771795,0,2026-05-03
2025-01-29,77.62999725341797,77.69999694824219,76.30000305175781,76.58000183105469,19845,-0.011743399894198592,-0.03063288821449761,0.03249297184314126,77.58800048828125,78.0442864554269,74.77095286051433,78.10539382342623,77.30921946478612,0.7961743586401013,47.02785460440028,82.42479554080441,73.66377737004939,0.11225700904778808,0.42010135778791075,-0.22367028875665534,73.94999694824219,74.08000183105469,72.33000183105469,72.62000274658203,312733,4.354142857142857,0,0,0,0,0,0,0,0,0,0,0,0,0,0,0,0,0,0,0,Wed,1,1,0,0,1,29,1,29,0,0,0,0,57.48550494556941,-0.27035515526723086,0,-0.10182464816771795,0,2026-05-03
2025-01-30,76.86000061035156,77.55000305175781,75.98999786376953,76.87000274658203,8389,0.0037869013919211714,-0.01813766959177132,0.03333785962201108,77.30400085449219,78.16238185337612,74.86222270178416,77.91533365775788,77.2766848930673,0.6386487646905863,48.365606520942364,82.25326318926854,74.0715005174837,0.10467647579027095,0.20378814195451023,-0.3616702907688021,73,73.839996337890625,72.0199966430664,72.7300033569336,336475,4.358714285714285,0,0,0,0,0,0,0,0,0,0,0,0,0,0,0,0,0,0,0,Thu,1,1,0,0,1,30,1,30,0,0,0,0,61.36231142194909,-0.27035515526723086,0,-0.10182464816771795,0,2026-05-03
2025-01-31,77,77.08000183105469,76.51000213623047,76.76000213623047,50618,-0.0014309952702122875,-0.022165577882414356,0.028403038101793454,76.95600128173828,78.26333436511811,74.92904808407738,77.73759034675366,77.23841209626457,0.4991782504890949,47.87176469931561,82.08490528739294,74.44176344284328,0.09765929226695715,1.287347785837089,-0.4089669028481299,73.19999694824219,73.839996337890625,71.94000244140625,72.529998779296875,376335,4.363285714285714,0,0,0,0,0,0,0,0,0,0,0,0,0,0,0,0,0,0,0,Fri,1,1,0,0,1,31,1,31,0,0,0,0,64.43626402406295,-0.27035515526723086,0,-0.10182464816771795,0,2026-05-03
2025-02-03,76.81999969482422,77.529998779296875,75.04000091552734,75.95999908447266,75087,-0.010422134308151754,-0.014530393357240379,3.950846724127821e-4,76.73200073242188,78.26476287841797,74.97349245586092,77.4641147679412,77.143714836131835,0.3203999318093622,44.32689882018162,82.08269122494326,74.44683453189268,0.09756442634232043,1.7626097713844397,-0.4247251405820757,74.13999938964844,75.18000030517578,72.05000305175781,73.160003662109375,517853,4.377,0,0,0,0,0,0,0,0,0,0,0,0,0,0,0,0,0,0,0,Mon,2,1,1,0,1,34,2,3,0,0,0,0,48.17396466461647,-0.27035515526723086,0,-0.10182464816771795,0,2026-05-03
2025-02-04,75.5199966430664,76.66999816894531,74.12999725341797,76.19999694824219,62716,0.0031595295769111242,-0.016647321603947107,-0.004051825634984296,76.4740005493164,78.250000726609,75.02269878084698,77.26963510337211,77.07380980739927,0.19582529597283838,45.6276636371722,82.0986987151878,74.40130273803021,0.09836927674992436,1.5493848510301893,-0.44736267760559834,72.3499984741211,73.3499984741211,70.66999816894531,72.69999694824219,452961,4.397714285714286,0,0,0,0,0,0,0,0,0,0,0,0,0,0,0,0,0,0,0,Tue,2,1,0,0,1,35,2,4,0,0,0,0,53.772245048548264,-0.27035515526723086,0,-0.10182464816771795,0,2026-05-03
2025-02-05,76.08000183105469,76.3499984741211,74.55000305175781,74.61000061035156,30739,-0.020866094508778077,-0.025724747631231448,-0.022149441334358033,76.08000030517579,78.16952441987537,75.01523844401042,76.86046056598434,76.89130542243278,-0.030844856448439373,39.10842182520862,82.25299073652415,74.08605810322659,0.10447719483913144,0.7788907161010614,-0.4295165680267003,72.76000213623047,72.970001220703125,70.95999908447266,71.029998779296875,289902,4.418428571428572,0,0,0,0,0,0,0,0,0,0,0,0,0,0,0,0,0,0,0,Wed,2,1,0,0,1,36,2,5,0,0,0,0,57.92598126021518,-0.27035515526723086,0,-0.10182464816771795,0,2026-05-03
2025-02-06,74.5999984741211,75.38999938964844,74.089996337890625,74.29000091552734,41460,-0.004288965181697413,-0.03356318120034674,-0.03582092182886032,75.56399993896484,78.03809574672154,74.9955559382363,76.4650052351448,76.69861619969905,-0.23361096455424502,37.93370747735592,82.43828021795628,73.6379112754868,0.11277016511309719,1.0637233395678911,-0.4125934642749832,71.18000030517578,71.8499984741211,70.43000030517578,70.61000061035156,299037,4.4391428571428575,0,0,0,0,0,0,0,0,0,0,0,0,0,0,0,0,0,0,0,Thu,2,1,0,0,1,37,2,6,0,0,0,0,61.185752262878665,-0.27035515526723086,0,-0.10182464816771795,0,2026-05-03
2025-02-07,74.19999694824219,75.089996337890625,74.19000244140625,74.660003662109375,35634,0.004980518804983625,-0.027357978317849696,-0.019695377204219766,75.14400024414063,77.96666717529297,74.9914290413024,76.18731268544704,76.54760786358129,-0.36029517813425116,40.171452047908765,82.54018333468653,73.3931510158994,0.11731978100618042,0.902279627177268,-0.37081313919235087,70.55999755859375,71.410003662109375,70.470001220703125,71,273766,4.4598571428571425,0,0,0,0,0,0,0,0,0,0,0,0,0,0,0,0,0,0,0,Fri,2,1,0,0,1,38,2,7,0,0,0,0,63.86918942625487,-0.27035515526723086,0,-0.10182464816771795,0,2026-05-03
2025-02-10,74.54000091552734,76.06999969482422,74.54000091552734,75.87000274658203,27341,0.01620679112137169,-0.0011847859264787486,-0.013650486835128262,75.1260009765625,77.91666739327567,74.99523865230499,76.13849577177551,76.4974148919517,-0.3589191201761963,46.91228435748165,82.56065784280732,73.27267694374403,0.11920403181752165,0.716387484901127,-0.316966918274599,71,72.54000091552734,70.839996337890625,72.31999969482422,255941,4.522,0,0,0,0,0,0,0,0,0,0,0,0,0,0,0,0,0,0,0,Mon,2,1,1,0,1,41,2,10,0,0,0,0,48.01628386604809,-0.27035515526723086,0,-0.10182464816771795,0,2026-05-03
2025-02-11,76.05000305175781,77.2699966430664,75.88999938964844,77,37979,0.014893860715839757,0.01049872813382402,-0.03460383729073091,75.28600158691407,77.78523872012184,75.044921148391,76.27103488381005,76.5346434184738,-0.26360853466376,52.31557848256235,82.36591310700746,73.20456433323622,0.11777747197941475,0.9743001682879776,-0.22536257230318726,72.48999786376953,73.68000030517578,72.30999755859375,73.31999969482422,266819,4.551142857142858,0,0,0,0,0,0,0,0,0,0,0,0,0,0,0,0,0,0,0,Tue,2,1,0,0,1,42,2,11,0,0,0,0,53.80876346170053,-0.27035515526723086,0,-0.10182464816771795,0,2026-05-03
2025-02-12,76.81999969482422,76.88999938964844,74.94999694824219,75.18000030517578,47048,-0.023636359673041785,0.007639722425429651,-0.07196644460335488,75.4000015258789,77.50761958530971,75.0980957273453,76.10318341017401,76.43429948415543,-0.33111607398141985,44.465617331774894,81.97265121426594,73.04258795635349,0.11521529503410265,1.1282196392900907,-0.20037357204563047,73.19999694824219,73.220001220703125,71.16999816894531,71.37000274658203,318123,4.580285714285714,0,0,0,0,0,0,0,0,0,0,0,0,0,0,0,0,0,0,0,Wed,2,1,0,0,1,43,2,12,0,0,0,0,58.07589857575177,-0.27035515526723086,0,-0.10182464816771795,0,2026-05-03
2025-02-13,74.970001220703125,75.33000183105469,74.05000305175781,75.0199966430664,37759,-0.0021282742944915833,0.009826298540083656,-0.061311331808599934,75.54600067138672,77.27428617931548,75.1477782234313,75.93653929215746,76.32953631074143,-0.3929970185839693,43.84277545350484,81.72193501132726,72.8266373473037,0.115113294523122,0.8458917382236252,-0.15936272589715,71.23999786376953,71.5999984741211,70.220001220703125,71.29000091552734,278197,4.609428571428571,0,0,0,0,0,0,0,0,0,0,0,0,0,0,0,0,0,0,0,Thu,2,1,0,0,1,44,2,13,0,0,0,0,61.4586299418508,-0.27035515526723086,0,-0.10182464816771795,0,2026-05-03
2025-02-14,75.23999786376953,75.83000183105469,74.48999786376953,74.73999786376953,41397,-0.0037323219384968187,0.0010714465274095364,-0.08886993812033595,75.56199951171875,76.92714327857608,75.18682582794673,75.75245599548239,76.21179272207684,-0.4593367265944437,42.715196941110506,80.93171675231734,72.92256980483482,0.10411340660966723,0.9469530606642876,-0.15786825326773032,71.5199966430664,72.0199966430664,70.5199966430664,70.73999786376953,207719,4.638571428571429,0,0,0,0,0,0,0,0,0,0,0,0,0,0,0,0,0,0,0,Fri,2,1,0,0,1,45,2,14,0,0,0,0,64.10790297786006,-0.27035515526723086,0,-0.10182464816771795,0,2026-05-03
2025-02-18,74.63999938964844,76.05000305175781,74.19000244140625,75.839996337890625,50542,0.014717667989850414,-3.954976618576467e-4,-0.0670439723982793,75.55599822998047,76.66761925106957,75.23888930063399,75.76592374046827,76.18425224917416,-0.41832850870589766,48.33668916799347,80.15806329460847,73.17717520753067,0.0910539306590039,1.224919113459278,-0.1011431683550816,70.69999694824219,72.06999969482422,70.12000274658203,71.8499984741211,130937,4.727,0,0,0,0,0,0,0,0,0,0,0,0,0,0,0,0,0,0,0,Tue,2,1,0,0,1,49,2,18,0,0,0,0,41.308715346219756,-0.27035515526723086,0,-0.10182464816771795,0,2026-05-03
2025-02-19,75.80000305175781,76.81999969482422,75.75,76.04000091552734,30426,0.002637191288164642,-0.012467520577566948,-0.0587944045819051,75.36399841308594,76.44142877487909,75.31825437999908,75.80808945970813,76.17356696520032,-0.36547750549219415,49.31069391277297,79.38222688189451,73.50063066786366,0.07694252067621891,0.8,-0.061450782189004155,71.779998779296875,73.04000091552734,71.70999908447266,72.25,69012,4.728,0,0,0,0,0,0,0,0,0,0,0,0,0,0,0,0,0,0,0,Wed,2,1,0,0,1,50,2,19,0,0,0,0,48.25396706104306,-0.27035515526723086,0,-0.10182464816771795,0,2026-05-03
2025-02-20,76.04000091552734,77.13999938964844,75.70999908447266,76.4800033569336,33347,0.005786460232885204,0.017291873456780404,-0.03543949459134721,75.6239990234375,76.307619367327,75.36873057531932,75.91146082851203,76.19626595718056,-0.28480512866852337,51.47798621671696,78.94400280607383,73.67123592858019,0.06909882553289695,0.870831189790381,0.0027472024435524073,72.18000030517578,73.25,71.8499984741211,72.56999969482422,240060,4.729,0,0,0,0,0,0,0,0,0,0,0,0,0,0,0,0,0,0,0,Thu,2,1,0,0,1,51,2,20,0,0,0,0,53.898448201061036,-0.27035515526723086,0,-0.10182464816771795,0,2026-05-03
2025-02-21,76.55999755859375,76.75,74.20999908447266,74.43000030517578,28100,-0.02680443203160454,-0.007864520984954715,-0.05784809740283825,75.50599975585938,76.09000033424014,75.38650839669364,75.68354382492184,76.06543146443946,-0.38188763951761473,42.38515683500784,78.54090258186483,73.63909808661546,0.06442113909471986,0.7603369293752519,0.006461560595165599,72.58000183105469,72.7699966430664,70.16999816894531,70.4000015258789,268470,4.7299999999999995,0,0,0,0,0,0,0,0,0,0,0,0,0,0,0,0,0,0,0,Fri,2,1,0,0,1,52,2,21,0,0,0,0,58.000420515164905,-0.27035515526723086,0,-0.10182464816771795,0,2026-05-03
2025-02-24,73.910003662109375,74.910003662109375,73.910003662109375,74.779998779296875,17858,0.004702384424103645,5.352009187939988e-4,-0.044833338806799405,75.51399993896484,75.92285737537202,75.41777825733972,75.5445368948257,75.97021422850297,-0.425677333677271,44.197447624689666,78.21737425309009,73.62834049765395,0.0604433752110696,0.5076222935386032,0.004043914459563075,69.80000305175781,70.94000244140625,69.80000305175781,70.69999694824219,205468,4.733,0,0,0,0,0,0,0,0,0,0,0,0,0,0,0,0,0,0,0,Mon,2,1,1,0,1,55,2,24,0,0,0,0,44.650018079696935,-0.27035515526723086,0,-0.10182464816771795,0,2026-05-03
2025-02-25,74.88999938964844,75.25,72.69999694824219,73.0199966430664,19080,-0.023535733684950655,-0.03718354207534835,-0.0698089599609375,74.95,75.66190483456566,75.39857180156405,75.15614608686273,75.7516795925447,-0.5955335056819706,37.764513287186155,77.97183790868421,73.35197176044711,0.061059342324759146,0.5554003073913651,-0.03556067498175564,70.91999816894531,71.26000213623047,68.68000030517578,68.93000030517578,267310,4.721857142857143,0,0,0,0,0,0,0,0,0,0,0,0,0,0,0,0,0,0,0,Tue,2,1,0,0,1,56,2,25,0,0,0,0,50.318093118615685,-0.27035515526723086,0,-0.10182464816771795,0,2026-05-03
2025-02-26,73.13999938964844,73.339996337890625,72.38999938964844,72.529998779296875,11916,-0.006710461329719308,-0.04615994337151208,-0.05902961784731908,74.24799957275391,75.4452380225772,75.35666704934741,74.7521234241603,75.51303656934115,-0.7609131451808508,36.18540803540259,78.03332441318898,72.85715163196542,0.06860834317567627,0.375339005206742,-0.1276046417571695,69.11000061035156,69.279998779296875,68.36000061035156,68.62000274658203,255601,4.710714285714285,0,0,0,0,0,0,0,0,0,0,0,0,0,0,0,0,0,0,0,Wed,2,1,0,0,1,57,2,26,0,0,0,0,54.756601605761375,-0.27035515526723086,0,-0.10182464816771795,0,2026-05-03
2025-02-27,72.69000244140625,74.26000213623047,72.4800033569336,74.04000091552734,7925,0.020819001263536308,-0.031903796212177316,-0.044521835634934726,73.75999908447265,75.28095245361328,75.37301623632037,74.64256611513984,75.4039228172068,-0.761356702066962,43.96182010369549,77.7595738298489,72.80233107737766,0.06584989417510101,0.28471349021016706,-0.17791226565182952,68.81999969482422,70.54000091552734,68.61000061035156,70.3499984741211,265933,4.699571428571429,0,0,0,0,0,0,0,0,0,0,0,0,0,0,0,0,0,0,0,Thu,2,1,0,0,1,58,2,27,0,0,0,0,58.61281600598603,-0.27035515526723086,0,-0.10182464816771795,0,2026-05-03
2025-02-28,73.7300033569336,73.73999786376953,72.970001220703125,73.18000030517578,36432,-0.01161535115771728,-0.016794303303436564,-0.044398034011278065,73.50999908447265,75.11904761904762,75.37888929578993,74.41755599052999,75.23918781631562,-0.8216318257856301,40.904530612832524,77.68395750417355,72.55413773392169,0.06828920137894706,1.3151254588969148,-0.23949454171316994,70.16999816894531,70.29000091552734,69.13999938964844,69.76000213623047,250074,4.688428571428571,0,0,0,0,0,0,0,0,0,0,0,0,0,0,0,0,0,0,0,Fri,2,1,0,0,1,59,2,28,0,0,0,0,61.52349732614097,-0.27035515526723086,0,-0.10182464816771795,0,2026-05-03
2025-03-03,73.06999969482422,73.660003662109375,71.16999816894531,71.62000274658203,51816,-0.021317266358133913,-0.04225723568197892,-0.06829712257598997,72.87799987792968,74.86904761904762,75.35968296111577,73.98716318376877,74.9711000333724,-0.9839368496036229,36.01215441124845,77.72417580373468,72.01391943436056,0.07626992129550425,1.8026593190974178,-0.29925258762233764,69.94999694824219,70.5999984741211,67.88999938964844,68.37000274658203,332751,4.655,0,0,0,0,0,0,0,0,0,0,0,0,0,0,0,0,0,0,0,Mon,3,1,1,0,0,62,3,3,0,0,1,0,45.81611833091551,-0.27035515526723086,0,-0.10182464816771795,0,2026-05-03
2025-03-04,71.44999694824219,71.45999908447266,69.75,71.04000091552734,58867,-0.008098321820887766,-0.027115801404615225,-0.0745179919426201,72.48200073242188,74.59666660853794,75.32952420673674,73.53375360403932,74.67990750612461,-1.1461539020852882,34.366372611121534,77.76799613143669,71.4253370856392,0.08502603848348825,1.9903167019985326,-0.31964813903137795,68.45999908447266,68.55999755859375,66.7699966430664,68.26000213623047,386750,4.646714285714286,0,0,0,0,0,0,0,0,0,0,0,0,0,0,0,0,0,0,0,Tue,3,1,0,0,0,63,3,4,0,0,1,0,50.849798241934195,-0.27035515526723086,0,-0.10182464816771795,0,2026-05-03
2025-03-05,71.13999938964844,71.160003662109375,68.339996337890625,69.30000305175781,51721,-0.024493212856775415,-0.04453323841032575,-0.08767767394663184,71.83600158691407,74.27952394031342,75.28936549595424,72.88240736522678,74.2813960650604,-1.3989886998336232,29.94504979701034,78.13621825528449,70.42282962534236,0.10384273108885496,1.6312582397133684,-0.42356010688530255,68.08000183105469,68.0999984741211,65.220001220703125,66.30999755859375,382493,4.638428571428571,0,0,0,0,0,0,0,0,0,0,0,0,0,0,0,0,0,0,0,Wed,3,1,0,0,0,64,3,5,0,0,1,0,54.528891549157514,-0.27035515526723086,0,-0.10182464816771795,0,2026-05-03
2025-03-06,69.44999694824219,69.87999725341797,68.7300033569336,69.45999908447266,49024,0.002308744959150344,-0.061858478854964316,-0.08845141907745202,70.92000122070313,73.95857166108631,75.22333369179377,72.35588301434153,73.92425554797983,-1.5683725336382963,30.826310997882988,78.24218790863165,69.67495541354097,0.11583826326919687,1.4733469776611698,-0.5023294637491411,66.38999938964844,67.089996337890625,65.589996337890625,66.36000061035156,341632,4.630142857142857,0,0,0,0,0,0,0,0,0,0,0,0,0,0,0,0,0,0,0,Thu,3,1,0,0,0,65,3,6,0,0,1,0,57.50476119192347,-0.27035515526723086,0,-0.10182464816771795,0,2026-05-03
2025-03-07,69.37999725341797,71.37999725341797,69.279998779296875,70.36000061035156,46468,0.012957119748653989,-0.038535114554034355,-0.0569628731434475,70.35600128173829,73.75619070870536,75.192381359282,72.04882418295846,73.66023666371107,-1.6114124807526196,35.724441955068144,78.30398304487899,69.20839837253173,0.12331960998731074,1.3234711925424445,-0.5401756705818588,66.339996337890625,68.220001220703125,66.12000274658203,67.04000091552734,329710,4.621857142857143,0,0,0,0,0,0,0,0,0,0,0,0,0,0,0,0,0,0,0,Fri,3,1,0,0,0,66,3,7,0,0,1,0,60.06765419123889,-0.27035515526723086,0,-0.10182464816771795,0,2026-05-03
2025-03-10,70.44000244140625,70.86000061035156,69.05999755859375,69.279998779296875,33488,-0.015349656362791397,-0.03267249200708566,-0.06743844493860185,69.88800048828125,73.51761917840867,75.1477782234313,71.6228510439336,73.33577459819891,-1.7129235542653163,32.729459907748904,78.45661042440946,68.57862793240787,0.13436211077551666,0.913133935217881,-0.553362651447673,67.11000061035156,67.5999984741211,65.80000305175781,66.029998779296875,249633,4.597,0,0,0,0,0,0,0,0,0,0,0,0,0,0,0,0,0,0,0,Mon,3,1,1,0,0,69,3,10,0,0,1,0,44.739627453712245,-0.27035515526723086,0,-0.10182464816771795,0,2026-05-03
2025-03-11,69.410003662109375,70.43000030517578,68.62999725341797,69.55999755859375,26933,0.004041552890161837,-0.02083338031897608,-0.06830974890648078,69.59199981689453,73.27476174490792,75.12301623632037,71.30548896926592,73.05608741008001,-1.7505984408140876,34.26804544533807,78.47259446295976,68.07692902685608,0.14187238809856806,0.7189994393870632,-0.5231209555825017,65.94999694824219,67.16999816894531,65.29000091552734,66.25,222511,4.590142857142857,0,0,0,0,0,0,0,0,0,0,0,0,0,0,0,0,0,0,0,Tue,3,1,0,0,0,70,3,11,0,0,1,0,49.69200907834053,-0.27035515526723086,0,-0.10182464816771795,0,2026-05-03
2025-03-12,69.8499984741211,71.089996337890625,69.470001220703125,70.94999694824219,30577,0.019982740633042395,0.023809434687211306,-0.06484783999248622,69.9219985961914,73.0404757545108,75.10412730867901,71.25079788910843,72.90008070920312,-1.6492828200946974,41.42975827526689,78.19030860414918,67.89064290487241,0.14101312447490036,0.7775441130473921,-0.41017588521097875,66.62000274658203,67.87999725341797,66.1500015258789,67.68000030517578,246675,4.583285714285715,0,0,0,0,0,0,0,0,0,0,0,0,0,0,0,0,0,0,0,Wed,3,1,0,0,0,71,3,12,0,0,1,0,53.93412984414144,-0.27035515526723086,0,-0.10182464816771795,0,2026-05-03
2025-03-13,70.9800033569336,71.23999786376953,69.68000030517578,69.87999725341797,33450,-0.015081039335417823,0.0060466192698123145,-0.09246756813742896,70.00599822998046,72.70142800467355,75.06746055966332,71.03990548361759,72.67637082358941,-1.6364653399718208,37.997723626979386,77.69143127303444,67.71142473631265,0.1372738722006978,0.7987563757235372,-0.3710770324036337,67.69000244140625,67.94000244140625,66.37000274658203,66.55000305175781,268590,4.576428571428572,0,0,0,0,0,0,0,0,0,0,0,0,0,0,0,0,0,0,0,Thu,3,1,0,0,0,72,3,13,0,0,1,0,57.11101512499964,-0.27035515526723086,0,-0.10182464816771795,0,2026-05-03
2025-03-14,70.08000183105469,70.75,69.94000244140625,70.58000183105469,24740,0.010017238196191824,0.003126793899867586,-0.061186465222778263,70.0499984741211,72.48238045828683,75.02079397534567,70.96915107553099,72.5210842315498,-1.5519331560188192,41.41684063365587,77.41898198308952,67.54577893348413,0.13621521516235746,0.6077369781175384,-0.28043962415758195,66.779998779296875,67.4800033569336,66.589996337890625,67.18000030517578,180495,4.569571428571429,0,0,0,0,0,0,0,0,0,0,0,0,0,0,0,0,0,0,0,Fri,3,1,0,0,0,73,3,14,0,0,1,0,59.79764435843217,-0.27035515526723086,0,-0.10182464816771795,0,2026-05-03
2025-03-17,70.68000030517578,71.79000091552734,70.68000030517578,71.06999969482422,29314,0.006942446175368877,0.025837196118171146,-0.05265258764320746,70.40799865722656,72.29428536551339,74.98365105523004,70.98466624772995,72.41359648808866,-1.42893024035871,43.75496966245892,77.12465846809525,67.46391226293153,0.1336308417231024,0.762230161578025,-0.21536280034662605,67.3499984741211,68.37000274658203,67.25,67.58000183105469,161298,4.549,0,0,0,0,0,0,0,0,0,0,0,0,0,0,0,0,0,0,0,Mon,3,1,1,0,0,76,3,17,0,0,1,0,44.823486400135245,-0.27035515526723086,0,-0.10182464816771795,0,2026-05-03
2025-03-18,70.93000030517578,72.19000244140625,70.26000213623047,70.55999755859375,32008,-0.0071760537275985525,0.014376078710434781,-0.05592722002474193,70.60799865722656,72.0952377319336,74.92127009800502,70.91933260324745,72.27629286368162,-1.356960260434164,41.88136068136755,76.84616915544892,67.34430630841827,0.13179598467184098,0.8947705347433628,-0.17243982671381364,67.4000015258789,68.720001220703125,66.55999755859375,66.9000015258789,110338,4.547000000000001,0,0,0,0,0,0,0,0,0,0,0,0,0,0,0,0,0,0,0,Tue,3,1,0,0,0,77,3,18,0,0,1,0,49.966208490122746,-0.27035515526723086,0,-0.10182464816771795,0,2026-05-03
2025-03-19,70.36000061035156,71.220001220703125,69.9000015258789,70.779998779296875,26898,0.0031179312402955794,-0.0023960278542271007,-0.06671938031286151,70.5739990234375,71.85428546723865,74.87158748081752,70.89789663033199,72.1654562648383,-1.2675596345063127,43.01493602585066,76.3117323950052,67.39683853947211,0.12406906279233337,0.8079903875037548,-0.06479146768758674,66.720001220703125,67.62999725341797,66.20999908447266,67.160003662109375,73077,4.545,0,0,0,0,0,0,0,0,0,0,0,0,0,0,0,0,0,0,0,Wed,3,1,0,0,0,78,3,19,0,0,1,0,54.12570831585783,-0.27035515526723086,0,-0.10182464816771795,0,2026-05-03
2025-03-20,70.86000061035156,72.29000091552734,70.529998779296875,72,33049,0.017236525031701033,0.030337762305483462,-0.053129943015326475,70.99799957275391,71.66190447126117,74.85269855317615,71.06745099489629,72.15320024522065,-1.0857492503243549,48.960109671119575,75.6885150826914,67.63529385983094,0.11237799612331083,1.0428019247456022,0.06369208031958024,67.29000091552734,68.470001220703125,66.87999725341797,68.26000213623047,283376,4.543,0,0,0,0,0,0,0,0,0,0,0,0,0,0,0,0,0,0,0,Thu,3,1,0,0,0,79,3,20,0,0,1,0,57.696768483276855,-0.27035515526723086,0,-0.10182464816771795,0,2026-05-03
2025-03-21,72.2300033569336,72.54000091552734,71.51000213623047,72.160003662109375,23983,0.0022222730848524552,0.022385970389129373,-0.05648534917895731,71.31399993896484,71.45619020007905,74.83317481146918,71.23553602062138,72.15370420202721,-0.9181681814058322,49.701274539069864,74.83889046535502,68.07348993480308,0.09467899858092993,0.8145292759135987,0.1505054851154701,68.3499984741211,68.6500015258789,67.6500015258789,68.279998779296875,198964,4.541,0,0,0,0,0,0,0,0,0,0,0,0,0,0,0,0,0,0,0,Fri,3,1,0,0,0,80,3,21,0,0,1,0,60.58751644144104,-0.27035515526723086,0,-0.10182464816771795,0,2026-05-03
2025-03-24,72.19999694824219,73.160003662109375,71.80000305175781,73,31456,0.011640746885545061,0.02715632916087296,-0.019212687079303126,71.7,71.38809494745163,74.83507961697049,71.50699201744887,72.21639277965483,-0.7094007622059593,53.51744071359173,74.571041109378,68.20514878552527,0.089173024277208,1.0757571612267791,0.23982421539641668,68.3499984741211,69.33000183105469,67.94999694824219,69.11000061035156,247024,4.535,0,0,0,0,0,0,0,0,0,0,0,0,0,0,0,0,0,0,0,Mon,3,1,1,0,0,83,3,24,0.051619667223253764,0,1,0,45.62337776164561,-0.27035515526723086,0,-0.10182464816771795,0,2026-05-03
2025-03-25,73.089996337890625,73.56999969482422,72.5,73.0199966430664,30415,2.7392661734793045e-4,0.03486393380937769,-0.023535733684950655,72.19199981689454,71.30428532191685,74.83634936620318,71.73976195985156,72.2759189917594,-0.5361570319078339,53.6076769145841,74.19102458164555,68.41754606218815,0.0809695867982117,1.0279157795126568,0.2637363308078627,69.160003662109375,69.68000030517578,68.5199966430664,69,258411,4.559428571428572,0,0,0,0,0,0,0,0,0,0,0,0,0,0,0,0,0,0,0,Tue,3,1,0,0,0,84,3,25,0.06880242680231986,0,1,0,51.10638798686508,-0.27035515526723086,0,-0.10182464816771795,0,2026-05-03
2025-03-26,73.18000030517578,74.16999816894531,73.089996337890625,73.79000091552734,27419,0.010545115144620532,0.04252616824162603,0.010545115144620532,72.79400024414062,71.34095219203404,74.8547621227446,72.05518333764783,72.3880732083348,-0.3328898706869694,57.06413806875581,74.33672257029886,68.34518181376922,0.08398459191295547,0.9366587868767337,0.2985715425931474,69.160003662109375,70.220001220703125,69.05999755859375,69.6500015258789,262413,4.583857142857143,0,0,0,0,0,0,0,0,0,0,0,0,0,0,0,0,0,0,0,Wed,3,1,0,0,0,85,3,26,0.08596479873744647,0,1,0,55.65147026126467,-0.27035515526723086,0,-0.10182464816771795,0,2026-05-03
2025-03-27,73.98999786376953,74.06999969482422,73.2300033569336,74.029998779296875,19183,0.003252444244366881,0.028194427490234375,0.020681097824975625,73.2,71.41238076346261,74.86190493144686,72.35900109790153,72.50969732470236,-0.15069622680083228,58.111694145729224,74.59304728798512,68.2317142389401,0.08907885412916697,0.6888837017219399,0.35090124109289145,69.95999908447266,69.970001220703125,69.12000274658203,69.91999816894531,211825,4.6082857142857145,0,0,0,0,0,0,0,0,0,0,0,0,0,0,0,0,0,0,0,Thu,3,1,0,0,0,86,3,27,0.10310169744743485,0,1,0,59.33568460470052,-0.27035515526723086,0,-0.10182464816771795,0,2026-05-03
2025-03-28,74.05999755859375,74.20999908447266,73.12000274658203,73.62999725341797,12292,-0.005403235613597901,0.020371307049704024,-0.0055375966644996,73.49399871826172,71.39285677955264,74.86777786981492,72.55453896798097,72.59268250460721,-0.038143536626236596,55.673627519064254,74.510183455702375,68.27553010340291,0.08732881178226087,0.46207573200209007,0.34006600851540875,69.910003662109375,70.089996337890625,68.87000274658203,69.36000061035156,246650,4.632714285714286,0,0,0,0,0,0,0,0,0,0,0,0,0,0,0,0,0,0,0,Fri,3,1,0,0,0,87,3,28,0.1202080448993527,0,1,0,62.200635367603134,-0.27035515526723086,0,-0.10182464816771795,0,2026-05-03
2025-03-31,73.41999816894531,74.79000091552734,73.37000274658203,74.73999786376953,53426,0.015075385736212699,0.023835587174925177,0.021317266358133802,73.84199829101563,71.46714237758091,74.87682548401848,72.89076341348691,72.75174290158219,0.1390205119047181,60.61208458572435,74.82816050112879,68.10612425403303,0.09405771692369284,1.8414567313160697,0.35105493566492063,69.43000030517578,71.83000183105469,68.80999755859375,71.4800033569336,313087,4.706,0,0,0,0,0,0,0,0,0,0,0,0,0,0,0,0,0,0,0,Mon,3,1,1,0,0,90,3,31,0.1712931441814776,0,1,0,46.80489056341332,-0.27035515526723086,0,-0.10182464816771795,0,2026-05-03
2025-04-01,74.62999725341797,75.279998779296875,74.339996337890625,74.48999786376953,54055,-0.0033449291831086914,0.020131488472791004,0.040072535704062995,74.13599853515625,71.6038088117327,74.87841276138548,73.13679948276115,72.88050252841087,0.256296954350276,59.0172718498989,75.21502110494829,67.99259651851712,0.10086648610300933,1.7315552765106863,0.37795592926360716,71.38999938964844,72.0999984741211,71.029998779296875,71.19999694824219,272832,4.726142857142857,0,0,0,0,0,0,0,0,0,0,0,0,0,0,0,0,0,0,0,Tue,4,2,0,0,0,91,4,1,0.1882267098432442,0,1,0,52.35109092933944,-0.27035515526723086,0,-0.10182464816771795,0,2026-05-03
2025-04-02,74.4000015258789,75.45999908447266,73.70999908447266,74.94999694824219,61062,0.006175313433542051,0.015720233342221723,0.05503935785930181,74.36799774169921,71.78999909900483,74.88333335755364,73.415752938989,73.03379841136135,0.3819545276276557,61.04813372668159,75.67214704955711,67.90785114845255,0.1081528903545033,1.7630651960501242,0.367164595048505,71.19999694824219,72.279998779296875,70.589996337890625,71.70999908447266,286501,4.746285714285714,0,0,0,0,0,0,0,0,0,0,0,0,0,0,0,0,0,0,0,Wed,4,2,0,0,0,92,4,2,0.2051044998686192,0.01291029607500882,1,0,56.87831952077653,-0.27035515526723086,0,-0.10182464816771795,0,2026-05-03
2025-04-03,73.589996337890625,73.62000274658203,69.470001220703125,70.13999938964844,100212,-0.06417608745088232,-0.052546257649490946,0.01212115874314268,73.58999786376953,71.82999892461868,74.79142858111669,72.91179085447507,72.81944292827151,0.09234792620355847,39.183076254945696,75.62062374299427,68.03937410624309,0.10554433732774036,2.4234890677939456,0.21973612020303712,70.37999725341797,70.410003662109375,65.9800033569336,66.94999694824219,459238,4.7664285714285715,0,0,0,0,0,0,0,0,0,0,0,0,0,0,0,0,0,0,0,Thu,4,2,0,0,0,93,4,3,0.2219215130041655,0.030120304846908114,1,0,59.53113957872592,-0.27035515526723086,0,-0.10182464816771795,0,2026-05-03
2025-04-04,69.80999755859375,70.05000305175781,64.01000213623047,65.58000183105469,121211,-0.06501279723801556,-0.1093303778710869,-0.05585944866914516,71.97999877929688,71.6452371506464,74.61793651278057,71.7838233124104,72.28318803218137,-0.4993647197709663,28.69158523970529,76.21848264635602,67.07199165493677,0.1276636292261437,2.373284566630966,-0.039890146779490564,66.63999938964844,66.9000015258789,60.45000076293945,61.9900016784668,559638,4.786571428571429,0,0,0,0,0,0,0,0,0,0,0,0,0,0,0,0,0,0,0,Fri,4,2,0,0,0,94,4,4,0.2386727660059501,0.04732138832243185,1,0,60.731602794621,-0.27035515526723086,0,-0.10182464816771795,0,2026-05-03
2025-04-07,64.79000091552734,67.410003662109375,62.5099983215332,64.20999908447266,114411,-0.020890556699150298,-0.14088840085987386,-0.08740763889325631,69.8739990234375,71.35237993512835,74.42603168790302,70.61861958503536,71.6851740360548,-1.0665544510194422,26.40413265433236,76.94528135807532,65.75947851218139,0.156768461767691,1.9271298295732089,-0.3313407478751724,61.119998931884766,63.900001525878906,58.95000076293945,60.70000076293945,597617,4.847,0,0,0,0,0,0,0,0,0,0,0,0,0,0,0,0,0,0,0,Mon,4,2,1,0,0,97,4,7,0.288482432880609,0.09882013873287143,1,0,43.92380817677313,-0.27035515526723086,0,-0.10182464816771795,0,2026-05-03
2025-04-08,64.44000244140625,65.19000244140625,61.279998779296875,62.81999969482422,89690,-0.021647709227028633,-0.15666530411623725,-0.09324479212322268,67.53999938964844,71.04476093110584,74.20015861874535,69.41883190961826,71.02849445522291,-1.6096625456046496,24.28833937078509,77.72191993864409,64.36760192356759,0.1879704828344284,1.3735889279757902,-0.6273407485458895,61.029998779296875,61.75,57.880001068115234,59.58000183105469,557655,4.837142857142857,0,0,0,0,0,0,0,0,0,0,0,0,0,0,0,0,0,0,0,Tue,4,2,0,0,0,98,4,8,0.30492122465628907,0.11593459959550041,1,0,47.68863578924527,-0.27035515526723086,0,-0.10182464816771795,0,2026-05-03
2025-04-09,61.54999923706055,66.0199966430664,58.38999938964844,65.4800033569336,127044,0.04234326130263466,-0.12635082023883515,-0.05865431778118424,65.64600067138672,70.85047549293155,74.03063480437748,68.81285828612832,70.61749511460889,-1.804636828480568,35.01928771027811,77.93414097325291,63.76681001261019,0.19996098631767303,1.6880994331544832,-0.772131817157454,58.31999969482422,62.93000030517578,55.119998931884766,62.349998474121094,592250,4.827285714285715,0,0,0,0,0,0,0,0,0,0,0,0,0,0,0,0,0,0,0,Wed,4,2,0,0,0,99,4,9,0.32126966169236443,0.1330147065341959,1,0,51.237041522660874,-0.27035515526723086,0,-0.10182464816771795,0,2026-05-03
2025-04-10,65.80999755859375,66.2300033569336,62.0099983215332,63.33000183105469,78111,-0.03283447488783986,-0.09709149726053179,-0.10739951296610006,64.28400115966797,70.48761858258929,73.81492057679192,67.96934190842468,70.07768079730857,-2.1083388888838925,31.173367510122123,78.29369614919537,62.68154101598322,0.2214879073396361,0.9625342261501343,-0.9444173288869349,62.709999084472656,63.34000015258789,58.7599983215332,60.06999969482422,391826,4.817428571428572,0,0,0,0,0,0,0,0,0,0,0,0,0,0,0,0,0,0,0,Thu,4,2,0,0,0,100,4,10,0.3375228995941133,0.1500553983446526,1,0,53.639491375003225,-0.27035515526723086,0,-0.10182464816771795,0,2026-05-03
2025-04-11,63.45000076293945,65.05000305175781,62.7599983215332,64.76000213623047,58543,0.02258013996258179,-0.012503807135240352,-0.07326839322302736,64.12000122070313,70.24380929129464,73.57682533869668,67.4755973280871,69.68377867426575,-2.208181346178648,36.192693662960615,78.43969019544808,62.0479283871412,0.23335525185332345,0.6825062808578107,-1.0093403072147578,60.20000076293945,61.869998931884766,59.43000030517578,61.5,306231,4.807571428571428,0,0,0,0,0,0,0,0,0,0,0,0,0,0,0,0,0,0,0,Fri,4,2,0,0,0,101,4,11,0.3536761221763716,0.16705162550211924,1,0,55.849815857243115,-0.27035515526723086,0,-0.10182464816771795,0,2026-05-03
2025-04-14,64.88999938964844,65.9000015258789,64.04000091552734,64.87999725341797,43786,0.0018529202166341907,0.010434483390412197,-0.08075948469483829,64.25400085449219,69.97238050188336,73.32079351515998,67.07627423967648,69.32794301346222,-2.251668773785738,36.61044583855288,78.49262260862035,61.452138395146385,0.24353157762033417,0.5162682387619749,-1.0339558528019854,61.70000076293945,62.68000030517578,60.59000015258789,61.529998779296875,238068,4.778,0,0,0,0,0,0,0,0,0,0,0,0,0,0,0,0,0,0,0,Mon,4,2,1,0,0,104,4,14,0.401487989205973,0.21772323039653177,1,0,41.555986967535574,-0.27035515526723086,0,-0.10182464816771795,0,2026-05-03
2025-04-15,64.93000030517578,65.38999938964844,64.2300033569336,64.66999816894531,40096,-0.0032367307854901384,0.02944919584699579,-0.090052083204736455,64.6240005493164,69.66761852446056,73.07873002309648,66.70607792110245,68.98291006201651,-2.276832140914067,36.16420862427102,78.47594005785697,60.85929699106415,0.25286701971314773,0.4806717128245457,-1.0034063988989512,61.58000183105469,62.060001373291016,60.880001068115234,61.33000183105469,197404,4.770714285714285,0,0,0,0,0,0,0,0,0,0,0,0,0,0,0,0,0,0,0,Tue,4,2,0,0,0,105,4,15,0.4171936026123168,0.23449138957040985,1,0,46.16324278892544,-0.27035515526723086,0,-0.10182464816771795,0,2026-05-03
2025-04-16,64.86000061035156,66.30999755859375,63.79999923706055,65.8499984741211,50308,0.018246487375693565,0.005650505470664813,-0.06675169001474845,64.6979995727539,69.4433328537714,72.82190462142702,66.57437339079763,68.75084253698722,-2.1764691461895893,40.549191811948894,78.39491526564765,60.491750441895135,0.2578097001975938,0.6109699640034394,-0.8911427089146204,61.540000915527344,62.97999954223633,60.439998626708984,62.470001220703125,213194,4.763428571428571,0,0,0,0,0,0,0,0,0,0,0,0,0,0,0,0,0,0,0,Wed,4,2,0,0,0,106,4,16,0.4327755925504312,0.25119006388481935,1,0,50.08581085692081,-0.27035515526723086,0,-0.10182464816771795,0,2026-05-03
2025-04-17,66.01000213623047,68.12999725341797,65.94999694824219,67.95999908447266,39781,0.032042530892096854,0.07310906552267915,-0.03984175958546454,65.6239990234375,69.30904715401786,72.61031729077536,66.78754657443994,68.69226154050466,-1.9047149660647165,47.494529764515434,78.26101962968397,60.357074678351744,0.2583204601203976,0.5213891302666777,-0.6958241053989968,62.630001068115234,64.86000061035156,62.61000061035156,64.68000030517578,111479,4.756142857142857,0,0,0,0,0,0,0,0,0,0,0,0,0,0,0,0,0,0,0,Thu,4,2,0,0,0,107,4,17,0.4482293417404106,0.2678143051621742,1,0,53.64934709223056,-0.27035515526723086,0,-0.10182464816771795,0,2026-05-03
2025-04-21,67.779998779296875,67.779998779296875,65.68000030517578,66.26000213623047,38512,-0.025014669969743997,0.023162445190235914,-0.07972219255235458,65.9239990234375,69.03571392240978,72.37968238951667,66.70638589163849,68.5120941772251,-1.8057082855866042,43.1233528487483,77.9931194860882,60.07830835873136,0.25950062814576746,0.566118168641828,-0.4875603476723487,64.30000305175781,64.41999816894531,62.45000076293945,63.08000183105469,82671,4.727,0,0,0,0,0,0,0,0,0,0,0,0,0,0,0,0,0,0,0,Mon,4,2,1,0,0,111,4,21,0.5086709438521044,0.3334687789181868,1,0,35.1407955973614,-0.27035515526723086,0,-0.10182464816771795,0,2026-05-03
2025-04-22,66.5999984741211,68.04000091552734,66.55000305175781,67.44000244140625,46152,0.01780863669080035,0.03945754155921177,-0.06541021315359996,66.43600006103516,68.81095195951916,72.19158717564174,66.81924997621815,68.43267997457185,-1.613429998353709,46.78445595349634,77.6754858353063,59.94641808373201,0.25764892428757763,0.7540893071012037,-0.21654934725918712,63.43000030517578,65.089996337890625,63.43000030517578,64.30999755859375,297928,4.723428571428571,0,0,0,0,0,0,0,0,0,0,0,0,0,0,0,0,0,0,0,Tue,4,2,0,0,0,112,4,22,0.5234156073655503,0.3496474552512284,1,0,41.587510953948566,-0.27035515526723086,0,-0.10182464816771795,0,2026-05-03
2025-04-23,67.76000213623047,68.63999938964844,65.29000091552734,66.12000274658203,58914,-0.01957294850294633,0.022421596083066042,-0.09424653771805436,66.7260009765625,68.48333304268974,71.98714277479384,66.71167347935105,68.26137055027631,-1.5496970709252622,43.41763133640472,77.20501718175468,59.76164890362479,0.25470968632990465,1.0135794249260641,0.06290117200914178,64,64.87000274658203,61.529998779296875,62.27000045776367,397841,4.719857142857143,0,0,0,0,0,0,0,0,0,0,0,0,0,0,0,0,0,0,0,Wed,4,2,0,0,0,113,4,23,0.5380051715382996,0.36572252349726897,1,0,46.47756921501906,-0.27035515526723086,0,-0.10182464816771795,0,2026-05-03
2025-04-24,66.220001220703125,67.029998779296875,65.80999755859375,66.55000305175781,36169,0.006503331629066134,0.010630289959867145,-0.08860577771504119,66.86600189208984,68.17523810977028,71.80079360235305,66.68680110587516,68.13460258742309,-1.447801481547927,44.810953099835864,76.67820167663842,59.67227454290212,0.2494443379332937,0.7375828962501938,0.234879227522964,62.34000015258789,63.310001373291016,61.9900016784668,62.790000915527344,264908,4.716285714285714,0,0,0,0,0,0,0,0,0,0,0,0,0,0,0,0,0,0,0,Thu,4,2,0,0,0,114,4,24,0.5524353131676196,0.3816892202666588,1,0,50.48537195876335,-0.27035515526723086,0,-0.10182464816771795,0,2026-05-03
2025-04-25,66.56999969482422,67.18000030517578,65.55999755859375,66.87000274658203,30729,0.0048084099196110675,-0.016038792710043825,-0.09377961896039444,66.64800262451172,67.84571438743954,71.61619047134641,66.71498597367622,68.04092852513857,-1.3259425514623473,45.87902717767454,75.96236051167938,59.72906826319971,0.2392677620840998,0.6936725433982709,0.2814507452996213,62.86000061035156,63.40999984741211,61.79999923706055,63.02000045776367,283758,4.712714285714286,0,0,0,0,0,0,0,0,0,0,0,0,0,0,0,0,0,0,0,Fri,4,2,0,0,0,115,4,25,0.5667017562911176,0.39754281428255595,1,0,53.764699900550895,-0.27035515526723086,0,-0.10182464816771795,0,2026-05-03
2025-04-28,67.20999908447266,67.529998779296875,65.25,65.86000061035156,21525,-0.015103964329986397,-0.006036847464274242,-0.11036064168124937,66.56800231933593,67.45666685558501,71.438095213874945,66.58344976393397,67.87937830922841,-1.2959285452944442,43.047297550311924,75.09759467454718,59.815739036622844,0.22654329587082303,0.5302089799296503,0.24832979977785838,63.4900016784668,63.91999816894531,61.47999954223633,62.04999923706055,276116,4.702,0,0,0,0,0,0,0,0,0,0,0,0,0,0,0,0,0,0,0,Mon,4,2,1,0,0,118,4,28,0.6084768701151261,0.4443781781046132,1,0,40.70259852140165,-0.27035515526723086,0,-0.10182464816771795,0,2026-05-03
2025-04-29,65.75,65.80999755859375,63.88999938964844,64.25,17528,-0.02444580314957534,-0.047301339352379346,-0.12739369283329072,65.93000183105468,67.01000031970796,71.22793651762463,66.22445749255951,67.61053547150779,-1.386077978948279,38.923151708075494,74.21974182568621,59.80025881372969,0.21518404630891613,0.46161058059486876,0.11613192715487367,61.869998931884766,62.06999969482422,60.119998931884766,60.41999816894531,312373,4.697285714285714,0,0,0,0,0,0,0,0,0,0,0,0,0,0,0,0,0,0,0,Tue,4,2,0,0,0,119,4,29,0.6220467484408675,0.45973273945210397,1,0,45.41474125877672,-0.27035515526723086,0,-0.10182464816771795,0,2026-05-03
2025-04-30,63.54999923706055,63.75,63,63.119998931884766,79025,-0.017587565262493943,-0.04537210662551505,-0.15547229413981023,65.33000106811524,66.45666703723725,71.01428567795526,65.74684848322494,67.27790313523941,-1.5310546520144754,36.29487591423143,72.91965983515853,59.99367423931598,0.1945024656231979,1.8876465150498156,0.03305502252264214,60.15999984741211,60.43000030517578,57.90999984741211,58.209999084472656,419549,4.692571428571428,0,0,0,0,0,0,0,0,0,0,0,0,0,0,0,0,0,0,0,Wed,4,2,0,0,0,120,4,30,0.6354323008901774,0.47495107206704995,1,0,48.9513988264422,-0.27035515526723086,0,-0.10182464816771795,0,2026-05-03
2025-05-01,61.13999938964844,62.36000061035156,59.310001373291016,62.130001068115234,66984,-0.01568437706784309,-0.06641625516087535,-0.16592827426655032,64.44600067138671,65.86809576125373,70.78031739734467,65.19041041936191,66.89657705619318,-1.70616663683127,34.12104694783624,71.44953419027156,60.28665733223589,0.16947319835230654,1.5387336642783798,-0.13881306071857888,58.15999984741211,59.5,56.38999938964844,59.2400016784668,364216,4.687857142857142,0,0,0,0,0,0,0,0,0,0,0,0,0,0,0,0,0,0,0,Thu,5,2,0,1,0,121,5,1,0.6486295610349814,0.49002866642905923,0,0,51.58488505705937,-0.27035515526723086,0,-0.10182464816771795,0,2026-05-03
2025-05-02,61.880001068115234,62.720001220703125,60.70000076293945,61.290000915527344,58444,-0.013520040852195825,-0.08344551520659094,-0.18225479104619513,63.33000030517578,65.21761975969586,70.53476182241289,64.59034741877198,66.48127511984757,-1.890927701075583,32.35056417532645,69.34932154782561,61.08591797156612,0.12670507765703878,1.2873638161865448,-0.28226355248755197,58.9900016784668,59.869998931884766,57.7400016784668,58.290000915527344,322096,4.683142857142857,0,0,0,0,0,0,0,0,0,0,0,0,0,0,0,0,0,0,0,Fri,5,2,0,1,0,122,5,2,0.6616346182422783,0.5049610547215204,0,0,53.51944761768815,-0.27035515526723086,0,-0.10182464816771795,0,2026-05-03
2025-05-05,59.5099983215332,60.77000045776367,58.40999984741211,60.22999954223633,49504,-0.017294850015616037,-0.0854843761910069,-0.14128884992369517,62.204000091552736,64.74571500505719,70.28507928999643,63.91952466853573,66.01821766965413,-2.0986930011184057,30.21962903099513,68.77869793326182,60.71273207685257,0.12457914559719103,1.0646616800079143,-0.4367911621764469,56.7599983215332,57.70000076293945,55.29999923706055,57.130001068115234,308387,4.669,0,0,0,0,0,0,0,0,0,0,0,0,0,0,0,0,0,0,0,Mon,5,2,1,1,0,125,5,5,0.6994583270516471,0.548842958284719,0,0,39.4392995048143,-0.27035515526723086,0,-0.10182464816771795,0,2026-05-03
2025-05-06,60.279998779296875,62.79999923706055,60.189998626708984,62.150001525878906,63444,0.031877834936661076,-0.0326848011536357,-0.0523025344526834,61.784000396728516,64.58238165719169,70.06206348964146,63.64729033889622,65.7316831404856,-2.084392801589381,38.164813434622445,68.74906419899591,60.41569911538746,0.12903465108862971,1.3155395570079582,-0.5229450686947344,57.25,59.84000015258789,57.029998779296875,59.09000015258789,343893,4.6822857142857135,0,0,0,0,0,0,0,0,0,0,0,0,0,0,0,0,0,0,0,Tue,5,2,0,1,0,126,5,6,0.7116566222817746,0.5631507242749186,0,0,43.97674806105369,-0.27035515526723086,0,-0.10182464816771795,0,2026-05-03
2025-05-07,62.06999969482422,63.209999084472656,60.849998474121094,61.119998931884766,60579,-0.01657284905399803,-0.03168567860969507,-0.04812334833586873,61.38400039672852,64.43523879278274,69.84793647887214,63.258476276279076,65.39007690281147,-2.1316006265323963,35.809288407980624,68.86696466209017,60.003512923475306,0.13755596944583126,1.2518106920201435,-0.5885496034726994,58.97999954223633,60.2599983215332,57.810001373291016,58.06999969482422,295238,4.695571428571428,0,0,0,0,0,0,0,0,0,0,0,0,0,0,0,0,0,0,0,Wed,5,2,0,1,0,127,5,7,0.7236440382959124,0.5772916165517272,0,0,47.39659170016833,-0.27035515526723086,0,-0.10182464816771795,0,2026-05-03
2025-05-08,60.93000030517578,63.209999084472656,60.779998779296875,62.84000015258789,56931,0.028141381720572012,0.01142763676592029,3.183772343335889e-4,61.52600021362305,64.43619119553338,69.66619043501596,63.19409533417274,65.20118232872083,-2.0070869945480965,42.222272404742945,68.86646750363313,60.00591488743364,0.13750894414773684,1.1280322889360461,-0.5146595797695964,57.93000030517578,60.290000915527344,57.7400016784668,59.90999984741211,281000,4.708857142857142,0,0,0,0,0,0,0,0,0,0,0,0,0,0,0,0,0,0,0,Thu,5,2,0,1,0,128,5,8,0.7354170229639855,0.5912614448635781,0,0,50.475740736440535,-0.27035515526723086,0,-0.10182464816771795,0,2026-05-03
2025-05-09,63.25,64.2699966430664,62.849998474121094,63.90999984741211,51994,0.017027366203469896,0.04274757534260387,-0.023976839172767717,62.05,64.36142912365142,69.49555545383029,63.30423449005572,65.10553918195723,-1.8013046919015068,45.846802052466785,68.77066256319318,59.952195684109654,0.13701477731548595,0.988558021743181,-0.4437365018404458,60.25,61.45000076293945,59.88999938964844,61.02000045776367,239640,4.722142857142857,0,0,0,0,0,0,0,0,0,0,0,0,0,0,0,0,0,0,0,Fri,5,2,0,1,0,129,5,9,0.7469720876965552,0.6050560696488488,0,0,53.281583194633164,-0.27035515526723086,0,-0.10182464816771795,0,2026-05-03
2025-05-12,64.2300033569336,66.37999725341797,63.88999938964844,64.95999908447266,62946,0.016429341880260795,0.07853228587390926,0.02573815263366508,62.99599990844727,64.43904804048084,69.32238079252697,63.5589675045814,65.09475843399541,-1.5357909294140057,49.21368424807116,68.82936973117062,60.048726349791075,0.13626277309161222,1.109417162073323,-0.293582656357315,61.38999938964844,63.61000061035156,61.02000045776367,61.95000076293945,325865,4.762,0,0,0,0,0,0,0,0,0,0,0,0,0,0,0,0,0,0,0,Mon,5,2,1,1,0,132,5,12,0.7802958510707755,0.6453481132295501,0,0,40.26975000587643,-0.27035515526723086,0,-0.10182464816771795,0,2026-05-03
2025-05-13,64.91999816894531,66.80000305175781,64.6500015258789,66.62999725341797,55567,0.025708100253722055,0.07208359802973807,0.02887577293857624,63.891999053955075,64.52809542701358,69.15777757432726,64.03143361978702,65.20847982802671,-1.1770462082396875,54.10149159323719,69.02043004239526,60.0357608116319,0.13923654760469004,0.9178286737427694,-0.12832993727464037,62,63.900001525878906,61.650001525878906,63.66999816894531,258795,4.767857142857142,0,0,0,0,0,0,0,0,0,0,0,0,0,0,0,0,0,0,0,Tue,5,2,0,1,0,133,5,13,0.7909456567567772,0.6584015846980488,0,0,45.540291349725045,-0.27035515526723086,0,-0.10182464816771795,0,2026-05-03
2025-05-14,66.5199966430664,66.589996337890625,65.68000030517578,66.089996337890625,49980,-0.008104471526143464,0.0813154040062185,0.018649801721576154,64.88599853515625,64.58571443103608,69.01349179706877,64.34813557641834,65.2737773472759,-0.9256417708575526,52.34711311280387,69.12776973894765,60.043659123124506,0.14065201098801897,0.8671467955646777,0.03342828436212314,63.619998931884766,63.68000030517578,62.75,63.150001525878906,225626,4.773714285714285,0,0,0,0,0,0,0,0,0,0,0,0,0,0,0,0,0,0,0,Wed,5,2,0,1,0,134,5,14,0.8013610881746766,0.6712599575675313,0,0,49.650176480018736,-0.27035515526723086,0,-0.10182464816771795,0,2026-05-03
2025-05-15,65.76000213623047,65.839996337890625,63.439998626708984,64.529998779296875,70642,-0.023604140490765535,0.026893676362274688,-0.0021648274874339624,65.22399826049805,64.57904779343377,68.84698389446925,64.37611453070734,65.2186826385367,-0.842568107829365,47.55001283397267,69.12099449635348,60.03710109051407,0.14066316733092232,1.2179004225636216,0.1631865952041116,62.880001068115234,62.90999984741211,60.470001220703125,61.619998931884766,258404,4.779571428571428,0,0,0,0,0,0,0,0,0,0,0,0,0,0,0,0,0,0,0,Thu,5,2,0,1,0,135,5,15,0.811539059007361,0.6839194216246106,0,0,52.62238000115314,-0.27035515526723086,0,-0.10182464816771795,0,2026-05-03
2025-05-16,64.62999725341797,65.54000091552734,64.16999816894531,65.410003662109375,38629,0.013637143955670394,0.023470565142835076,-0.006681774065410706,65.5239990234375,64.55809565952846,68.69888874841115,64.53517439707689,65.23285456620876,-0.6976801691318713,50.315989745539426,69.07943069364269,60.036760625414225,0.1400702727651449,0.689537606923044,0.2950768607003349,61.70000076293945,62.709999084472656,61.25,62.4900016784668,121556,4.785428571428572,0,0,0,0,0,0,0,0,0,0,0,0,0,0,0,0,0,0,0,Fri,5,2,0,1,0,136,5,16,0.8214765533024142,0.6963762255968722,0,0,55.17718643855432,-0.27035515526723086,0,-0.10182464816771795,0,2026-05-03
2025-05-19,65.30999755859375,66.01000213623047,64.43000030517578,65.54000091552734,43539,0.001987421589050742,0.008928599741826693,-0.03560915540827647,65.63999938964844,64.44285765148345,68.53539675757999,64.6897630922231,65.25560614763977,-0.5658430554166642,50.72934671369333,68.71660700548617,60.16910829748073,0.1326368665125246,0.7855466205744329,0.37958239880236916,62.75,63.400001525878906,61.56999969482422,62.689998626708984,95570,4.803,0,0,0,0,0,0,0,0,0,0,0,0,0,0,0,0,0,0,0,Mon,5,2,1,1,0,139,5,19,0.8498170915275278,0.7324940716135789,0,0,41.35812384920095,-0.27035515526723086,0,-0.10182464816771795,0,2026-05-03
2025-05-20,65.56999969482422,66,64.8499984741211,65.37999725341797,42663,-0.0024413130893238266,-0.018760318948322863,-0.013281087450060958,65.38999938964844,64.4009526570638,68.36619035024492,64.79595296317616,65.26482030362334,-0.4688673404471757,50.176015435687745,68.6167327191533,60.18517259497429,0.13092290993080832,0.7997263201304665,0.4165932875413155,62.68000030517578,63.16999816894531,62.189998626708984,62.560001373291016,250414,4.793857142857143,0,0,0,0,0,0,0,0,0,0,0,0,0,0,0,0,0,0,0,Tue,5,2,0,1,0,140,5,20,0.8587639582758029,0.7441039398713607,0,0,46.164602411943605,-0.27035515526723086,0,-0.10182464816771795,0,2026-05-03
2025-05-21,65.61000061035156,67.48999786376953,64.61000061035156,64.910003662109375,58658,-0.0071886450145731695,-0.017854331081340047,-0.03751480853659528,65.15400085449218,64.28047652471633,68.18253956143818,64.8134992245505,65.23853758943712,-0.4250383648866176,48.50247374237878,68.27002568535616,60.29092736407651,0.12412942082362483,1.1035294958696187,0.39760443718878763,62.27000045776367,64.19000244140625,61.279998779296875,61.56999969482422,302702,4.784714285714285,0,0,0,0,0,0,0,0,0,0,0,0,0,0,0,0,0,0,0,Wed,5,2,0,1,0,141,5,21,0.8674563547295968,0.7554933140726803,0,0,49.91701537676002,-0.27035515526723086,0,-0.10182464816771795,0,2026-05-03
2025-05-22,64.63999938964844,65.0199966430664,63.529998779296875,64.44000244140625,45811,-0.007240813344422614,-0.001394643415358332,-0.025408352017387448,65.13600158691406,64.20047651018415,68.02396816677518,64.75603818098985,65.17938683773113,-0.4233486567412825,46.8206909001963,68.10149443565298,60.29945858471531,0.12152613617595238,0.8802545592194132,0.3252748761858262,61.33000183105469,61.75,60.25,61.20000076293945,258549,4.775571428571428,0,0,0,0,0,0,0,0,0,0,0,0,0,0,0,0,0,0,0,Thu,5,2,0,1,0,142,5,22,0.8758917051442429,0.766658819300159,0,0,52.82591365861777,-0.27035515526723086,0,-0.10182464816771795,0,2026-05-03
2025-05-23,64.0199966430664,65.04000091552734,63.310001373291016,64.779998779296875,29810,0.005276168916966917,-0.009631628918214674,-0.026596606931548195,65.01000061035157,64.11619059244792,67.86523800804501,64.75972442688324,65.14980253710637,-0.3900781102231292,48.21941769633582,67.87800103239523,60.35438015250061,0.11734354162926221,0.598300033116238,0.2138682354937554,60.810001373291016,61.880001068115234,60.02000045776367,61.529998779296875,273392,4.7664285714285715,0,0,0,0,0,0,0,0,0,0,0,0,0,0,0,0,0,0,0,Fri,5,2,0,1,0,143,5,23,0.8840675099433636,0.777597146973627,0,0,55.223228524506595,-0.27035515526723086,0,-0.10182464816771795,0,2026-05-03
2025-05-27,65.0199966430664,65.410003662109375,63.470001220703125,64.089996337890625,34117,-0.01065147351664919,-0.02212396334119049,-0.04157329586521519,64.71999969482422,63.983809334891184,67.72349197145492,64.656689336269,65.07129837420149,-0.41460903793249315,45.59822349443075,67.52796714584711,60.439651523935254,0.11078295736991252,0.7267967005811476,0.1260440113780242,61.70000076293945,62.13999938964844,60.2599983215332,60.88999938964844,291317,4.728571428571429,0,0,0,0,0,0,0,0,0,0,0,0,0,0,0,0,0,0,0,Tue,5,2,0,1,0,147,5,27,0.9141279881853337,0.8190148866680801,0,0,35.35133441354132,-0.27035515526723086,0,-0.10182464816771795,0,2026-05-03
2025-05-28,64.31999969482422,65.61000061035156,64.029998779296875,64.9000015258789,17817,0.012638558812171352,-0.007341629668146998,-0.01457636009073715,64.6240005493164,63.93809509277344,67.60238090394036,64.69412198082436,65.05860971877019,-0.36448773794582223,49.09644426093353,67.40452558372324,60.47166460182363,0.10843083410352009,0.412749672200266,0.018879213437928838,61.040000915527344,62.540000915527344,60.849998474121094,61.84000015258789,260374,4.718142857142857,0,0,0,0,0,0,0,0,0,0,0,0,0,0,0,0,0,0,0,Wed,5,2,0,1,0,148,5,28,0.9209712877166346,0.8287700871745038,0,0,41.26810562217389,-0.27035515526723086,0,-0.10182464816771795,0,2026-05-03
2025-05-29,65.30000305175781,66.12999725341797,63.779998779296875,64.1500015258789,10456,-0.011556240098098303,-0.011708551738599193,-0.001556396484375,64.47200012207031,63.933333260672434,67.44539678664435,64.61041114160199,64.99130540818564,-0.38089426658365255,46.138079050307326,67.39823860518699,60.46842791615788,0.10839119963876298,0.26663810558420165,-0.0696262150020392,61.83000183105469,63.06999969482422,60.54999923706055,60.939998626708984,299859,4.707714285714286,0,0,0,0,0,0,0,0,0,0,0,0,0,0,0,0,0,0,0,Thu,5,2,0,1,0,149,5,29,0.9275416835791966,0.8382797052177744,0,0,45.84692382492927,-0.27035515526723086,0,-0.10182464816771795,0,2026-05-03
2025-05-30,63.81999969482422,64.5199966430664,63.70000076293945,63.900001525878906,63546,-0.0038971160413635575,-0.008379902158109798,0.012357455754013369,64.36399993896484,63.97047624133882,67.298095218719,64.50111735456767,64.91046808357032,-0.4093507290026537,45.1612223418159,67.41542825508645,60.52552422759119,0.10770443542583615,1.650348270076822,-0.13575803316556523,60.939998626708984,61.720001220703125,59.7400016784668,60.790000915527344,384927,4.697285714285714,0,0,0,0,0,0,0,0,0,0,0,0,0,0,0,0,0,0,0,Fri,5,2,0,1,0,150,5,30,0.9338372288229252,0.8475409228928311,0,0,49.4575207497751,-0.27035515526723086,0,-0.10182464816771795,0,2026-05-03
2025-06-02,63.040000915527344,65.70999908447266,62.970001220703125,64.62999725341797,57349,0.011424033022024549,-0.0023155530828266047,0.04023814811401505,64.33399963378906,64.0895236787342,67.18714275057354,64.52094503131387,64.88969246652199,-0.36874743520812103,48.58441342621018,67.43880637351774,60.74024098395066,0.10451888241743557,1.420352382320453,-0.14637352241264562,61.11000061035156,63.880001068115234,61.060001373291016,62.52000045776367,403580,4.666,0,0,0,0,0,0,0,0,0,0,0,0,0,0,0,0,0,0,0,Mon,6,2,1,1,0,153,6,2,0.9510565162951535,0.8738071036110808,0,1,38.247635661677634,-0.27035515526723086,0,-0.10182464816771795,0,2026-05-03
2025-06-03,65.029998779296875,65.94000244140625,64.5199966430664,65.62999725341797,43536,0.01547269135845597,0.024028725285117236,0.07081083819646539,64.64199981689453,64.2961901710147,67.1012696765718,64.69156845009913,64.94452985814392,-0.25296140804479705,52.919966478762845,67.44983162688142,61.14254871514798,0.09809730397644646,1.0782563038217963,-0.07191214089865032,63.02000045776367,63.88999938964844,62.400001525878906,63.40999984741211,291260,4.655857142857143,0,0,0,0,0,0,0,0,0,0,0,0,0,0,0,0,0,0,0,Tue,6,2,0,1,0,154,6,3,0.9562348265919056,0.8820480249558537,0,1,43.72224613311157,-0.27035515526723086,0,-0.10182464816771795,0,2026-05-03
2025-06-04,65.61000061035156,65.95999908447266,64.279998779296875,64.86000061035156,56182,-0.01173238877480387,-6.163469119703224e-4,0.07687200902049551,64.63399963378906,64.51666641235352,67.03079344734313,64.71748109013797,64.93826843238152,-0.220787342243554,49.46144836375134,67.06580128167107,61.96753154303595,0.07902252273931673,1.3463796665085004,-0.03285728706108254,63.36000061035156,63.959999084472656,62.16999816894531,62.849998474121094,321128,4.645714285714286,0,0,0,0,0,0,0,0,0,0,0,0,0,0,0,0,0,0,0,Wed,6,2,0,1,0,155,6,4,0.9611297838723007,0.8900275764346767,0,1,47.94750696480985,-0.27035515526723086,0,-0.10182464816771795,0,2026-05-03
2025-06-05,64.910003662109375,65.86000061035156,64.62999725341797,65.339996337890625,38658,0.0074004890999408435,0.01855019148412107,0.05132734889287849,64.8719985961914,64.66857092721122,66.96539657834977,64.8132526667153,64.96802605501182,-0.154773388296519,51.5855660553167,66.99591438175115,62.3412274726713,0.07197757492304893,0.9730619559909587,-0.02611018589564832,62.7599983215332,63.97999954223633,62.5,63.369998931884766,232423,4.635571428571429,0,0,0,0,0,0,0,0,0,0,0,0,0,0,0,0,0,0,0,Thu,6,2,0,1,0,156,6,5,0.9657399376548549,0.8977433935342337,0,1,51.42751293088093,-0.27035515526723086,0,-0.10182464816771795,0,2026-05-03
2025-06-06,65.19999694824219,66.66999816894531,64.81999969482422,66.470001220703125,39490,0.01729422935637981,0.0402190865955363,0.0875327614907302,65.38599853515625,64.92333294096447,66.90365055629185,65.0681370596365,65.07928347469266,-0.011146415056160208,56.24769571062213,66.73288804189733,63.113777840031624,0.05574436859482553,1.0100751737385572,0.038373490218276865,63.33000183105469,64.80000305175781,62.81999969482422,64.58000183105469,310133,4.6254285714285714,0,0,0,0,0,0,0,0,0,0,0,0,0,0,0,0,0,0,0,Fri,6,2,0,1,0,157,6,6,0.9700639218515071,0.9051931898913974,0,1,54.437984142028824,-0.27035515526723086,0,-0.10182464816771795,0,2026-05-03
2025-06-09,66.5999984741211,67.12999725341797,66.08000183105469,67.04000091552734,35213,0.0085752923778597,0.037289242836567205,0.06683642190867323,65.86799926757813,65.12333297729492,66.86809503464471,65.37150072977354,65.22452180364338,0.14697892613015995,58.4226269027411,66.89378240152594,63.3528835530639,0.0543721994342115,0.8884005611004027,0.11876916570977678,64.80000305175781,65.43000030517578,64.19999694824219,65.29000091552734,235900,4.595,0,0,0,0,0,0,0,0,0,0,0,0,0,0,0,0,0,0,0,Mon,6,2,1,1,0,160,6,9,0.9813064702716093,0.9259247771938498,0,1,41.28304083419543,-0.27035515526723086,0,-0.10182464816771795,0,2026-05-03
2025-06-10,67.11000061035156,68,66.4800033569336,66.87000274658203,40266,-0.0025357721751751994,0.01889388305740769,0.04631517612638181,66.11600036621094,65.26428549630302,66.82539670429533,65.60203950159023,65.3464092808981,0.25563022069212593,57.504504134053875,67.09916499930918,63.429405993296854,0.05622920680285707,1.000365205595844,0.1824394980629723,65.45999908447266,66.279998779296875,64.56999969482422,64.9800033569336,279021,4.587857142857143,0,0,0,0,0,0,0,0,0,0,0,0,0,0,0,0,0,0,0,Tue,6,2,0,1,0,161,6,10,0.9844738167520922,0.9322892131745133,0,1,46.40320737880224,-0.27035515526723086,0,-0.10182464816771795,0,2026-05-03
2025-06-11,66.56999969482422,69.95999908447266,66.470001220703125,69.7699966430664,58118,0.04336763537268751,0.0757014490673813,0.07404552996281488,67.0979995727539,65.4933329990932,66.80666654072111,66.24326367720195,65.67408241883649,0.569181258365461,67.02470123288516,68.17441631526155,62.81224968292485,0.0818734730206958,1.3124697954445885,0.30692302997295673,64.76000213623047,68.37000274658203,64.5999984741211,68.1500015258789,378473,4.5807142857142855,0,0,0,0,0,0,0,0,0,0,0,0,0,0,0,0,0,0,0,Wed,6,2,0,1,0,162,6,11,0.9873494423939864,0.9383773917408641,0,1,51.08561379458939,-0.27035515526723086,0,-0.10182464816771795,0,2026-05-03
2025-06-12,70.36000061035156,70.61000061035156,68.37000274658203,69.36000061035156,60336,-0.00587639461719236,0.06152440308800178,0.040972586964853175,67.9020004272461,65.62333315894718,66.7984126257518,66.72276166691728,65.94711339598575,0.7756482709315264,64.81395538398822,68.76165279395164,62.48501352394271,0.09564645634207873,1.2246140606542804,0.382835237272492,69.029998779296875,69.29000091552734,66.720001220703125,68.04000091552734,379394,4.573571428571428,0,0,0,0,0,0,0,0,0,0,0,0,0,0,0,0,0,0,0,Thu,6,2,0,1,0,163,6,12,0.989932495087353,0.9441875088341993,0,1,54.74965144115023,-0.27035515526723086,0,-0.10182464816771795,0,2026-05-03
2025-06-13,70.2699966430664,78.529998779296875,69.91999816894531,74.2300033569336,175031,0.07021341845050699,0.11674442596239176,0.12316549357071382,69.4540008544922,66.01095254080636,66.85634915790861,67.87772192691979,66.56066080050041,1.3170611264193752,75.25469014459581,70.90885052958782,61.113054552024884,0.14839652512978688,2.897005688711458,0.587472685090788,68.9000015258789,77.62000274658203,68.48999786376953,72.9800033569336,715652,4.566428571428571,0,0,0,0,0,0,0,0,0,0,0,0,0,0,0,0,0,0,0,Fri,6,2,0,1,0,164,6,13,0.9922222094179323,0.9497178427914316,0,1,58.66331628616834,-0.27035515526723086,0,-0.10182464816771795,0,2026-05-03
2025-06-16,76.80999755859375,78.4800033569336,70.63999938964844,73.2300033569336,100509,-0.013471641583949756,0.09233297071707769,0.13482108697060657,70.69200134277344,66.42523847307477,66.89063493032305,68.7011498392296,67.05468617505102,1.646463664178583,70.62077005778815,72.19176610549725,60.65871084065228,0.17362459706516298,1.5526486122418084,0.6992528894445398,76.54000091552734,77.48999786376953,69.37999725341797,71.7699966430664,367312,4.545,0,0,0,0,0,0,0,0,0,0,0,0,0,0,0,0,0,0,0,Mon,6,2,1,1,0,167,6,16,0.9973249731081555,0.9646141756912435,0,1,44.81796166567717,-0.27035515526723086,0,-0.10182464816771795,0,2026-05-03
2025-06-17,72.80999755859375,77.08000183105469,72.529998779296875,76.44999694824219,88748,0.04397096058583916,0.14326295510956633,0.16878141978347028,72.60800018310547,66.9509524390811,66.98412698412699,69.89328016369308,67.75063512121334,2.1426450424797423,75.79023145128119,74.16102049404937,59.740884384112846,0.21538358431954274,1.2814651917331719,0.8895605233999392,71.11000061035156,75.54000091552734,71,74.839996337890625,154264,4.548,0,0,0,0,0,0,0,0,0,0,0,0,0,0,0,0,0,0,0,Tue,6,2,0,1,0,168,6,17,0.9984354211555643,0.9690098257244062,0,1,51.16738115118526,-0.27035515526723086,0,-0.10182464816771795,0,2026-05-03
2025-06-18,77.19000244140625,77.43000030517578,74.44000244140625,76.69999694824219,0,0.0032701113143176475,0.09932636718658161,0.17027763010102248,73.99400024414062,67.48238082159133,67.07809520903088,70.94046736131602,68.41355081210436,2.5269165492116628,76.14124378143627,75.81362025862191,59.15114138456075,0.2469159900880366,0,1.0115165291251729,75.61000061035156,76.06999969482422,72.94000244140625,75.13999938964844,0,4.551,0,0,0,0,0,0,0,0,0,0,0,0,0,0,0,0,0,0,0,Wed,6,2,0,1,0,169,6,18,0.9992500112396835,0.9731183372332619,0,1,56.295874095660594,-0.27035515526723086,0,-0.10182464816771795,0,2026-05-03
2025-06-20,76.12000274658203,79.0199966430664,75.529998779296875,77.01000213623047,98821,0.004041788791692813,0.11029413867590399,0.17788322684893498,75.52400054931641,68.03619057791573,67.1576190524631,71.87424194207209,69.05032498426185,2.8239169578102405,76.59441761267416,77.27699675338448,58.795384402446984,0.2716438441651457,1.418757501450041,1.078923252650669,74.5999984741211,77.58000183105469,74.30000305175781,74.93000030517578,678377,4.5569999999999995,0,0,0,0,0,0,0,0,0,0,0,0,0,0,0,0,0,0,0,Fri,6,2,0,1,0,171,6,20,0.9999907397361901,0.980469160361632,0,1,51.360218676743365,-0.27035515526723086,0,-0.10182464816771795,0,2026-05-03
2025-06-23,80.01000213623047,81.4000015258789,69.54000091552734,71.4800033569336,100475,-0.07180883814954742,-0.037047014355861996,0.10121705937692616,74.9740005493164,68.3490477062407,67.14682539682539,71.81358985205078,69.2303011600153,2.583288692035481,56.11779318430428,77.5901929215228,59.1079024909586,0.2704103575809828,1.3263728734800673,0.9547694279597359,78,78.4000015258789,66.5999984741211,68.51000213623047,728868,4.566,0,0,0,0,0,0,0,0,0,0,0,0,0,0,0,0,0,0,0,Mon,6,2,1,1,0,174,6,23,0.9988797155850336,0.9893142039703663,0,0,40.60518629660496,-0.27035515526723086,0,-0.10182464816771795,0,2026-05-03
2025-06-24,70.5999984741211,70.7300033569336,66.80999755859375,67.13999938964844,62358,-0.060716336925915604,-0.08316268862643084,0.041899392395231994,73.75599975585938,68.47761898949032,67.0538095141214,71.09457593475811,69.07546399183998,2.01911194291813,45.77497021504022,77.56417879314077,59.39105918583987,0.2653877263181425,0.7947116083103298,0.7094726059463011,67.73999786376953,67.83000183105469,64,64.37000274658203,541475,4.553857142857143,0,0,0,0,0,0,0,0,0,0,0,0,0,0,0,0,0,0,0,Tue,6,2,0,1,0,175,6,24,0.9979171608653922,0.99167731989929,0,0,45.91496030803133,-0.27035515526723086,0,-0.10182464816771795,0,2026-05-03
2025-06-25,67.91999816894531,68.76000213623047,67.31999969482422,67.68000030517578,23618,0.008042909151569022,-0.11471546099607866,0.04476692776360047,72.00200042724609,68.61571430024647,66.96904766748823,70.56925660713006,68.97209631134633,1.5971602957837234,47.08183993536544,77.55317668127395,59.67825191921898,0.26050774147505695,0.3075204358253886,0.4475825047754976,65.12000274658203,66.029998779296875,64.51000213623047,64.91999816894531,278504,4.541714285714286,0,0,0,0,0,0,0,0,0,0,0,0,0,0,0,0,0,0,0,Wed,6,2,0,1,0,176,6,25,0.9966589017541702,0.993746580436178,0,0,50.2732187151899,-0.27035515526723086,0,-0.10182464816771795,0,2026-05-03
2025-06-26,67.75,69.04000091552734,67.38999938964844,67.7300033569336,13057,7.388157732319822e-4,-0.11694907364027174,0.05679524460966401,70.20800170898437,68.78904796781994,66.87285723005023,70.13244841479214,68.88008942583429,1.2523589889578517,47.20871650129021,77.49608643213278,60.08200950350709,0.2531518816305197,0.18060648479223407,0.19054949414599065,64.9800033569336,66.41999816894531,64.660003662109375,65.23999786376953,233771,4.529571428571429,0,0,0,0,0,0,0,0,0,0,0,0,0,0,0,0,0,0,0,Thu,6,2,0,1,0,177,6,26,0.9951053111006976,0.9955213724144752,0,0,53.769025470731805,-0.27035515526723086,0,-0.10182464816771795,0,2026-05-03
2025-06-27,67.95999908447266,68.410003662109375,67.20999908447266,67.7699966430664,8218,5.904810888912593e-4,-0.1199844856103045,0.044221803539451265,68.36000061035156,68.92571440197173,66.77349211677672,69.7689942960651,68.79786033081444,0.9711339652506581,47.317513823063756,77.46484955105242,60.386579252891046,0.247777922163587,0.12250404346821499,-0.03859346829927932,65.30000305175781,66.089996337890625,64.80000305175781,65.5199966430664,236284,4.517428571428571,0,0,0,0,0,0,0,0,0,0,0,0,0,0,0,0,0,0,0,Fri,6,2,0,1,0,178,6,27,0.9932568492674143,0.9970011699250151,0,0,56.571640097664236,-0.27035515526723086,0,-0.10182464816771795,0,2026-05-03
2025-06-30,67.16999816894531,68.12000274658203,67.11000061035156,67.61000061035156,32957,-0.0023608682402260772,-0.05414105434854655,0.05393607174080661,67.58600006103515,69.09047626313709,66.67793661450582,69.43684142133993,68.70987072189126,0.7269706994486711,46.901080344017515,77.37223620760685,60.80871631866734,0.23973665814454517,0.6232872696738224,-0.25923081282730914,65.1500015258789,65.81999969482422,64.5,65.11000061035156,193289,4.481,0,0,0,0,0,0,0,0,0,0,0,0,0,0,0,0,0,0,0,Mon,6,2,1,1,0,181,6,30,0.9859481499638304,0.9996666485105112,0,0,42.48774110424727,-0.27035515526723086,0,-0.10182464816771795,0,2026-05-03
2025-07-01,66.589996337890625,67.4800033569336,66.339996337890625,67.11000061035156,29256,-0.007395355649848168,-4.468093471787782e-4,0.05023472625697267,67.58000030517579,69.24333336239769,66.55682554699126,69.07886591195711,68.59136182474018,0.4875040872169336,45.55188284903344,77.23618421242108,61.250482512374305,0.23086268271318874,0.6394642279479266,-0.5022637000450721,64.95999908447266,65.9800033569336,64.66999816894531,65.44999694824219,193162,4.476714285714285,0,0,0,0,0,0,0,0,0,0,0,0,0,0,0,0,0,0,0,Tue,7,3,0,1,0,182,7,1,0.9829265519799822,0.9999629591162655,0,0,47.41263984475018,-0.27035515526723086,0,-0.10182464816771795,0,2026-05-03
2025-07-02,67.20999908447266,69.19999694824219,66.94000244140625,69.11000061035156,50268,0.029801817639851125,0.021128846021391423,0.06931770922668057,67.86600036621094,69.45666685558501,66.47142876519098,69.08365586555625,68.62977951256325,0.45387635299300655,51.55511678701883,77.16649819428918,61.74683551688085,0.22200406923454938,1.1996334373836592,-0.5936044713953048,65.55999755859375,67.58000183105469,65.2300033569336,67.44999694824219,265200,4.472428571428571,0,0,0,0,0,0,0,0,0,0,0,0,0,0,0,0,0,0,0,Wed,7,3,0,1,0,183,7,2,0.9796136916454901,0.9999629591162655,0,0,51.750883186293606,-0.27035515526723086,0,-0.10182464816771795,0,2026-05-03
2025-07-03,69.0199966430664,69.12999725341797,68.30999755859375,68.80000305175781,0,-0.004485567296425685,0.015798016267404735,0.048301172192640296,68.08000030517579,69.60761951264881,66.373809814453125,69.04001697112572,68.6423886636147,0.3976283075110274,50.62343633285464,77.12449097177681,62.09074805352082,0.21597840902351384,0,-0.7044175871125957,67.5,67.58000183105469,66.529998779296875,67,0,4.4681428571428565,0,0,0,0,0,0,0,0,0,0,0,0,0,0,0,0,0,0,0,Thu,7,3,0,1,0,184,7,3,0.9760105506323683,0.9996666485105112,0,0,55.159664529660056,-0.27035515526723086,0,-0.10182464816771795,0,2026-05-03
2025-07-04,68.80999755859375,68.910003662109375,67.75,68.29000091552734,0,-0.00741282141872579,0.007673075080698588,0.052883137109134726,68.18400115966797,69.77095286051433,66.34444475930835,68.92462988564905,68.61628586746008,0.3083440181889756,49.052863856217364,76.99802395132659,62.543881769702075,0.20716561246513499,0,-0.666791123610279,67.12999725341797,67.18000030517578,66.04000091552734,66.5,0,4.463857142857143,0,0,0,0,0,0,0,0,0,0,0,0,0,0,0,0,0,0,0,Fri,7,3,0,1,0,185,7,4,0.9721181966290613,0.99907411510223,0,0,57.77467243161802,-0.27035515526723086,0,-0.10182464816771795,0,2026-05-03
2025-07-07,67.61000061035156,69.93000030517578,67.36000061035156,69.58000183105469,59456,0.018890040975735767,0.029137719315469157,0.06489142532604153,68.5780014038086,69.97285788399833,66.40793682280041,69.02545633878839,68.68767223513376,0.3377841036546272,53.02290682668173,76.91115437434625,63.03456139365041,0.1983139377228324,2.1296044242589223,-0.5991646232185779,65.69999694824219,68.31999969482422,65.4000015258789,67.93000030517578,332949,4.451,0,0,0,0,0,0,0,0,0,0,0,0,0,0,0,0,0,0,0,Mon,7,3,1,1,0,188,7,7,0.9587178169872964,0.9955213724144752,0,0,43.48983690712182,-0.27035515526723086,0,-0.10182464816771795,0,2026-05-03
2025-07-08,69.54000091552734,70.660003662109375,69.05000305175781,70.1500015258789,34109,0.008192004596496272,0.04529877645476321,0.055363325373756433,69.18600158691406,70.1480959937686,66.5022225758386,69.19846329064846,68.79599292333711,0.4024703673113521,54.702555385963166,76.89815213736779,63.39803985016942,0.1924515854057908,1.3592546395737608,-0.3930548196310529,67.95999908447266,68.910003662109375,67.33000183105469,68.33000183105469,219882,4.4438571428571425,0,0,0,0,0,0,0,0,0,0,0,0,0,0,0,0,0,0,0,Tue,7,3,0,1,0,189,7,8,0.9536809966304457,0.9937465804361781,0,0,48.81014020383704,-0.27035515526723086,0,-0.10182464816771795,0,2026-05-03
2025-07-09,69.9000015258789,70.69999694824219,69.61000061035156,70.19000244140625,42186,5.702197385211161e-4,0.01562728724521123,0.046986895627403324,69.402001953125,70.29809606642951,66.61920674641927,69.35100777538042,68.89925288763853,0.45175488774189887,54.824626813144825,76.89635781307018,63.699834319788835,0.18772234572058744,1.5653025709907349,-0.14986808693015952,68.18000030517578,68.94000244140625,67.69999694824219,68.37999725341797,223945,4.436714285714285,0,0,0,0,0,0,0,0,0,0,0,0,0,0,0,0,0,0,0,Wed,7,3,0,1,0,190,7,9,0.9483615800121715,0.99167731989929,0,0,53.07399203816728,-0.27035515526723086,0,-0.10182464816771795,0,2026-05-03
2025-07-10,70.19000244140625,70.48999786376953,68.529998779296875,68.63999938964844,52295,-0.022082960504976934,-0.0023256345205246998,0.02646921744229891,69.37000122070313,70.38238162086124,66.66936541360522,69.24162186988319,68.88004892482445,0.3615729450587395,49.28245530484137,76.84045511095833,63.924308130764146,0.18351392326806198,1.6937926120261058,0.0878681560139066,68.29000091552734,68.6500015258789,66.44999694824219,66.56999969482422,258654,4.429571428571428,0,0,0,0,0,0,0,0,0,0,0,0,0,0,0,0,0,0,0,Thu,7,3,0,1,0,191,7,10,0.9427611433904207,0.9893142039703664,0,0,56.31499067951341,-0.27035515526723086,0,-0.10182464816771795,0,2026-05-03
2025-07-11,68.98999786376953,70.69000244140625,68.55999755859375,70.36000061035156,40262,0.02505829306523144,0.030311900235361566,0.008456413869467827,69.78400115966797,70.41047704787482,66.78095269581628,69.41368013764756,68.98967497560425,0.42400516204331495,54.74900494436609,76.86249185183608,63.95846224391356,0.1832686007673059,1.1814348467820264,0.22923085977743,66.8499984741211,68.7699966430664,66.5,68.44999694824219,226297,4.422428571428571,0,0,0,0,0,0,0,0,0,0,0,0,0,0,0,0,0,0,0,Fri,7,3,0,1,0,192,7,11,0.9368813462954315,0.9866579328916572,0,0,59.111611380861085,-0.27035515526723086,0,-0.10182464816771795,0,2026-05-03
2025-07-14,70.529998779296875,71.51000213623047,69.0199966430664,69.20999908447266,62179,-0.01634453547332282,-0.005317659339538761,-0.0021626517381622135,69.71000061035156,70.40333411807106,66.8515875680106,69.38234459100526,69.00599527996486,0.3763493110403999,50.80602441147497,76.86056340464792,63.9461048314942,0.18343532639370905,1.680463553786239,0.19958241221668968,68.68000030517578,69.6500015258789,66.80000305175781,66.9800033569336,263877,4.401,0,0,0,0,0,0,0,0,0,0,0,0,0,0,0,0,0,0,0,Mon,7,3,1,1,0,195,7,14,0.9175836260593937,0.9769384927771817,0,0,44.10291844344565,-0.27035515526723086,0,-0.10182464816771795,0,2026-05-03
2025-07-15,69.0999984741211,69.4000015258789,68.55999755859375,68.70999908447266,51233,-0.007224389634649997,-0.020527475553582475,-0.07436351910046535,69.42200012207032,70.14047677176339,66.91238124786861,69.27890682076948,68.98406963585433,0.29483718491515276,49.148666105089546,76.38950970006226,63.891443843464515,0.1781862118968248,1.3070042960498789,0.16435157859718302,66.86000061035156,67.12999725341797,66.220001220703125,66.5199966430664,252724,4.397714285714286,0,0,0,0,0,0,0,0,0,0,0,0,0,0,0,0,0,0,0,Tue,7,3,0,1,0,196,7,15,0.9106046300942163,0.973118337233262,0,0,49.02725767073805,-0.27035515526723086,0,-0.10182464816771795,0,2026-05-03
2025-07-16,68.9000015258789,69.06999969482422,67.70999908447266,68.5199966430664,55511,-0.002765280802473291,-0.023792644824794595,-0.06431799123249982,69.08799896240234,69.91619073776971,66.97349233475943,69.16215140881516,68.94969385861077,0.21245755020439105,48.50118454770945,76.03626353628951,63.79611793924991,0.17506882837693416,1.397448839592076,0.12081308888864785,66.7300033569336,67.01000213623047,65.41999816894531,66.37999725341797,248346,4.394428571428572,0,0,0,0,0,0,0,0,0,0,0,0,0,0,0,0,0,0,0,Wed,7,3,0,1,0,197,7,16,0.9033558023246845,0.9690098257244063,0,0,52.927369409793315,-0.27035515526723086,0,-0.10182464816771795,0,2026-05-03
2025-07-17,68.69000244140625,69.62000274658203,68.29000091552734,69.5199966430664,50817,0.014594279757618622,0.012820472920206383,-0.09064748962472158,69.26399841308594,69.58619072323754,67.03174627394904,69.21720452177689,68.9919385093112,0.22526601246569555,52.07937645798762,74.92390374023579,64.24847770623929,0.1534129965017838,1.1341865157304574,0.10369198977292012,66.5999984741211,67.69000244140625,66.29000091552734,67.54000091552734,188802,4.3911428571428575,0,0,0,0,0,0,0,0,0,0,0,0,0,0,0,0,0,0,0,Thu,7,3,0,1,0,198,7,17,0.895839290734909,0.9646141756912435,0,0,56.249227549924036,-0.27035515526723086,0,-0.10182464816771795,0,2026-05-03
2025-07-18,69.55999755859375,70.779998779296875,69.13999938964844,69.279998779296875,52366,-0.00345221339698476,-0.015349656362791397,-0.09674052756419782,69.047998046875,69.23285747709728,67.05269865005735,69.22686517677997,69.01327630708792,0.21358886969204605,51.16063279468193,73.45947985718742,65.00623509700715,0.12209874138123884,1.0464535364718013,0.06674690665779291,67.5999984741211,68.95999908447266,67.19999694824219,67.339996337890625,107628,4.3878571428571425,0,0,0,0,0,0,0,0,0,0,0,0,0,0,0,0,0,0,0,Fri,7,3,0,1,0,199,7,18,0.8880573226294932,0.9599326896597445,0,0,58.85819318861628,-0.27035515526723086,0,-0.10182464816771795,0,2026-05-03
2025-07-21,69.220001220703125,69.62000274658203,68.41999816894531,69.20999908447266,41204,-0.0010103882225404037,0,-0.10128558414996058,69.047998046875,68.86142876034691,67.09952399844215,69.22427039334806,69.02784836467198,0.19642202867608205,50.87870487767231,71.13919442222962,66.5836630984642,0.06615505088661004,0.8545675519846028,0.0039776644863925145,67.31999969482422,67.76000213623047,66.45999908447266,67.19999694824219,81194,4.378,0,0,0,0,0,0,0,0,0,0,0,0,0,0,0,0,0,0,0,Mon,7,3,1,1,0,202,7,21,0.8631421280499114,0.9441875088341994,0,0,43.98037368168773,-0.27035515526723086,0,-0.10182464816771795,0,2026-05-03
2025-07-22,69.029998779296875,69.0999984741211,68.11000061035156,68.589996337890625,50140,-0.008958282831723507,-0.0017465106706594513,-0.04043098605650297,69.0239974975586,68.72380937848773,67.11777786981492,69.12668976943154,68.9954148812067,0.13127488822483713,48.33789561081172,70.66082273491055,66.7867960220649,0.05637095422795808,1.0064372642730828,-0.01980263846261098,67.12000274658203,67.12999725341797,65.98999786376953,66.20999908447266,269991,4.3751428571428574,0,0,0,0,0,0,0,0,0,0,0,0,0,0,0,0,0,0,0,Tue,7,3,0,1,0,203,7,22,0.854322169749827,0.9383773917408642,0,0,48.905053738406565,-0.27035515526723086,0,-0.10182464816771795,0,2026-05-03
2025-07-23,68.720001220703125,69.08000183105469,68,68.51000213623047,37734,-0.0011662663060381107,-1.458626288031173e-4,0.02040516471606124,69.02199859619141,68.78904760451545,67.1557143680633,69.03181474893907,68.95945838157883,0.07235636736024276,48.00479897169109,70.58949125106795,66.98860395796294,0.05234681128029818,0.7642468419677524,-0.053802456698577104,65.48999786376953,65.779998779296875,64.70999908447266,65.25,251825,4.372285714285714,0,0,0,0,0,0,0,0,0,0,0,0,0,0,0,0,0,0,0,Wed,7,3,0,1,0,204,7,23,0.8452490573530633,0.9322892131745134,0,0,52.82492631266381,-0.27035515526723086,0,-0.10182464816771795,0,2026-05-03
2025-07-24,68.720001220703125,69.529998779296875,68.5,69.18000030517578,39597,0.009779567188058724,-0.004890626500404727,0.02216312046744018,68.95399932861328,68.86047617594402,67.1974603562128,69.05461252682164,68.97579482036379,0.0788177064578548,51.04748612695381,70.59389487129114,67.12705748059689,0.0503458236599498,0.8231488661096824,-0.08419799804687718,65.41999816894531,66.38999938964844,65.33000183105469,66.029998779296875,281209,4.369428571428571,0,0,0,0,0,0,0,0,0,0,0,0,0,0,0,0,0,0,0,Thu,7,3,0,1,0,205,7,24,0.8359254794186372,0.9259247771938499,0,0,56.096648607879864,-0.27035515526723086,0,-0.10182464816771795,0,2026-05-03
2025-07-25,69.26000213623047,69.88999938964844,68.30000305175781,68.44000244140625,27384,-0.01069670223337893,-0.01212465867048551,0.010482785313489451,68.78600006103515,68.894285656157,67.22238098628937,68.96005712906543,68.93610649599655,0.023950633068878346,47.725584059162834,70.56153048123889,67.2270408310751,0.04840009034719979,0.5849219826343276,-0.09712091802240738,66.1500015258789,66.73999786376953,65,65.160003662109375,234283,4.3665714285714285,0,0,0,0,0,0,0,0,0,0,0,0,0,0,0,0,0,0,0,Fri,7,3,0,1,0,206,7,25,0.8263541987239096,0.9192859697186105,0,0,58.565598654463216,-0.27035515526723086,0,-0.10182464816771795,0,2026-05-03
2025-07-28,68.470001220703125,70.44999694824219,68.38999938964844,70.04000091552734,31485,0.023378118308673423,0.01199251325002404,0.03349571174419097,68.95200042724609,69.00238109770275,67.28873019748264,69.12620232698265,69.01787645299883,0.10832587398381577,54.60421187267628,70.65778359197822,67.34697860342729,0.04798102523249233,0.7197048490071342,-0.04052741082160034,65.1500015258789,67.13999938964844,65.05000305175781,66.70999908447266,262038,4.358,0,0,0,0,0,0,0,0,0,0,0,0,0,0,0,0,0,0,0,Mon,7,3,1,1,0,209,7,28,0.7961828637826158,0.8977433935342336,0,0,43.994443142066565,-0.27035515526723086,0,-0.10182464816771795,0,2026-05-03
2025-07-29,70.38999938964844,73.06999969482422,69.88999938964844,72.51000213623047,24345,0.03526557950337694,0.05715127580746571,0.07247450793734611,69.73600158691406,69.23571450369698,67.41984134250217,69.64678691302078,69.2765524295345,0.3702344834862714,62.75258707754965,71.37688871301405,67.09454029437991,0.06185172564956311,0.5929373598030118,0.08843979049514947,67.04000091552734,69.76000213623047,66.529998779296875,69.20999908447266,329112,4.3627142857142855,0,0,0,0,0,0,0,0,0,0,0,0,0,0,0,0,0,0,0,Tue,7,3,0,1,0,210,7,29,0.7856498550787147,0.8900275764346766,0,0,49.70194890075309,-0.27035515526723086,0,-0.10182464816771795,0,2026-05-03
2025-07-30,72.68000030517578,73.62999725341797,71.75,73.23999786376953,15242,0.010067517666977333,0.06904095139471145,0.0913425301395756,70.68200073242187,69.52761913481213,67.58047624618288,70.19958859775136,69.57014098021858,0.6294476175327759,64.76552813501652,72.08298157711337,66.97225669251088,0.07350639858230923,0.41159664500937043,0.17696721003605792,69.339996337890625,70.51000213623047,68.44999694824219,70,345336,4.367428571428571,0,0,0,0,0,0,0,0,0,0,0,0,0,0,0,0,0,0,0,Wed,7,3,0,1,0,211,7,30,0.7748840413670407,0.8820480249558535,0,0,54.41523731792163,-0.27035515526723086,0,-0.10182464816771795,0,2026-05-03
2025-07-31,73.4000015258789,73.48999786376953,72.41999816894531,72.529998779296875,56020,-0.009694143981179404,0.048424377845376565,0.049486299214893226,71.3520004272461,69.69047619047619,67.7455555749318,70.55811324106605,69.78938970607624,0.7687235349898174,61.295857705319065,72.55167501345554,66.82927736749684,0.0821116163752187,1.4918099580045645,0.2816925048828117,70.30000305175781,70.410003662109375,68.55999755859375,69.26000213623047,247031,4.372142857142857,0,0,0,0,0,0,0,0,0,0,0,0,0,0,0,0,0,0,0,Thu,7,3,0,1,0,212,7,31,0.7638886127905428,0.8738071036110807,0,0,58.04543219355629,-0.27035515526723086,0,-0.10182464816771795,0,2026-05-03
2025-08-01,71.7699966430664,71.98999786376953,69.410003662109375,69.66999816894531,68855,-0.03943196826811379,0.01797188316280529,0.012645277305191494,71.5979995727539,69.73190452938988,67.87857140435113,70.42148015304747,69.78054588851099,0.6409342645364831,49.736956746771355,72.56399661860982,66.89981244016994,0.08122801487592528,1.7564782171701454,0.25725290487100755,69.3499984741211,69.58000183105469,67.05000305175781,67.33000183105469,355819,4.376857142857142,0,0,0,0,0,0,0,0,0,0,0,0,0,0,0,0,0,0,0,Fri,8,3,0,1,0,213,8,1,0.7526668275320084,0.8653072543632061,0,0,60.36906070971781,-0.27035515526723086,0,-0.10182464816771795,0,2026-05-03
2025-08-04,69,69.9800033569336,67.98999786376953,68.76000213623047,41788,-0.013061519400476507,-0.01827525360601634,0.0068824310206776484,71.34199981689453,69.75428553989956,68.01396827092246,70.16586815046024,69.70495005500872,0.4609180954515182,46.71819049753973,72.5456549936627,66.96291608613642,0.08003435006631875,1.0644183499324995,0.18830792772900717,66.8499984741211,67.73999786376953,65.45999908447266,66.29000091552734,277375,4.391,0,0,0,0,0,0,0,0,0,0,0,0,0,0,0,0,0,0,0,Mon,8,3,1,1,0,216,8,4,0.717676913675962,0.8382797052177745,0,0,44.66012168519216,-0.27035515526723086,0,-0.10182464816771795,0,2026-05-03
2025-08-05,68.75,68.8499984741211,67.529998779296875,67.63999938964844,47388,-0.016288579287170868,-0.06716318581031566,-0.027881609519308737,70.36799926757813,69.66190447126117,68.1011110941569,69.7772729564892,69.55199074646352,0.22528221002568216,43.23965255434872,72.60194966656978,66.72185927595255,0.08440898128248908,1.2155818570790944,0.08087926172947932,66.20999908447266,66.38999938964844,65.029998779296875,65.160003662109375,279030,4.390428571428571,0,0,0,0,0,0,0,0,0,0,0,0,0,0,0,0,0,0,0,Tue,8,3,0,1,0,217,8,5,0.705583610107178,0.828770087174504,0,0,49.254105050453475,-0.27035515526723086,0,-0.10182464816771795,0,2026-05-03
2025-08-06,67.76000213623047,69.19000244140625,66.220001220703125,66.88999938964844,62159,-0.011088113642336639,-0.08670123783908956,-0.046471875485673775,69.0979995727539,69.5066662742978,68.1926984030103,69.33307702312908,69.35480620151425,-0.021729178385172077,41.03619506439019,72.67395126132708,66.33938128726852,0.09113615015083744,1.5004719224260916,-0.011142822936341968,65.1500015258789,66.75,63.63999938964844,64.3499984741211,353827,4.389857142857143,0,0,0,0,0,0,0,0,0,0,0,0,0,0,0,0,0,0,0,Wed,8,3,0,1,0,218,8,6,0.6932812268869777,0.8190148866680802,0,0,52.778249112936145,-0.27035515526723086,0,-0.10182464816771795,0,2026-05-03
2025-08-07,66.87999725341797,67.63999938964844,66.2699966430664,66.43000030517578,44063,-0.00687694855239962,-0.08410311011700022,-0.05356891302816624,67.87799987792968,69.32761855352493,68.24968253241644,68.88644983575165,69.1381539128966,-0.25170407714495013,39.69993001554643,72.74768218746472,65.90755491958514,0.09866381408440572,1.0523035185048086,-0.11265932858645394,64.36000061035156,65.11000061035156,63.70000076293945,63.880001068115234,300518,4.389285714285714,0,0,0,0,0,0,0,0,0,0,0,0,0,0,0,0,0,0,0,Thu,8,3,0,1,0,219,8,7,0.6807734094770161,0.8090169943749472,0,0,55.50284625123768,-0.27035515526723086,0,-0.10182464816771795,0,2026-05-03
2025-08-08,66.37999725341797,67.19000244140625,65.5,66.589996337890625,52157,0.0024084906214034696,-0.04420843852451206,-0.029866012091879113,67.26199951171876,69.22999936058407,68.29222215924945,68.53314929761919,68.94940149993319,-0.4162522023139985,40.426563003833685,72.84402238039323,65.61597634077492,0.1044062704951226,1.1760262636921592,-0.1993847354427811,63.849998474121094,64.58000183105469,62.77000045776367,63.880001068115234,322939,4.388714285714285,0,0,0,0,0,0,0,0,0,0,0,0,0,0,0,0,0,0,0,Fri,8,3,0,1,0,220,8,8,0.6680638642135335,0.7987793728863648,0,0,57.71526789582372,-0.27035515526723086,0,-0.10182464816771795,0,2026-05-03
2025-08-11,66.2300033569336,67.11000061035156,65.83000183105469,66.62999725341797,31132,6.007045761704521e-4,-0.030977382440920187,-0.05301312286209425,66.83599853515625,69.05238015311105,68.31873006669302,68.24035667543438,68.7775937779691,-0.5372371025347178,40.619221684001964,72.79741419384324,65.30734611237885,0.10846936868586612,0.7025176633592765,-0.29389041439517594,63.47999954223633,64.44000244140625,63.02000045776367,63.959999084472656,234807,4.387,0,0,0,0,0,0,0,0,0,0,0,0,0,0,0,0,0,0,0,Mon,8,3,1,1,0,223,8,11,0.6287628145958344,0.7666588193001592,0,0,42.87141304489772,-0.27035515526723086,0,-0.10182464816771795,0,2026-05-03
2025-08-12,66.720001220703125,67.04000091552734,65.970001220703125,66.12000274658203,33110,-0.0076541276881079146,-0.0224718606857206,-0.044646675029127,66.53199920654296,68.90523747035435,68.31063491579086,67.91414837868787,68.58073518305154,-0.6665868043636749,38.89227274457892,72.86113744399239,64.94933749671631,0.11482145969934487,0.7326615240952924,-0.39698915586366895,64,64.339996337890625,63.060001373291016,63.16999816894531,304441,4.387714285714285,0,0,0,0,0,0,0,0,0,0,0,0,0,0,0,0,0,0,0,Tue,8,3,0,1,0,224,8,12,0.6152845999633276,0.7554933140726804,0,0,47.51653223528867,-0.27035515526723086,0,-0.10182464816771795,0,2026-05-03
2025-08-13,66.05000305175781,66.33000183105469,65,65.62999725341797,40497,-0.007410851070924873,-0.01883692850542107,-0.04482610787504315,66.279998779296875,68.7585707164946,68.30333334302145,67.56274051326173,68.3621620030787,-0.7994214898169645,37.253440786722976,72.96530506960082,64.55183636338839,0.12236247232221927,0.8486930207117395,-0.4814947107336035,63.06999969482422,63.380001068115234,61.939998626708984,62.650001525878906,298939,4.388428571428571,0,0,0,0,0,0,0,0,0,0,0,0,0,0,0,0,0,0,0,Wed,8,3,0,1,0,225,8,13,0.6016240632249226,0.7441039398713608,0,0,51.13386311071077,-0.27035515526723086,0,-0.10182464816771795,0,2026-05-03
2025-08-14,65.7699966430664,66.9800033569336,65.56999969482422,66.839996337890625,34810,0.018436677359599418,0.006171850531858203,-0.024518394446619962,66.36199798583985,68.67857070196243,68.33999997093564,67.45154910166617,68.24940899084254,-0.7978598891763653,43.576141955851526,72.96745586239551,64.38968554152935,0.12489733308647705,0.7634458361387756,-0.5402199881417414,62.790000915527344,64.0999984741211,62.58000183105469,63.959999084472656,251652,4.389142857142857,0,0,0,0,0,0,0,0,0,0,0,0,0,0,0,0,0,0,0,Thu,8,3,0,1,0,226,8,14,0.5877852522924732,0.732494071613579,0,0,54.27073302698118,-0.27035515526723086,0,-0.10182464816771795,0,2026-05-03
2025-08-15,66.80000305175781,67.08000183105469,65.7300033569336,65.8499984741211,35864,-0.014811458976821013,-0.011112748227446012,-0.05279054007709505,66.21399841308593,68.5038088843936,68.34698401557074,67.20515669742846,68.0716748784928,-0.8665181810643361,40.022671463486546,72.94507283241987,64.06254493636735,0.12966473019102623,0.8479128444705036,-0.5674507224952784,63.90999984741211,64.1500015258789,62.68000030517578,62.79999923706055,197390,4.389857142857143,0,0,0,0,0,0,0,0,0,0,0,0,0,0,0,0,0,0,0,Fri,8,3,0,1,0,227,8,15,0.5737722679043246,0.7206671495538615,0,0,56.58176392551508,-0.27035515526723086,0,-0.10182464816771795,0,2026-05-03
2025-08-18,65.94999694824219,66.80999755859375,65.30999755859375,66.5999984741211,35004,0.011389521904009658,-4.502293341357433e-4,-0.03868360785792413,66.20799865722657,68.37618982224237,68.36380937364366,67.11205543230426,67.9626618115023,-0.8506063791980409,43.76403393693709,72.87739258328278,63.87498706120195,0.1316599469125787,0.8410702958306903,-0.47340668059967406,63,63.790000915527344,62.18000030517578,63.41999816894531,95113,4.392,0,0,0,0,0,0,0,0,0,0,0,0,0,0,0,0,0,0,0,Mon,8,3,1,1,0,230,8,18,0.5307300481619334,0.6839194216246105,0,0,42.28345806675779,-0.27035515526723086,0,-0.10182464816771795,0,2026-05-03
2025-08-19,66.55999755859375,66.58000183105469,65.5999984741211,65.79000091552734,32562,-0.012162125783058308,-0.004990953075417859,-0.049414798644500935,66.141998291015625,68.2133327665783,68.37031736828033,66.9086624297232,67.80172396735601,-0.8930615376328177,40.80364509039541,72.8337287630975,63.592936770059104,0.135469000241636,0.8112956512639588,-0.35246159480168293,63.27000045776367,63.38999938964844,62.25,62.349998474121094,99484,4.4032857142857145,0,0,0,0,0,0,0,0,0,0,0,0,0,0,0,0,0,0,0,Tue,8,3,0,1,0,231,8,19,0.5160623910158528,0.6712599575675315,0,0,46.97225502297594,-0.27035515526723086,0,-0.10182464816771795,0,2026-05-03
2025-08-20,65.93000030517578,67.05000305175781,65.81999969482422,66.839996337890625,39505,0.015959802519404764,0.018436677359599418,-0.02551392467465785,66.38399810791016,68.12999943324498,68.4009521726578,66.8980984155951,67.7304848836919,-0.8323864680968001,45.911351459305784,72.78486011838534,63.47513874810462,0.13664643252202807,1.0431629980142803,-0.19217596368475365,62.599998474121094,63.54999923706055,62.38999938964844,63.209999084472656,280663,4.414571428571429,0,0,0,0,0,0,0,0,0,0,0,0,0,0,0,0,0,0,0,Wed,8,3,0,1,0,232,8,20,0.5012418134457758,0.6584015846980489,0,0,50.93388746286746,-0.27035515526723086,0,-0.10182464816771795,0,2026-05-03
2025-08-21,66.94999694824219,67.779998779296875,66.73999786376953,67.66999816894531,29950,0.012417742018698608,0.012417742018698608,-0.012261041323788469,66.5499984741211,68.08999924432663,68.4522219461108,67.01685222380283,67.72600438630326,-0.7091521625004304,49.61244904242204,72.74558167366507,63.43441681498819,0.13674790662378666,0.8214684399779479,-0.07745072920243849,62.849998474121094,63.66999816894531,62.52000045776367,63.52000045776367,250166,4.425857142857143,0,0,0,0,0,0,0,0,0,0,0,0,0,0,0,0,0,0,0,Thu,8,3,0,1,0,233,8,21,0.48627270710869003,0.64534811322955,0,0,54.272061026943945,-0.27035515526723086,0,-0.10182464816771795,0,2026-05-03
2025-08-22,67.62000274658203,68.0199966430664,67.41999816894531,67.7300033569336,27481,8.867325197567943e-4,0.028549809056583886,-0.02095977076967004,66.92599945068359,68.02095177060082,68.4990474155971,67.12656778274602,67.72630060634995,-0.5997328236039294,49.87946336132608,72.65158055904685,63.390322982154785,0.13615301367915952,0.808466822588,0.017780278803229316,63.5,63.93000030517578,63.310001373291016,63.65999984741211,223169,4.437142857142858,0,0,0,0,0,0,0,0,0,0,0,0,0,0,0,0,0,0,0,Fri,8,3,0,1,0,234,8,22,0.4711595076738638,0.6321034111873488,0,0,56.960037519587694,-0.27035515526723086,0,-0.10182464816771795,0,2026-05-03
2025-08-25,67.839996337890625,69.05999755859375,67.58000183105469,68.80000305175781,19094,0.015798016267404735,0.03303310252314162,0.00526009055390908,67.36600036621094,68.03809465680804,68.57380942692832,67.38401936259399,67.80583412082461,-0.4218147582306244,54.50879484835959,72.67789553327673,63.39829378033936,0.1363883248016386,0.5823525285396658,0.11118700635302269,63.880001068115234,65.0999984741211,63.529998779296875,64.80000305175781,185270,4.471,0,0,0,0,0,0,0,0,0,0,0,0,0,0,0,0,0,0,0,Mon,8,3,1,1,0,237,8,25,0.42500033996955416,0.5912614448635783,0,0,42.9236142959616,-0.27035515526723086,0,-0.10182464816771795,0,2026-05-03
2025-08-26,68.7300033569336,68.7300033569336,67.11000061035156,67.220001220703125,21046,-0.022965141874573214,0.021735830449552074,-0.040262702141099616,67.6520004272461,67.90380895705451,68.61063481890966,67.35878580230309,67.76243909118598,-0.403653288882893,47.52791798724404,72.46279400716318,63.344823906945834,0.1342777414148295,0.6664070193437256,0.1296266325227516,64.75,64.76000213623047,63.130001068115234,63.25,199101,4.477285714285714,0,0,0,0,0,0,0,0,0,0,0,0,0,0,0,0,0,0,0,Tue,8,3,0,1,0,238,8,26,0.4093559588156213,0.5772916165517278,0,0,47.78210970861511,-0.27035515526723086,0,-0.10182464816771795,0,2026-05-03
2025-08-27,67.23999786376953,68.0999984741211,66.91999816894531,68.05000305175781,16597,0.012347542635852582,0.018103033814519387,-0.06150874297442843,67.89400177001953,67.69142804827008,68.67253960503473,67.46512691760381,67.78374012530242,-0.31861320769860413,51.07278568148594,71.73565509150771,63.64720100503246,0.11949007902015978,0.5685598106285092,0.15516523424085374,63.310001373291016,64.2300033569336,62.95000076293945,64.1500015258789,193476,4.4835714285714285,0,0,0,0,0,0,0,0,0,0,0,0,0,0,0,0,0,0,0,Wed,8,3,0,1,0,239,8,27,0.39359027665646673,0.5631507242749189,0,0,51.837848126482335,-0.27035515526723086,0,-0.10182464816771795,0,2026-05-03
2025-08-28,67.70999908447266,68.660003662109375,67.4000015258789,68.62000274658203,8829,0.00837618911479976,0.01403878533090741,-0.06308021916905227,68.08400268554688,67.47142828078498,68.7474602593316,67.642800122062,67.84568550465646,-0.20288538259445943,53.40102875143154,70.66009847406565,64.2827580875043,0.09451912534031134,0.33200216596723975,0.19514324481670486,63.869998931884766,64.69999694824219,63.349998474121094,64.5999984741211,208931,4.489857142857143,0,0,0,0,0,0,0,0,0,0,0,0,0,0,0,0,0,0,0,Thu,8,3,0,1,0,240,8,28,0.3777079652039649,0.5488429582847199,0,0,55.19835649978975,-0.27035515526723086,0,-0.10182464816771795,0,2026-05-03
2025-08-29,68.26000213623047,68.36000061035156,68.029998779296875,68.12000274658203,0,-0.007286505100364549,0.005758148092702253,-0.060802372906886726,68.16200256347656,67.2614284697033,68.8028571719215,67.71621591044969,67.86600530035464,-0.14978938990495294,51.103765348497944,69.48599597927054,65.03686096013607,0.06614690053956417,0,0.21323114751459415,64.26000213623047,64.55000305175781,63.880001068115234,64.01000213623047,0,4.496142857142857,0,0,0,0,0,0,0,0,0,0,0,0,0,0,0,0,0,0,0,Fri,8,3,0,1,0,241,8,29,0.36171373072976765,0.5343725582809785,0,0,57.785534386858835,-0.27035515526723086,0,-0.10182464816771795,0,2026-05-03
2025-09-02,67.43000030517578,69.51000213623047,67.089996337890625,69.13999938964844,55307,0.014973526158843065,0.0049418070175788475,-0.0076072741958692625,68.2300018310547,67.23619043259393,68.85857149154421,67.93525952263411,67.96037523289492,-0.025115710260806168,55.325885115367676,69.35552747985224,65.11685338533562,0.06304155644817516,2.209001841267559,0.2370993310278586,63.95000076293945,66.029998779296875,63.65999984741211,65.589996337890625,320218,4.518714285714285,0,0,0,0,0,0,0,0,0,0,0,0,0,0,0,0,0,0,0,Tue,9,3,0,0,0,245,9,2,0.29671281927349075,0.4749510720670502,1,0,37.40333365039754,-0.27035515526723086,0,-0.10182464816771795,0,2026-05-03
2025-09-03,69.05999755859375,69.2300033569336,67.37999725341797,67.5999984741211,45108,-0.022273661109663112,0.005653038478388606,-0.016870326149948656,68.30600128173828,67.18095216296967,68.90206352112786,67.88368089978596,67.93368065817093,-0.049999758384970505,48.51452509021041,69.19113748712739,65.17076683881196,0.05984390692413369,1.7156745284633552,0.18753875061705857,65.62000274658203,65.720001220703125,63.720001220703125,63.970001220703125,298737,4.522428571428572,0,0,0,0,0,0,0,0,0,0,0,0,0,0,0,0,0,0,0,Wed,9,3,0,0,0,246,9,3,0.2802306751992159,0.4597327394521046,1,0,43.44633445583586,-0.27035515526723086,0,-0.10182464816771795,0,2026-05-03
2025-09-04,67.44000244140625,67.48999786376953,66.31999969482422,66.98999786376953,42152,-0.009023677871606517,-0.015576857317435522,-0.00960972104885005,68.09400024414063,67.1499997093564,68.92825402153863,67.74619120193728,67.86377822895601,-0.11758702701872892,46.09381863560278,69.15049191045483,65.14950750825795,0.05958279105754631,1.587263333885617,0.15178031502189232,63.81999969482422,63.84000015258789,62.720001220703125,63.47999954223633,251689,4.526142857142857,0,0,0,0,0,0,0,0,0,0,0,0,0,0,0,0,0,0,0,Thu,9,3,0,0,0,247,9,4,0.26366549272800704,0.4443781781046134,1,0,48.15534641730067,-0.27035515526723086,0,-0.10182464816771795,0,2026-05-03
2025-09-05,66.839996337890625,67.05000305175781,65.08000183105469,65.5,38287,-0.022242094510878774,-0.04546783185224279,-0.020780376772787768,67.46999969482422,67.08380926223029,68.91285717676557,67.40062332471616,67.68868354532964,-0.2880602206134739,40.74579629288086,69.20855580837646,64.95906271608412,0.06334603146462796,1.3978408256997967,0.040153872311768854,63.33000183105469,63.4900016784668,61.45000076293945,61.869998931884766,294540,4.529857142857143,0,0,0,0,0,0,0,0,0,0,0,0,0,0,0,0,0,0,0,Fri,9,3,0,0,0,248,9,5,0.24702218048093552,0.4288919379124841,1,0,51.62362549026154,-0.27035515526723086,0,-0.10182464816771795,0,2026-05-03
2025-09-08,65.80999755859375,67.029998779296875,65.5199966430664,66.0199966430664,29078,0.007938880046815422,-0.030828039031765786,-0.0061719653804883645,67.0499984741211,67.06428527832031,68.89666663275824,67.18821921984697,67.56507710812495,-0.37685788827798206,43.221693100304066,69.22155047566004,64.90702008098059,0.0643342485016268,1.055470457135805,-0.030351793897022306,62,63.34000015258789,61.849998474121094,62.2599983215332,237288,4.541,0,0,0,0,0,0,0,0,0,0,0,0,0,0,0,0,0,0,0,Mon,9,3,1,0,0,251,9,8,0.19667288979357647,0.3816892202666586,1,0,39.63421570500785,-0.27035515526723086,0,-0.10182464816771795,0,2026-05-03
2025-09-09,66.16999816894531,67.38999938964844,66.13999938964844,66.38999938964844,38860,0.005604404201691171,-0.03977437119288907,-0.003003408308169364,66.4999984741211,67.0547616141183,68.88904753185454,67.0654161690472,67.47803431416374,-0.4126181451165394,44.98325283334228,69.22256107048588,64.88696215775073,0.06465758446335741,1.31611032838409,-0.11443971067994578,62.43000030517578,63.66999816894531,62.369998931884766,62.630001068115234,268529,4.546857142857143,0,0,0,0,0,0,0,0,0,0,0,0,0,0,0,0,0,0,0,Tue,9,3,0,0,0,252,9,9,0.1797665857255624,0.3657225234972692,1,0,44.98648954724349,-0.27035515526723086,0,-0.10182464816771795,0,2026-05-03
2025-09-10,66.44000244140625,67.7699966430664,66.44000244140625,67.48999786376953,38789,0.01656873752423338,-0.0016272280005106277,0.012907108596758032,66.47799835205078,67.09571402413505,68.8528570750403,67.1307364297737,67.47892050302342,-0.3481840732497119,49.95435871284603,69.26230393218951,64.92912411608059,0.0645820657717456,1.2392374611430415,-0.1351212218567575,62.7400016784668,64.08000183105469,62.720001220703125,63.66999816894531,260684,4.552714285714286,0,0,0,0,0,0,0,0,0,0,0,0,0,0,0,0,0,0,0,Wed,9,3,0,0,0,253,9,10,0.16280701293851715,0.34964745525122826,1,0,49.48840141388384,-0.27035515526723086,0,-0.10182464816771795,0,2026-05-03
2025-09-11,67.58000183105469,67.61000061035156,66.160003662109375,66.37000274658203,34565,-0.016594979295276313,-0.009255040109843238,0.0037810040776642406,66.35399932861328,67.10761878603981,68.8053967914884,67.01370047851344,67.39677844699072,-0.3830779684772807,45.451247794451305,69.25434780103748,64.96088977104213,0.06397869731727844,1.0443386962761538,-0.16329704536186448,63.79999923706055,63.79999923706055,62.209999084472656,62.369998931884766,222661,4.558571428571429,0,0,0,0,0,0,0,0,0,0,0,0,0,0,0,0,0,0,0,Thu,9,3,0,0,0,254,9,11,0.1457991969198751,0.33346877891818705,1,0,52.86230128795796,-0.27035515526723086,0,-0.10182464816771795,0,2026-05-03
2025-09-12,66.30999755859375,68.1500015258789,65.720001220703125,66.98999786376953,50762,0.009341496030289553,0.022748058988847797,0.020722240854287532,66.6519989013672,67.17238071986607,68.6904760693747,67.010053922399,67.3666465519373,-0.35659262953829796,48.23318622948787,69.211234335863125,65.13352710386901,0.060705117018253,1.361247278149034,-0.16606626405820873,62.27000045776367,63.97999954223633,61.689998626708984,62.689998626708984,313265,4.5644285714285715,0,0,0,0,0,0,0,0,0,0,0,0,0,0,0,0,0,0,0,Fri,9,3,0,0,0,255,9,12,0.12874817745258132,0.31719128858910595,1,0,55.68646282617638,-0.27035515526723086,0,-0.10182464816771795,0,2026-05-03
2025-09-15,67.220001220703125,67.839996337890625,66.79000091552734,67.44000244140625,26320,0.006717489057871617,0.021508722668027724,0.0089767524893698,66.93600006103516,67.2009524390811,68.59857129293775,67.07619984840011,67.37208032152759,-0.29588047312748245,50.21768629293002,69.23705750217894,65.16484737598327,0.06059750611253916,0.6592723957237467,-0.11745072249527855,62.970001220703125,63.66999816894531,62.52000045776367,63.29999923706055,205560,4.582,0,0,0,0,0,0,0,0,0,0,0,0,0,0,0,0,0,0,0,Mon,9,3,1,0,0,258,9,15,0.077386479233463007,0.26781430516217486,1,0,41.996937342343955,-0.27035515526723086,0,-0.10182464816771795,0,2026-05-03
2025-09-16,67.48999786376953,68.69000244140625,67,68.470001220703125,34128,0.015272816459218852,0.03133004744957124,0.039787438227681715,67.3520004272461,67.32571447463263,68.47190469408793,67.29063082875442,67.45340779554058,-0.1627769667861685,54.51568067605174,69.33505020858773,65.31637874067754,0.05968999362679431,0.9027401209896071,-0.08551659217247709,63.310001373291016,64.76000213623047,62.88999938964844,64.5199966430664,234250,4.582285714285714,0,0,0,0,0,0,0,0,0,0,0,0,0,0,0,0,0,0,0,Tue,9,3,0,0,0,259,9,16,0.06021327736579302,0.25119006388481957,1,0,47.293877426658455,-0.27035515526723086,0,-0.10182464816771795,0,2026-05-03
2025-09-17,68.410003662109375,68.589996337890625,67.62000274658203,67.94999694824219,30515,-0.0075946292272549565,0.0068158112169625085,0.020270247823589216,67.444000244140625,67.39000011625744,68.33301580519904,67.39207177021407,67.49019217722218,-0.09812040700811053,52.07143315976958,69.38817077133676,65.39182946117812,0.059301696145783914,0.8395789311498504,-0.04657153454455864,64.589996337890625,64.66999816894531,63.689998626708984,64.05000305175781,165427,4.582571428571429,0,0,0,0,0,0,0,0,0,0,0,0,0,0,0,0,0,0,0,Wed,9,3,0,0,0,260,9,17,0.04302223300453059,0.23449138957041052,1,0,51.42491513491998,-0.27035515526723086,0,-0.10182464816771795,0,2026-05-03
2025-09-18,67.88999938964844,68.410003662109375,67.19000244140625,67.44000244140625,29610,-0.007505438259613251,0.016121736485528837,0.02507982220577043,67.65800018310547,67.46857161748977,68.18111104813833,67.39944571962825,67.4864744190136,-0.08702869938535684,49.717074730245734,69.32740402130459,65.60973921367496,0.0551021715519157,0.843796485748645,-0.002966962541854075,63.9900016784668,64.55000305175781,63.33000183105469,63.56999969482422,82321,4.582857142857143,0,0,0,0,0,0,0,0,0,0,0,0,0,0,0,0,0,0,0,Thu,9,3,0,0,0,261,9,18,0.02581844022713308,0.21772323039653224,1,0,54.62573561629036,-0.27035515526723086,0,-0.10182464816771795,0,2026-05-03
2025-09-19,67.45999908447266,67.55999755859375,66.43000030517578,66.68000030517578,24400,-0.011269307661884831,-0.004627520054921619,-0.002393716958122294,67.59600067138672,67.46095275878906,68.10492052350726,67.28876180971248,67.42673559576636,-0.13797378605387678,46.3535830482221,69.33187811126443,65.5900274063137,0.05546691162708539,0.7239776041682121,0.007626560756137133,63.59000015258789,63.650001525878906,62.599998474121094,62.68000030517578,87165,4.583142857142857,0,0,0,0,0,0,0,0,0,0,0,0,0,0,0,0,0,0,0,Fri,9,3,0,0,0,262,9,19,0.008606996888688698,0.20089055513063528,1,0,57.033907489965564,-0.27035515526723086,0,-0.10182464816771795,0,2026-05-03
2025-09-22,66.66999816894531,67.30000305175781,65.94000244140625,66.56999969482422,23634,-0.001649679211879418,-0.012900396131182101,-0.01625533476999408,67.42200012207032,67.40857187906902,68.0958729093037,67.17818302280659,67.36327367717806,-0.18509065437146432,45.869881614164434,69.31615080868589,65.50099294945214,0.05659751798448043,0.7127627170271092,0.05503315349201526,62.7400016784668,63.18000030517578,61.97999954223633,62.63999938964844,223779,4.584,0,0,0,0,0,0,0,0,0,0,0,0,0,0,0,0,0,0,0,Mon,9,3,1,0,0,265,9,22,0,0.15005539834465262,1,0,42.63930372233304,-0.27035515526723086,0,-0.10182464816771795,0,2026-05-03
2025-09-23,66.589996337890625,68.08000183105469,66.12000274658203,67.62999725341797,27893,0.015923051877017924,-0.012268204356788659,-0.0014765406549384075,67.25399932861328,67.40380968366351,68.09507921006944,67.24769290443912,67.38303097912176,-0.13533807468263603,51.15888767441465,69.30851552008171,65.49910384724531,0.05651626652431905,0.8699815355440776,0.09325283176296272,62.33000183105469,63.88999938964844,61.849998474121094,63.40999984741211,265948,4.5809999999999995,0,0,0,0,0,0,0,0,0,0,0,0,0,0,0,0,0,0,0,Tue,9,3,0,0,0,266,9,23,0,0.13301470653419636,1,0,47.63463103573234,-0.27035515526723086,0,-0.10182464816771795,0,2026-05-03
2025-09-24,67.86000061035156,69.36000061035156,67.5199966430664,69.30999755859375,28459,0.024841052393963725,0.020014726584719034,0.007412710526368382,67.5259994506836,67.42809513636998,68.12015848311167,67.56497054353983,67.52576924426783,0.03920129927199412,58.13998436167122,69.41863940678307,65.43755086595688,0.059041984395000906,0.9171860799391529,0.1592307457557076,63.63999938964844,65.05000305175781,63.25,64.98999786376953,282721,4.577999999999999,0,0,0,0,0,0,0,0,0,0,0,0,0,0,0,0,0,0,0,Wed,9,3,0,0,0,267,9,24,0,0.11593459959550066,1,0,51.97288809682322,-0.27035515526723086,0,-0.10182464816771795,0,2026-05-03
2025-09-25,69.089996337890625,69.66999816894531,68.44000244140625,69.41999816894531,21388,0.0015870814345155804,0.029359366190108593,0.032728308662461236,67.9219985961914,67.53285689581008,68.14634898352244,67.85035940898683,67.66608249794766,0.1842769110391771,58.55767299580779,69.70104653349202,65.36466725812815,0.06421139982355623,0.7198704852427896,0.16903292477785836,64.80000305175781,65.339996337890625,64.05999755859375,64.9800033569336,258353,4.574999999999999,0,0,0,0,0,0,0,0,0,0,0,0,0,0,0,0,0,0,0,Thu,9,3,0,0,0,268,9,25,0,0.09882013873287211,1,0,55.46683439981718,-0.27035515526723086,0,-0.10182464816771795,0,2026-05-03
2025-09-26,69.69999694824219,70.7699966430664,69.11000061035156,70.12999725341797,11917,0.010227587196772303,0.051739606065574595,0.030565673892448464,68.61199798583985,67.63190423874627,68.18634893023778,68.2010729235147,67.84859470205657,0.3524782214581279,61.24562428356042,70.07226943749271,65.19153903999984,0.07216609457370123,0.46142706687730384,0.19903277722033821,65.19999694824219,66.41999816894531,64.660003662109375,65.720001220703125,284990,4.572,0,0,0,0,0,0,0,0,0,0,0,0,0,0,0,0,0,0,0,Fri,9,3,0,0,0,269,9,26,0,0.08167639533042288,1,0,58.40808731663607,-0.27035515526723086,0,-0.10182464816771795,0,2026-05-03
2025-09-29,69.470001220703125,69.93000030517578,67.55000305175781,67.970001220703125,8229,-0.030799887598877196,0.021030517234443602,-0.009472478867122769,68.891998291015625,67.60095178513299,68.1999997335767,68.16552343077446,67.85758777751187,0.3079356532625894,50.51189229005337,70.00489701255421,65.19700655771177,0.07112163849592133,0.3426280223005917,0.16145041329519955,65.06999969482422,65.4000015258789,62.97999954223633,63.45000076293945,294292,4.563,0,0,0,0,0,0,0,0,0,0,0,0,0,0,0,0,0,0,0,Mon,9,3,1,0,0,272,9,29,0,0.03012030484690836,1,0,43.50257156026372,-0.27035515526723086,0,-0.10182464816771795,0,2026-05-03
2025-09-30,67.589996337890625,67.589996337890625,66.910003662109375,67.0199966430664,46335,-0.013976821547376339,-0.0090196752199444,-0.016148063111621314,68.7699981689453,67.54857054210845,68.16682506742931,67.98928854035783,67.79554398977517,0.1937445505826645,46.64026025624971,69.95295148412583,65.14418960009107,0.07118969129090716,1.835922022347254,0.12604368440397315,63.13999938964844,63.2599983215332,62.029998779296875,62.369998931884766,271649,4.563714285714285,0,0,0,0,0,0,0,0,0,0,0,0,0,0,0,0,0,0,0,Tue,9,3,0,0,0,273,9,30,0,0.012910296075008843,1,0,48.20722953526644,-0.27035515526723086,0,-0.10182464816771795,0,2026-05-03
2025-10-01,66.089996337890625,66.56999969482422,65.04000091552734,65.3499984741211,44601,-0.024917908871875283,-0.05713460141338089,-0.05481632844929962,67.97799835205078,67.36809430803571,68.11206309000652,67.58324391478295,67.61439247009709,-0.03114855531413241,40.730199402041166,69.83881512758077,64.89737348849064,0.07334988008560472,1.6737970322667808,0.008065745594734393,62.459999084472656,62.88999938964844,61.400001525878906,61.779998779296875,274339,4.5644285714285715,0,0,0,0,0,0,0,0,0,0,0,0,0,0,0,0,0,0,0,Wed,10,4,0,0,0,274,10,1,0,0,1,0,51.6317989717775,-0.27035515526723086,0,-0.10182464816771795,0,2026-05-03
2025-10-02,65.4000015258789,66.12000274658203,64,64.11000061035156,52074,-0.01897471909292514,-0.0764908916544621,-0.051627188499206667,66.91599884033204,67.20190393357049,68.04571387881325,67.04889879102427,67.35480788789371,-0.305909096869442,36.98287506739542,70.04808375183377,64.35572411530721,0.08470533278571236,1.802305056588101,-0.12041776887663246,61.779998779296875,62.540000915527344,60.400001525878906,60.47999954223633,290507,4.565142857142857,0,0,0,0,0,0,0,0,0,0,0,0,0,0,0,0,0,0,0,Thu,10,4,0,0,0,275,10,2,0,0,1,0,54.12323152148903,-0.27035515526723086,0,-0.10182464816771795,0,2026-05-03
2025-10-03,64.30000305175781,65,64.20999908447266,64.529998779296875,38970,0.006551211432643367,-0.07985168534778697,-0.03672188629525408,65.7959991455078,67.08476112002418,67.96555510021392,66.66137571229697,67.14556276873839,-0.4841870564414137,39.02903218777352,70.16078776315928,64.00873447688909,0.09170567478452059,1.284019769357496,-0.20940669133113177,60.70000076293945,61.380001068115234,60.54999923706055,60.880001068115234,240044,4.565857142857142,0,0,0,0,0,0,0,0,0,0,0,0,0,0,0,0,0,0,0,Fri,10,4,0,0,0,276,10,3,0,0,1,0,56.2000048313464,-0.27035515526723086,0,-0.10182464816771795,0,2026-05-03
2025-10-06,64.81999969482422,65.7699966430664,64.76000213623047,65.470001220703125,38055,0.014566906232575727,-0.036780932103889996,-4.579966304866234e-4,65.2959991455078,67.08333260672433,67.89126938108414,66.47808732897484,67.02144709851355,-0.5433597695387107,43.454363200703604,70.16247659223863,64.00418862121002,0.09180056702208794,1.1969954800091847,-0.22479117257254563,61.13999938964844,62.119998931884766,61.040000915527344,61.689998626708984,224682,4.568,0,0,0,0,0,0,0,0,0,0,0,0,0,0,0,0,0,0,0,Mon,10,4,1,0,0,279,10,6,0,0,1,0,41.864734877096375,-0.27035515526723086,0,-0.10182464816771795,0,2026-05-03
2025-10-07,65.54000091552734,65.83000183105469,64.5199966430664,65.44999694824219,36191,-3.055486801275542e-4,-0.023425839651793567,-0.008633743165815222,64.98199920654297,67.05618976411365,67.81603119865296,66.3199195780929,66.90504338367863,-0.585123805585738,43.38220051091536,70.18436076350935,63.92801876471797,0.09329999245110067,1.109408097014582,-0.24470338926210433,61.72999954223633,62.11000061035156,60.720001220703125,61.72999954223633,245121,4.569,0,0,0,0,0,0,0,0,0,0,0,0,0,0,0,0,0,0,0,Tue,10,4,0,0,0,280,10,7,0,0,1,0,46.57616450569017,-0.27035515526723086,0,-0.10182464816771795,0,2026-05-03
2025-10-08,65.80999755859375,66.529998779296875,65.779998779296875,66.25,38630,0.012223118243847253,0.01377202061045657,-0.002108742143929976,65.16199951171875,67.04952312651135,67.77809470040458,66.30916271992476,66.85652165155429,-0.5473589316295318,47.16127309904124,70.18424697408827,63.914799278934424,0.09350473206684011,1.1483694521240226,-0.24758237063229724,62.04999923706055,62.91999816894531,62.04999923706055,62.54999923706055,273318,4.569999999999999,0,0,0,0,0,0,0,0,0,0,0,0,0,0,0,0,0,0,0,Wed,10,4,0,0,0,281,10,8,0,0,1,0,50.507766470480014,-0.27035515526723086,0,-0.10182464816771795,0,2026-05-03
2025-10-09,66.089996337890625,66.55999755859375,64.95999908447266,65.220001220703125,40845,-0.015547151385613245,0.017314000932521223,-0.03363456386009167,65.38399963378906,66.94142804827008,67.6965074085054,66.14159941235219,66.73529791593569,-0.5936985035834965,43.166359248171894,70.1675782291441,63.715277867396075,0.09638725300415465,1.1478247673859834,-0.29971412407173004,62.310001373291016,62.869998931884766,61.25,61.5099983215332,259171,4.571,0,0,0,0,0,0,0,0,0,0,0,0,0,0,0,0,0,0,0,Thu,10,4,0,0,0,282,10,9,0,0,1,0,53.44608011810249,-0.27035515526723086,0,-0.10182464816771795,0,2026-05-03
2025-10-10,65.16999816894531,65.3499984741211,62.130001068115234,62.72999954223633,54929,-0.038178497881971585,-0.02789399149404659,-0.05484410205984447,65.02399978637695,66.76809456234886,67.59365027291435,65.61673789387282,66.43860914751352,-0.821871253640694,35.36687038705892,70.47805126532042,63.05813785937731,0.1111296264268003,1.377153329873464,-0.4201975979647786,61.4900016784668,61.66999816894531,58.220001220703125,58.900001525878906,339103,4.572,0,0,0,0,0,0,0,0,0,0,0,0,0,0,0,0,0,0,0,Fri,10,4,0,0,0,283,10,10,0,0,1,0,55.29550970619795,-0.27035515526723086,0,-0.10182464816771795,0,2026-05-03
2025-10-13,62.66999816894531,63.95000076293945,62.66999816894531,63.31999969482422,35368,0.009405390672618141,-0.032839491153072164,-0.05478427057735691,64.59399948120117,66.59333274478004,67.50809472704691,65.26339355555766,66.2076010399069,-0.9442074843492492,38.21550903285746,70.59377360247078,62.5928918870893,0.12014538671679002,0.8302386396180264,-0.4719998286320626,59,60.16999816894531,59,59.4900016784668,339103,4.575,0,0,0,0,0,0,0,0,0,0,0,0,0,0,0,0,0,0,0,Mon,10,4,1,0,0,286,10,13,0,0,1,0,40.969249906067255,-0.27035515526723086,0,-0.10182464816771795,0,2026-05-03
2025-10-14,63.439998626708984,63.619998931884766,61.5,62.38999938964844,44016,-0.01468730748038527,-0.04675321163137092,-0.07488141857861574,63.98199996948242,66.35285640898205,67.41079318334185,64.82133291464855,65.92481573248035,-1.1034828178318037,35.555377445731644,70.72902804110363,61.976684776860466,0.13190605104166064,1.0388997330526177,-0.4760438269311274,59.58000183105469,59.81999969482422,57.68000030517578,58.70000076293945,259200,4.570285714285714,0,0,0,0,0,0,0,0,0,0,0,0,0,0,0,0,0,0,0,Tue,10,4,0,0,0,287,10,14,0,0,1,0,45.24364372893075,-0.27035515526723086,0,-0.10182464816771795,0,2026-05-03
2025-10-15,62.279998779296875,63.02000045776367,61.790000915527344,61.90999984741211,40209,-0.007693533369643957,-0.06550943626547756,-0.0958084015822609,63.113999938964845,66.04047539120629,67.28999958341083,64.3734355196891,65.62742196321604,-1.2539864435269408,34.23095978550198,70.70870510141158,61.37224568100099,0.1413748063608549,0.9589851342874929,-0.45975812974867025,58.599998474121094,59.41999816894531,58.20000076293945,58.27000045776367,224919,4.565571428571428,0,0,0,0,0,0,0,0,0,0,0,0,0,0,0,0,0,0,0,Wed,10,4,0,0,0,288,10,15,0,0,1,0,48.56313728972385,-0.27035515526723086,0,-0.10182464816771795,0,2026-05-03
2025-10-16,62.439998626708984,62.75,60.84000015258789,61.060001373291016,46229,-0.013729582881861768,-0.06378411176863918,-0.10139802626038841,62.28199996948242,65.71238036382766,67.15952343410916,63.86367642024324,65.28909451211048,-1.4254180918672432,31.960590656621413,70.7692592177406,60.65550150991473,0.15390947111989164,1.118149583254725,-0.411340558397901,58.77000045776367,59.11000061035156,57.2599983215332,57.459999084472656,203866,4.5608571428571425,0,0,0,0,0,0,0,0,0,0,0,0,0,0,0,0,0,0,0,Thu,10,4,0,0,0,289,10,16,0,0,1,0,51.046945072201105,-0.27035515526723086,0,-0.10182464816771795,0,2026-05-03
2025-10-17,61.11000061035156,61.45000076293945,60.150001525878906,61.290000915527344,50372,0.003766779185447877,-0.02295550194830509,-0.09119219014296742,61.99400024414062,65.41952314830962,67.03380917745923,63.46772634259464,64.99286535680803,-1.5251390142133872,33.2506740650779,70.76053069998507,60.078515596634176,0.16328482063579372,1.1856587359124762,-0.3876921182150386,57.5,57.720001220703125,56.599998474121094,57.540000915527344,108748,4.5561428571428575,0,0,0,0,0,0,0,0,0,0,0,0,0,0,0,0,0,0,0,Fri,10,4,0,0,0,290,10,17,0,0,1,0,53.07909752096368,-0.27035515526723086,0,-0.10182464816771795,0,2026-05-03
2025-10-20,61.43000030517578,61.54999923706055,60.06999969482422,61.0099983215332,33883,-0.004568487352122119,-0.03648138636172227,-0.08503302276083624,61.53199996948242,65.14952305385044,66.91349174862816,63.08961433935442,64.6978381690099,-1.6082238296554792,32.44415708188274,70.7878918569544,59.51115425074649,0.17309010223892093,0.8054493762361175,-0.3739999456720052,57.72999954223633,57.810001373291016,56.349998474121094,57.52000045776367,108146,4.542,0,0,0,0,0,0,0,0,0,0,0,0,0,0,0,0,0,0,0,Mon,10,4,1,0,0,293,10,20,0,0,1,0,39.36553913511985,-0.27035515526723086,0,-0.10182464816771795,0,2026-05-03
2025-10-21,60.90999984741211,62.09000015258789,60.34000015258789,61.31999969482422,45150,0.005081156889355398,-0.017150179600767035,-0.07886435367383948,61.31800003051758,64.89952305385044,66.7993647257487,62.81736593250362,64.4476279116628,-1.6302619791591866,34.34296305374254,70.73546357905896,59.06358252864193,0.1798454056547114,1.050901820399366,-0.38008790068574233,57.369998931884766,58.279998779296875,56.9900016784668,57.81999969482422,314207,4.532571428571428,0,0,0,0,0,0,0,0,0,0,0,0,0,0,0,0,0,0,0,Tue,10,4,0,0,0,294,10,21,0,0,1,0,43.74581872533206,-0.27035515526723086,0,-0.10182464816771795,0,2026-05-03
2025-10-22,61.619998931884766,63.91999816894531,61.400001525878906,62.59000015258789,46114,0.02071103170391675,0.010983690952217184,-0.07452310077648805,61.454000091552736,64.65952319190616,66.69476154872349,62.78238658174736,64.31002585543503,-1.5276392736876687,41.586576630325084,70.43810116814579,58.88094521566653,0.17873865104415038,1.0549626528487928,-0.3730548984401843,57.59000015258789,59.83000183105469,57.34000015258789,58.5,378637,4.523142857142857,0,0,0,0,0,0,0,0,0,0,0,0,0,0,0,0,0,0,0,Wed,10,4,0,0,0,295,10,22,0,0,1,0,47.509516316425255,-0.27035515526723086,0,-0.10182464816771795,0,2026-05-03
2025-10-23,64.25,66.339996337890625,63.849998474121094,65.98999786376953,87705,0.05432173994077005,0.08074019619388673,-0.047900733108777516,62.439999389648435,64.5014279683431,66.6558725871737,63.275865240520005,64.43446822642277,-1.1586029859027605,55.682873029825764,69.91581975432752,59.08703618235868,0.1678844005947207,1.8121803812180381,-0.2483516902714013,59.939998626708984,62.20000076293945,59.63999938964844,61.790000915527344,735186,4.513714285714285,0,0,0,0,0,0,0,0,0,0,0,0,0,0,0,0,0,0,0,Thu,10,4,0,0,0,296,10,23,0,0,1,0,51.20911289297897,-0.27035515526723086,0,-0.10182464816771795,0,2026-05-03
2025-10-24,65.87000274658203,66.7699966430664,65.44000244140625,65.94000244140625,38354,-7.576212150588457e-4,0.07586884412496175,-0.050129585412403865,63.369999694824216,64.33571388607933,66.59079324631463,63.68573250219481,64.5459892793845,-0.8602567771896901,55.47089354816597,69.31323679328334,59.35819097887532,0.15473591902680425,0.8205819426615318,-0.10050540965992266,61.790000915527344,62.59000015258789,61.209999084472656,61.5,373744,4.5042857142857144,0,0,0,0,0,0,0,0,0,0,0,0,0,0,0,0,0,0,0,Fri,10,4,0,0,0,297,10,24,0,0,1,0,54.15791601363164,-0.27035515526723086,0,-0.10182464816771795,0,2026-05-03
2025-10-27,66.26000213623047,66.5999984741211,65.08000183105469,65.62000274658203,32237,-0.004852891764882239,0.0755614579884647,-0.06430906435856354,64.29200057983398,64.12095224289666,66.48142817663768,63.98331253979285,64.62554583251024,-0.6422332927173926,54.052515164750716,68.38676461016892,59.85513987562441,0.13305517831715685,0.6943603815891218,0.035472601586645114,61.81999969482422,62.16999816894531,60.66999816894531,61.310001373291016,272191,4.476,0,0,0,0,0,0,0,0,0,0,0,0,0,0,0,0,0,0,0,Mon,10,4,1,0,0,300,10,27,0,0,1,0,40.853132828173884,-0.27035515526723086,0,-0.10182464816771795,0,2026-05-03
2025-10-28,65.79000091552734,65.79000091552734,64,64.4000015258789,33807,-0.018591910540062706,0.05022834061290227,-0.05252316655449496,64.90800094604492,63.95095225742885,66.34111077444894,64.04741853765225,64.60883884683385,-0.5614203091815995,48.91702006338112,67.84046550040424,60.06143901445347,0.12164051060001403,0.7445491785226622,0.1622198838454019,61.5,61.5,59.7599983215332,60.150001525878906,307568,4.4871428571428575,0,0,0,0,0,0,0,0,0,0,0,0,0,0,0,0,0,0,0,Tue,10,4,0,0,0,301,10,28,0,0,1,0,45.5605516369779,-0.27035515526723086,0,-0.10182464816771795,0,2026-05-03
2025-10-29,64.48999786376953,65.37999725341797,63.93000030517578,64.91999816894531,16478,0.008074481843877823,0.037226362209252795,-0.03133390897205235,65.3740005493164,63.850952330089754,66.22031711396717,64.18166155785119,64.63188768550877,-0.4502261276575865,51.05168217309535,67.51023048784693,60.19167417233259,0.11461937603811535,0.38291632681041715,0.278000070760537,60.18000030517578,61.02000045776367,59.70000076293945,60.47999954223633,276875,4.498285714285714,0,0,0,0,0,0,0,0,0,0,0,0,0,0,0,0,0,0,0,Wed,10,4,0,0,0,302,10,29,0,0,1,0,49.42996468356644,-0.27035515526723086,0,-0.10182464816771795,0,2026-05-03
2025-10-30,64.8499984741211,65.160003662109375,64.05999755859375,65,10024,0.0012323141298693496,-0.01500224118529736,-0.0053557533633254994,65.1760009765625,63.834285736083984,66.14619015890455,64.30755977972024,64.65915526435997,-0.35159548463973067,51.388254344684384,67.46798690988773,60.20058456228024,0.11384794650407436,0.2543361987597812,0.3152967515882528,60.38999938964844,60.790000915527344,59.63999938964844,60.56999969482422,247917,4.509428571428572,0,0,0,0,0,0,0,0,0,0,0,0,0,0,0,0,0,0,0,Thu,10,4,0,0,0,303,10,30,0,0,1,0,52.543562138259276,-0.27035515526723086,0,-0.10182464816771795,0,2026-05-03
2025-10-31,64.75,65.5,64.5199966430664,65.06999969482422,44972,0.0010769183819110406,-0.013193853721117255,0.01497424856236318,65.00200042724609,63.87999997820173,66.08761869158063,64.42485822819778,64.6895881851351,-0.26472995693731605,51.70119194616947,67.55222017224963,60.20777978415382,0.11497245445526005,1.156913388419547,0.36406595418741355,60.29999923706055,61.380001068115234,59.9900016784668,60.97999954223633,278598,4.5205714285714285,0,0,0,0,0,0,0,0,0,0,0,0,0,0,0,0,0,0,0,Fri,10,4,0,0,0,304,10,31,0,0,1,0,55.05320637163544,-0.27035515526723086,0,-0.10182464816771795,0,2026-05-03
2025-11-03,65.06999969482422,65.30999755859375,64.33000183105469,64.88999938964844,0,-0.002766256431842251,-0.011124707808269907,0.0055788101218290365,64.85599975585937,63.89714286440895,66.04396789792985,64.4964184068825,64.7044334595435,-0.20801505266099696,50.79565766049042,67.58543338138469,60.2088523474332,0.11544461463018378,0,0.36934063251201765,61.400001525878906,61.5,60.5099983215332,61.04999923706055,0,4.554,0,0,0,0,0,0,0,0,0,0,0,0,0,0,0,0,0,0,0,Mon,11,4,1,0,1,307,11,3,0,0,0,0,41.168164639294034,-0.27035515526723086,0,-0.10182464816771795,0,2026-05-03
2025-11-04,64.81999969482422,64.839996337890625,63.83000183105469,64.44000244140625,36655,-0.0069347657955745046,6.211322139684228e-4,-0.015732377578926426,64.86399993896484,63.84809530349005,66.00507905748155,64.48773902757846,64.68484597671852,-0.1971069491400641,48.50826313204173,67.47542845255605,60.22076215442405,0.11362384834893331,1.05833472885496,0.3349450834504847,61.029998779296875,61.029998779296875,59.939998626708984,60.560001373291016,219300,4.563142857142857,0,0,0,0,0,0,0,0,0,0,0,0,0,0,0,0,0,0,0,Tue,11,4,0,0,1,308,11,4,0,0,0,0,45.82634899157236,-0.27035515526723086,0,-0.10182464816771795,0,2026-05-03
2025-11-05,64.26000213623047,64.94000244140625,63.43000030517578,63.52000045776367,42320,-0.014276876920964021,-0.021564968432967957,-0.0294881066534618,64.58400039672851,63.756190708705354,65.9588885837131,64.33885617068388,64.5985611234626,-0.2597049527787192,44.1326549695341,67.31011560027255,60.202265817138155,0.11148485667234011,1.2354328685863754,0.23512094518640478,60.43000030517578,61.09000015258789,59.52000045776367,59.599998474121094,292518,4.572285714285715,0,0,0,0,0,0,0,0,0,0,0,0,0,0,0,0,0,0,0,Wed,11,4,0,0,1,309,11,5,0,0,0,0,49.36807685947876,-0.27035515526723086,0,-0.10182464816771795,0,2026-05-03
2025-11-06,63.58000183105469,64.33000183105469,62.83000183105469,63.380001068115234,43138,-0.002204020602007528,-0.024923060490534832,-0.04332073859448704,64.26000061035157,63.61952409290132,65.90793627784366,64.19134000105794,64.50829741565909,-0.31695741460114846,43.48977204268266,66.98648448760342,60.252563698199225,0.10584676458080526,1.4476567612463715,0.1280660440633586,59.68000030517578,60.5099983215332,58.83000183105469,59.43000030517578,277768,4.581428571428572,0,0,0,0,0,0,0,0,0,0,0,0,0,0,0,0,0,0,0,Thu,11,4,0,0,1,310,11,6,0,0,0,0,52.174781185478665,-0.27035515526723086,0,-0.10182464816771795,0,2026-05-03
2025-11-07,63.63999938964844,64.37999725341797,63.2400016784668,63.630001068115234,36620,0.003944461908912178,-0.022129992830221656,-0.02437902672229897,63.97200088500976,63.54380979992094,65.86031729077536,64.1049801652206,64.443238426952135,-0.3382582617315393,45.029693414211025,66.8301545320044,60.25746506783748,0.10343555863052922,1.2361139709233049,0.009736331478579923,59.650001525878906,60.459999084472656,59.31999969482422,59.75,259446,4.590571428571429,0,0,0,0,0,0,0,0,0,0,0,0,0,0,0,0,0,0,0,Fri,11,4,0,0,1,311,11,7,0,0,0,0,54.47018188406915,-0.27035515526723086,0,-0.10182464816771795,0,2026-05-03
2025-11-10,63.689998626708984,64.30999755859375,63.33000183105469,64.05999755859375,30891,0.006757763370429659,-0.01279090520668269,0.021201945258455313,63.806000518798825,63.60714303879511,65.82761879572793,64.09805976420108,64.41485021448113,-0.3167904502800525,47.67102717693716,66.8788471230632,60.33543895452702,0.10287222245692179,1.0474898696190298,-0.09760443718878922,59.869998931884766,60.47999954223633,59.40999984741211,60.130001068115234,222879,4.618,0,0,0,0,0,0,0,0,0,0,0,0,0,0,0,0,0,0,0,Mon,11,4,1,0,1,314,11,10,0,0,0,0,40.70641126802979,-0.27035515526723086,0,-0.10182464816771795,0,2026-05-03
2025-11-11,63.970001220703125,65.29000091552734,63.61000061035156,65.160003662109375,41959,0.017171497743337927,0.011173202877479804,0.02905881200494642,63.95000076293945,63.694762275332494,65.82015857999286,64.26143574849466,64.4700467661573,-0.20861101766263346,53.78835082839999,67.03206487317094,60.35745967749404,0.10479048758867598,1.3845250233454431,-0.14369225973611496,60.06999969482422,61.279998779296875,59.65999984741211,61.040000915527344,264427,4.614428571428571,0,0,0,0,0,0,0,0,0,0,0,0,0,0,0,0,0,0,0,Tue,11,4,0,0,1,315,11,11,0,0,0,0,45.60427924638247,-0.27035515526723086,0,-0.10182464816771795,0,2026-05-03
2025-11-12,65.20999908447266,65.20999908447266,62.560001373291016,62.709999084472656,42279,-0.037599822589657106,-0.012751910696688462,0.0051290222464293045,63.78800048828125,63.710000356038414,65.75460306803386,64.02275318479897,64.33967286381029,-0.31691967901132045,42.00906948877508,67.02512989561103,60.394870816465804,0.10406936182848117,1.285630880197532,-0.1589890951638704,61.04999923706055,61.060001373291016,58.29999923706055,58.4900016784668,329517,4.610857142857143,0,0,0,0,0,0,0,0,0,0,0,0,0,0,0,0,0,0,0,Wed,11,4,0,0,1,316,11,12,0,0,0,0,49.02564663364153,-0.27035515526723086,0,-0.10182464816771795,0,2026-05-03
2025-11-13,62.66999816894531,63.439998626708984,62.34000015258789,63.0099983215332,36603,0.004783913912300264,-0.005837846960342952,0.01776770274321149,63.71399993896485,63.76238123575846,65.70952370053246,63.866944744296546,64.24117845327125,-0.37423370897469965,43.636733125131705,66.99170938415794,60.53305308735899,0.10129258305015888,1.0298027498544047,-0.15294514750386393,58.470001220703125,59.209999084472656,58.119998931884766,58.689998626708984,247349,4.607285714285714,0,0,0,0,0,0,0,0,0,0,0,0,0,0,0,0,0,0,0,Thu,11,4,0,0,1,317,11,13,0,0,0,0,51.816968668268025,-0.27035515526723086,0,-0.10182464816771795,0,2026-05-03
2025-11-14,63.04999923706055,64.8499984741211,63.04999923706055,64.38999938964844,58912,0.02190130304516491,0.011944024968970846,0.05453648774095887,63.86599960327148,63.92095256987072,65.67444434998528,63.947414689735304,64.25220222633622,-0.3047875366009194,50.51698994102971,66.91113005116522,60.93077508857622,0.09355860202571277,1.5949016858115153,-0.10514289939796602,58.709999084472656,60.650001525878906,58.709999084472656,60.09000015258789,334116,4.603714285714286,0,0,0,0,0,0,0,0,0,0,0,0,0,0,0,0,0,0,0,Fri,11,4,0,0,1,318,11,14,0,0,0,0,54.32868894414529,-0.27035515526723086,0,-0.10182464816771795,0,2026-05-03
2025-11-17,64.0199966430664,64.720001220703125,63.65999984741211,64.19999694824219,33667,-0.0029508066968050306,0.0021854416950357614,0.047479131819977205,63.89399948120117,64.05952380952381,65.6492061917744,63.98627349873636,64.24833516869963,-0.2620616699632663,49.61889952440976,66.79662169773216,61.32242592131545,0.08545483092715182,0.8353182282827681,-0.0975825047754995,59.79999923706055,60.439998626708984,59.31999969482422,59.90999984741211,189638,4.593,0,0,0,0,0,0,0,0,0,0,0,0,0,0,0,0,0,0,0,Mon,11,4,1,0,1,321,11,17,0,0,0,0,40.653644295637136,-0.27035515526723086,0,-0.10182464816771795,0,2026-05-03
2025-11-18,64,65.08000183105469,63.61000061035156,64.88999938964844,36791,0.010747702090430522,-0.0041437117447239435,0.06359615103850613,63.83999862670898,64.24428576514835,65.61825385926262,64.12530825118438,64.29586585173287,-0.17055760054849145,52.89407280883962,66.61627782459045,61.87229370570624,0.07384289610170686,0.9125204623245201,-0.05228586720896509,59.7400016784668,60.93000030517578,59.310001373291016,60.7400016784668,105325,4.582428571428571,0,0,0,0,0,0,0,0,0,0,0,0,0,0,0,0,0,0,0,Tue,11,4,0,0,1,322,11,18,0,0,0,0,45.50182761544998,-0.27035515526723086,0,-0.10182464816771795,0,2026-05-03
2025-11-19,64.7300033569336,64.86000061035156,62.869998931884766,63.5099983215332,38776,-0.02126677579126901,0.012757124043055956,0.03571426349654461,63.99999847412109,64.34857141403924,65.5522221156529,64.0306451850842,64.23765344208844,-0.2070082570042473,46.397626201101076,66.34311774096096,62.35402508711752,0.06199193806768992,0.9702829574913171,-0.0436485458206356,60.619998931884766,60.790000915527344,58.77000045776367,59.439998626708984,79622,4.571857142857143,0,0,0,0,0,0,0,0,0,0,0,0,0,0,0,0,0,0,0,Wed,11,4,0,0,1,323,11,19,0,0,0,0,49.10083655280179,-0.27035515526723086,0,-0.10182464816771795,0,2026-05-03
2025-11-20,63.59000015258789,64.38999938964844,62.95000076293945,63.380001068115234,42345,-0.00204687855225294,0.005872127542266403,0.012621839169218774,64.0739990234375,64.38619050525483,65.48317446027484,63.93054609016589,64.17412363660894,-0.2435775464430492,45.82663908400894,66.26804659795076,62.50433441255891,0.058455270545703014,1.0616959555514325,-0.029868291498541148,59.630001068115234,60.33000183105469,58.86000061035156,59.13999938964844,324282,4.561285714285714,0,0,0,0,0,0,0,0,0,0,0,0,0,0,0,0,0,0,0,Thu,11,4,0,0,1,324,11,20,0,0,0,0,51.953653265852246,-0.27035515526723086,0,-0.10182464816771795,0,2026-05-03
2025-11-21,63.130001068115234,63.13999938964844,61.869998931884766,62.560001373291016,43029,-0.01293783024621531,-0.02842053166180991,-0.05197752085944052,63.70799942016602,64.22285733904157,65.38412681458489,63.71969305680052,64.05455902451132,-0.33486596771079746,42.291189520260524,66.11544542331508,62.330269254768055,0.05893814640735375,1.0617837789819669,-0.038022110488389514,58.79999923706055,58.79999923706055,57.380001068115234,58.060001373291016,345014,4.550714285714286,0,0,0,0,0,0,0,0,0,0,0,0,0,0,0,0,0,0,0,Fri,11,4,0,0,1,325,11,21,0,0,0,0,54.07024965471057,-0.27035515526723086,0,-0.10182464816771795,0,2026-05-03
2025-11-24,62.560001373291016,63.529998779296875,61.93000030517578,63.369998931884766,30888,0.0129475310232261,-0.01292831862634769,-0.03897487737895022,63.54199981689453,64.10047621954055,65.32301566714332,63.66589396065964,64.00385086950195,-0.3379569088423082,46.66810682845981,65.85397036193947,62.34698207714163,0.05471079922692934,0.7621980560100087,-0.027626456795159623,58.04999923706055,59.060001373291016,57.41999816894531,58.84000015258789,238138,4.519,0,0,0,0,0,0,0,0,0,0,0,0,0,0,0,0,0,0,0,Mon,11,4,1,0,1,328,11,24,0,0,0,0,40.355137601426996,-0.27035515526723086,0,-0.10182464816771795,0,2026-05-03
2025-11-25,63.40999984741211,63.40999984741211,61.61000061035156,62.47999954223633,26580,-0.014044491157481076,-0.03713977300170179,-0.04785131168726231,63.05999984741211,63.95095225742885,65.23460291302393,63.48344866551759,63.8909729934082,-0.4075243278906058,42.82474163297286,65.69572654726028,62.206177967597434,0.05456601436701018,0.6817657167773873,-0.06828578068660072,58.88999938964844,58.959999084472656,57.099998474121094,57.95000076293945,334442,4.512142857142857,0,0,0,0,0,0,0,0,0,0,0,0,0,0,0,0,0,0,0,Tue,11,4,0,0,1,329,11,25,0,0,0,0,44.77646076423934,-0.27035515526723086,0,-0.10182464816771795,0,2026-05-03
2025-11-26,62.599998474121094,63.20000076293945,62.119998931884766,63.130001068115234,21288,0.010403353563399165,-0.005983266626683692,-0.019720503535288425,62.98400039672852,63.89047604515439,65.14746002923874,63.42907211207108,63.834604702645755,-0.4055325905746727,46.30291729605271,65.65777327000092,62.12317882030786,0.0553227126871773,0.5770998077960523,-0.0904175643082516,58.04999923706055,58.720001220703125,57.65999984741211,58.650001525878906,228285,4.505285714285715,0,0,0,0,0,0,0,0,0,0,0,0,0,0,0,0,0,0,0,Wed,11,4,0,0,1,330,11,26,0,0,0,0,48.44644270585439,-0.27035515526723086,0,-0.10182464816771795,0,2026-05-03
2025-11-28,63.0099983215332,63.459999084472656,62.810001373291016,63.20000076293945,31795,0.0011088182106744338,-0.0028400173894338465,-0.0264941074325018,62.94800033569336,63.80857140677316,65.06936475965712,63.393830366050835,63.78759700340825,-0.393766637357416,46.67910729178522,65.53441392283136,62.08272889071496,0.05409437879610656,0.8733186658646254,-0.10120869730855082,58.58000183105469,59.63999938964844,58.27000045776367,58.54999923706055,153758,4.4915714285714285,0,0,0,0,0,0,0,0,0,0,0,0,0,0,0,0,0,0,0,Fri,11,4,0,0,1,332,11,28,0,0,0,0,43.55051980206816,-0.27035515526723086,0,-0.10182464816771795,0,2026-05-03
2025-12-01,62.689998626708984,63.810001373291016,62.689998626708984,63.16999816894531,31203,-4.747245827840807e-4,0.009750587951788736,-0.02815387432391825,63.06999969482422,63.721428462437224,64.97460283551898,63.359394643419215,63.74184894159618,-0.38245429817696674,46.52864616560985,65.37801917174255,62.0648377531319,0.05199477630297823,0.9276612697034743,-0.09679122757125651,58.959999084472656,59.970001220703125,58.83000183105469,59.31999969482422,232770,4.471,0,0,0,0,0,0,0,0,0,0,0,0,0,0,0,0,0,0,0,Mon,12,4,1,0,1,335,12,1,0,0,0,1,34.93020872983076,-0.27035515526723086,0,-0.10182464816771795,0,2026-05-03
2025-12-02,63.29999923706055,63.43000030517578,62.16999816894531,62.45000076293945,39539,-0.011397774685385609,-0.014517882033329377,-0.040264314494735776,62.886000061035155,63.596666608537944,64.89285684010339,63.21948789257617,63.646156483917906,-0.4266685913417376,42.95073786637697,65.22101090658907,61.972322310486824,0.05108268670902488,1.1553206285757698,-0.07276908958351219,59.52000045776367,59.66999816894531,58.279998779296875,58.63999938964844,255513,4.4592857142857145,0,0,0,0,0,0,0,0,0,0,0,0,0,0,0,0,0,0,0,Tue,12,4,0,0,1,336,12,2,0,0,0,1,40.429121525917374,-0.27035515526723086,0,-0.10182464816771795,0,2026-05-03
2025-12-03,62.43000030517578,63.349998474121094,62.16999816894531,62.66999816894531,40622,0.003522776674430572,0.003040951153985727,-0.03421176208328447,62.92399978637695,63.49095226469494,64.82428541637603,63.13495101201758,63.5738484605866,-0.4388974485690227,44.35865698081575,65.04939961606237,61.93250491332751,0.04909195076710253,1.1738257263808822,-0.11131859244881102,58.650001525878906,59.63999938964844,58.369998931884766,58.95000076293945,260974,4.447571428571429,0,0,0,0,0,0,0,0,0,0,0,0,0,0,0,0,0,0,0,Wed,12,4,0,0,1,337,12,3,0,0,0,1,44.87722237894183,-0.27035515526723086,0,-0.10182464816771795,0,2026-05-03
2025-12-04,62.7599983215332,63.61000061035156,62.529998779296875,63.2599983215332,32164,0.009414395561291977,0.002059199290646463,-0.01831167093679109,62.949999237060545,63.43476159232004,64.78872983417814,63.15418905963537,63.55060030213821,-0.3964112425028361,48.06071234779927,64.93343627322754,61.93608691141253,0.047250896615301484,0.9475243995486856,-0.12294503515893294,59.09000015258789,60.02000045776367,58.810001373291016,59.66999816894531,264993,4.435857142857143,0,0,0,0,0,0,0,0,0,0,0,0,0,0,0,0,0,0,0,Thu,12,4,0,0,1,338,12,4,0,0,0,1,48.55424302918863,-0.27035515526723086,0,-0.10182464816771795,0,2026-05-03
2025-12-05,63.29999923706055,64.08000183105469,63.06999969482422,63.75,26349,0.007745837677330503,0.008702519468687608,0.003620899568306246,63.05999908447266,63.44571395147415,64.75269814143105,63.24585228122993,63.56537065012797,-0.31951836889803786,50.977918877620944,64.95035474235208,61.941073160596225,0.04743080965339078,0.8146059599884993,-0.07617579030466558,59.70000076293945,60.5,59.41999816894531,60.08000183105469,255075,4.424142857142857,0,0,0,0,0,0,0,0,0,0,0,0,0,0,0,0,0,0,0,Fri,12,4,0,0,1,339,12,5,0,0,0,1,51.59220284246224,-0.27035515526723086,0,-0.10182464816771795,0,2026-05-03
2025-12-08,63.900001525878906,63.959999084472656,62.349998474121094,62.4900016784668,38815,-0.01976467955346206,-0.010764548206252833,-0.014042274765693752,62.92399978637695,63.403333028157554,64.69079341585675,63.129567573112524,63.48571368926417,-0.35614611615164904,44.11628961186031,64.9648110662818,61.841854990033305,0.04925539284916742,1.215844983288592,-0.068857130113539,60.150001525878906,60.29999923706055,58.68000030517578,58.880001068115234,263009,4.389,0,0,0,0,0,0,0,0,0,0,0,0,0,0,0,0,0,0,0,Mon,12,4,1,0,1,342,12,8,0,0,0,1,38.91002444161781,-0.27035515526723086,0,-0.10182464816771795,0,2026-05-03
2025-12-09,62.5,62.779998779296875,61.83000183105469,61.939998626708984,32575,-0.008801456824849674,-0.008166567333865005,-0.026559836759976196,62.82199935913086,63.32285672142392,64.60269818987165,62.94655696597352,63.37121627722305,-0.4246593112495276,41.49099064421009,65.00482178247549,61.64089166037234,0.05312347383350183,1.015018851462936,-0.04698904687231861,58.869998931884766,59.16999816894531,58.119998931884766,58.25,260206,4.373142857142858,0,0,0,0,0,0,0,0,0,0,0,0,0,0,0,0,0,0,0,Tue,12,4,0,0,1,343,12,9,0,0,0,1,43.51052682881887,-0.27035515526723086,0,-0.10182464816771795,0,2026-05-03
2025-12-10,62.13999938964844,62.72999954223633,61.349998474121094,62.209999084472656,45191,0.0043590646391657994,-0.00734002071027029,-0.028879153053806395,62.72999954223633,63.234761555989586,64.53666638571119,62.83324036881954,63.28520018887117,-0.45195982005163415,43.27556262646737,64.94807016319714,61.52145294878203,0.054188821624338815,1.330943832998077,-0.04993416922433056,58.369998931884766,59.04999923706055,57.65999984741211,58.459999084472656,256508,4.357285714285714,0,0,0,0,0,0,0,0,0,0,0,0,0,0,0,0,0,0,0,Wed,12,4,0,0,1,344,12,10,0,0,0,1,47.248000880381724,-0.27035515526723086,0,-0.10182464816771795,0,2026-05-03
2025-12-11,62.619998931884766,62.619998931884766,60.75,61.279998779296875,48635,-0.014949370179429988,-0.03129939289869299,-0.059545805168036314,62.33399963378906,63.0499994187128,64.44603147960845,62.59428012427759,63.13666675112493,-0.542386626847339,38.877031261850114,64.72778333023606,61.37221550718954,0.053220743124235755,1.32560890516997,-0.07802207024543098,58.90999984741211,58.939998626708984,57.0099983215332,57.599998474121094,286808,4.341428571428572,0,0,0,0,0,0,0,0,0,0,0,0,0,0,0,0,0,0,0,Thu,12,4,0,0,1,345,12,11,0,0,0,1,50.05049057738364,-0.27035515526723086,0,-0.10182464816771795,0,2026-05-03
2025-12-12,61.599998474121094,61.849998474121094,60.810001373291016,61.119998931884766,42931,-0.002610963619440576,-0.041254918715533107,-0.025354810649033888,61.80799942016601,62.97428512573242,64.34571396358429,62.36746763314023,62.98728394969973,-0.6198163165595005,38.158448427497156,64.8485161778342,61.100054073630645,0.059523694420976686,1.1356686347956744,-0.12848357315902093,57.88999938964844,58.189998626708984,57.150001525878906,57.439998626708984,212806,4.325571428571428,0,0,0,0,0,0,0,0,0,0,0,0,0,0,0,0,0,0,0,Fri,12,4,0,0,1,346,12,12,0,0,0,1,52.26171118418198,-0.27035515526723086,0,-0.10182464816771795,0,2026-05-03
2025-12-15,61.15999984741211,61.5,60.130001068115234,60.560001373291016,42976,-0.009162263880564514,-0.030884945644685913,-0.03888266963189113,61.42199935913086,62.857618604387554,64.22015841045076,62.089395900855735,62.80748524033613,-0.7180893394803931,35.67316119124853,65.00728686563178,60.707950343143324,0.06839801790054388,1.1025225950943698,-0.1619121090396428,57.5,57.79999923706055,56.400001525878906,56.81999969482422,229310,4.278,0,0,0,0,0,0,0,0,0,0,0,0,0,0,0,0,0,0,0,Mon,12,4,1,0,1,349,12,15,0,0,0,1,38.86476461567619,-0.27035515526723086,0,-0.10182464816771795,0,2026-05-03
2025-12-16,60.33000183105469,60.40999984741211,58.720001220703125,58.91999816894531,48212,-0.027080633539565913,-0.04875686995029127,-0.08495109912336019,60.817999267578124,62.597142355782644,64.07682509649368,61.60179624979259,62.51952323504791,-0.9177269852553209,29.594126123413673,65.2367342405916,59.957550470973686,0.08433585896961047,1.209927974502472,-0.2591868809291317,56.68000030517578,56.70000076293945,54.97999954223633,55.27000045776367,230933,4.266,0,0,0,0,0,0,0,0,0,0,0,0,0,0,0,0,0,0,0,Tue,12,4,0,0,1,350,12,16,0,0,0,1,42.86918314875883,-0.27035515526723086,0,-0.10182464816771795,0,2026-05-03
2025-12-17,58.939998626708984,60.65999984741211,58.90999984741211,59.68000030517578,50078,0.012898882550051338,-0.04066868375711574,-0.07040493548170124,60.31199951171875,62.38190442039853,63.95365045941065,61.306135335236164,62.30918820320553,-1.003052867969366,35.112473920626286,65.20342623478167,59.560382606015374,0.09045962416820762,1.2276246181905541,-0.2976703266521086,55.22999954223633,56.97999954223633,55.20000076293945,55.939998626708984,125608,4.254,0,0,0,0,0,0,0,0,0,0,0,0,0,0,0,0,0,0,0,Wed,12,4,0,0,1,351,12,17,0,0,0,1,46.224923206767976,-0.27035515526723086,0,-0.10182464816771795,0,2026-05-03
2025-12-18,60.63999938964844,60.720001220703125,59.54999923706055,59.81999969482422,31064,0.002345834264955604,-0.023825050808681025,-0.078132219795228,60.01999969482422,62.14047586350214,63.844761560833646,61.0774990828651,62.12480386925136,-1.0473047863862561,36.10594817667666,64.92808055152936,59.35287117547492,0.08971945094693125,0.7635696833535713,-0.31468126904833527,56.900001525878906,57.029998779296875,55.880001068115234,56.150001525878906,85735,4.242,0,0,0,0,0,0,0,0,0,0,0,0,0,0,0,0,0,0,0,Thu,12,4,0,0,1,352,12,18,0,0,0,1,49.05531418621463,-0.27035515526723086,0,-0.10182464816771795,0,2026-05-03
2025-12-19,59.77000045776367,60.63999938964844,59.40999984741211,60.470001220703125,36104,0.010865956689985579,-0.010634779491832669,-0.04786643333604623,59.89000015258789,61.99571409679594,63.74793618822854,60.98403787330172,62.00222589528482,-1.0181880219831,40.64947293141992,64.80030026597106,59.191127927620826,0.09047677601700739,0.8666741882130966,-0.29925268822974055,56.029998779296875,56.900001525878906,55.81999969482422,56.65999984741211,209264,4.2299999999999995,0,0,0,0,0,0,0,0,0,0,0,0,0,0,0,0,0,0,0,Fri,12,4,0,0,1,353,12,19,0,0,0,1,51.333168751889026,-0.27035515526723086,0,-0.10182464816771795,0,2026-05-03
2025-12-22,60.56999969482422,62.15999984741211,60.560001373291016,62.06999969482422,35138,0.026459375588259393,0.024933921520668312,-0.020669002070276776,60.19199981689453,61.93333307902018,63.65968225872706,61.15110892276672,62.00724617673218,-0.8561372539654641,50.06286170782742,64.665953309268,59.200712848772355,0.08824392598929884,0.8509968418809214,-0.2499779250595617,56.630001068115234,58.130001068115234,56.599998474121094,58.0099983215332,221576,4.194,0,0,0,0,0,0,0,0,0,0,0,0,0,0,0,0,0,0,0,Mon,12,4,1,0,1,356,12,22,0,0,0,0,38.69453431116743,-0.27035515526723086,0,-0.10182464816771795,0,2026-05-03
2025-12-23,61.9900016784668,62.54999923706055,61.72999954223633,62.380001068115234,26231,0.0049943833545220695,0.05872374417339299,-0.0028772426666319184,60.88400039672852,61.924761635916575,63.549682314433745,61.34016925282033,62.034857650167964,-0.6946883973476332,51.66254471484558,64.65024591922705,59.19927735260611,0.08802566893466016,0.645193821330185,-0.18292298369355284,57.95000076293945,58.560001373291016,57.7400016784668,58.380001068115234,183633,4.1897142857142855,0,0,0,0,0,0,0,0,0,0,0,0,0,0,0,0,0,0,0,Tue,12,4,0,0,1,357,12,23,0,0,0,0,43.431497333841186,-0.27035515526723086,0,-0.10182464816771795,0,2026-05-03
2025-12-24,62.43000030517578,62.720001220703125,62.02000045776367,62.2400016784668,14966,-0.0022442992505813386,0.04289546515081022,-0.017831738558692134,61.396000671386716,61.87095224289667,63.435714116172186,61.47860501061209,62.05005350411602,-0.5714484935039295,50.87000817254622,64.52014773848815,59.22175674730519,0.08563616364561866,0.39767760107351163,-0.0991427578768893,58.470001220703125,58.75,58.130001068115234,58.349998474121094,111762,4.185428571428571,0,0,0,0,0,0,0,0,0,0,0,0,0,0,0,0,0,0,0,Wed,12,4,0,0,1,358,12,24,0,0,0,0,47.192397615127426,-0.27035515526723086,0,-0.10182464816771795,0,2026-05-03
2025-12-26,62.349998474121094,62.689998626708984,60.59000015258789,60.63999938964844,9687,-0.025706976954853022,0.01370778500514036,-0.02944942647357185,61.560000610351565,61.78333318801153,63.285079229445685,61.349588761233065,61.945605051192494,-0.5960162899594295,42.79073342975154,64.46938125567672,59.097285120346335,0.08695057158833884,0.2871183537006465,-0.04043947995363987,58.349998474121094,58.880001068115234,56.650001525878906,56.7400016784668,166669,4.176857142857143,0,0,0,0,0,0,0,0,0,0,0,0,0,0,0,0,0,0,0,Fri,12,4,0,0,1,360,12,26,0,0,0,0,42.23111966044136,-0.27035515526723086,0,-0.10182464816771795,0,2026-05-03
2025-12-29,61.040000915527344,62.150001525878906,60.95000076293945,61.939998626708984,9170,0.021437982357276564,0.024309531607923596,-0.018850030433585352,61.854000091552734,61.72666640508743,63.18936490255689,61.44042104822936,61.94518976049001,-0.504768712260649,49.77100381176518,64.34268885068657,59.110643959488286,0.08476150091862189,0.3020162963646065,0.02753855946299777,57.040000915527344,58.29999923706055,56.90999984741211,58.08000183105469,178590,4.164,0,0,0,0,0,0,0,0,0,0,0,0,0,0,0,0,0,0,0,Mon,12,4,1,0,1,363,12,29,0,0,0,0,34.00930897000309,-0.27035515526723086,0,-0.10182464816771795,0,2026-05-03
2025-12-30,61.70000076293945,62.33000183105469,61.5099983215332,61.91999816894531,30567,-3.2290051997263536e-4,-0.0024166509846368367,-0.02025320535667996,61.82399978637695,61.665713900611514,63.108412545824805,61.51420214372412,61.943323716671884,-0.4291215729477642,49.67059155699306,64.19579337985489,59.13563442136814,0.08205789957515716,1.049629657609274,0.07923078432187802,57.810001373291016,58.470001220703125,57.599998474121094,57.95000076293945,143802,4.162571428571428,0,0,0,0,0,0,0,0,0,0,0,0,0,0,0,0,0,0,0,Tue,12,4,0,0,1,364,12,30,0,0,0,0,39.59140957200096,-0.27035515526723086,0,-0.10182464816771795,0,2026-05-03
2025-12-31,61.27000045776367,61.90999984741211,60.619998931884766,60.849998474121094,30919,-0.017280357339559127,-0.024527133180447858,-0.03672629036048858,61.517999267578126,61.555237724667506,63.036983974396236,61.41201696378519,61.862336661668124,-0.45031969788293225,44.498309145821246,64.01095459185821,59.099520857476804,0.07978904665026104,1.1287437391393234,0.10934061742090731,57.95000076293945,58.54999923706055,57.20000076293945,57.41999816894531,157160,4.161142857142857,0,0,0,0,0,0,0,0,0,0,0,0,0,0,0,0,0,0,0,Wed,12,4,0,0,1,365,12,31,0,0,0,0,43.84059523948538,-0.27035515526723086,0,-0.10182464816771795,0,2026-05-03
2026-01-02,60.91999816894531,61.36000061035156,60,60.75,33381,-0.0016433603390084706,-0.023939615011004944,-0.027221789306178912,61.21999893188477,61.474285307384676,62.983650631374786,61.31016820012593,61.77994135339641,-0.46977315327048075,44.03678660088251,63.9181721454544,59.03039846931495,0.07950923954137122,1.2977253554253636,0.11191202520014062,57.40999984741211,57.93000030517578,56.599998474121094,57.31999969482422,189503,4.158285714285714,0,0,0,0,0,0,0,0,0,0,0,0,0,0,0,0,0,0,0,Fri,1,1,0,0,1,2,1,2,0,0,0,0,40.116016890600704,-0.27035515526723086,0,-0.10182464816771795,0,2026-05-03
2026-01-05,60.88999938964844,61.880001068115234,59.7599983215332,61.7599983215332,45681,0.016625486774209053,0.018469639563946982,-0.014520502217966191,61.44399871826172,61.43095198131743,62.93968237014044,61.37937283418859,61.77846409177691,-0.3990912575883243,49.71016305175134,63.81738797440399,59.04451598823086,0.07769490512900842,1.6804122952870026,0.140395472599909,57.470001220703125,58.5099983215332,56.310001373291016,58.31999969482422,301483,4.154,0,0,0,0,0,0,0,0,0,0,0,0,0,0,0,0,0,0,0,Mon,1,1,1,0,1,5,1,5,0,0,0,0,32.89363452290926,-0.27035515526723086,0,-0.10182464816771795,0,2026-05-03
2026-01-06,61.790000915527344,62.31999969482422,60.400001525878906,60.70000076293945,48263,-0.017163173371139373,-0.020019339542491243,-0.04046787269234475,61.19599914550781,61.30904733567011,62.86396807716007,61.274854053996414,61.698577919270434,-0.4237238652740203,44.5999160133119,63.56081052567249,59.05728414566773,0.07345614677957275,1.6993834572170012,0.11731863336248599,58.34000015258789,58.869998931884766,56.84000015258789,57.130001068115234,292067,4.146142857142857,0,0,0,0,0,0,0,0,0,0,0,0,0,0,0,0,0,0,0,Tue,1,1,0,0,1,6,1,6,0,0,0,0,38.45822186325208,-0.27035515526723086,0,-0.10182464816771795,0,2026-05-03
2026-01-07,60.61000061035156,60.90999984741211,59.45000076293945,59.959999084472656,71788,-0.012191131287738077,-0.0316537329204194,-0.05945099475337012,60.80399932861328,61.12857110159738,62.77682525392563,61.07256867406968,61.569794301878005,-0.49722562780832646,41.400198392039684,63.15489109120621,59.10225111198855,0.066296985291576,2.2388064356173185,0.018417467389788146,57,57.16999816894531,55.7599983215332,55.9900016784668,383128,4.138285714285714,0,0,0,0,0,0,0,0,0,0,0,0,0,0,0,0,0,0,0,Wed,1,1,0,0,1,7,1,7,0,0,0,0,42.75909862235939,-0.27035515526723086,0,-0.10182464816771795,0,2026-05-03
2026-01-08,60.349998474121094,63.0099983215332,59.95000076293945,61.9900016784668,64136,0.033855947714979795,0.018734646391660004,-0.008001279989920285,61.03199996948242,61.104761577787855,62.70920623294891,61.2137122132077,61.60092077421791,-0.38720856101021184,51.64819308752425,63.07486452751751,59.1346586280582,0.06448279639293472,1.7887203743885227,-0.0020000415843923758,56.41999816894531,58.7400016784668,55.970001220703125,57.7599983215332,334134,4.130428571428571,0,0,0,0,0,0,0,0,0,0,0,0,0,0,0,0,0,0,0,Thu,1,1,0,0,1,8,1,8,0,0,0,0,46.60931944507778,-0.27035515526723086,0,-0.10182464816771795,0,2026-05-03
2026-01-09,62.66999816894531,63.90999984741211,61.84000015258789,63.34000015258789,56568,0.02177768087704446,0.04263374736770187,0.02260254370227277,61.55,61.17142831711542,62.67936494615343,61.54083343465081,61.72974146891199,-0.18890803426118197,57.030014932039,63.344530486101824,58.99832614812902,0.07104958078536093,1.4136345461815274,0.01061534671992948,58.400001525878906,59.77000045776367,57.61000061035156,59.119998931884766,360309,4.122571428571429,0,0,0,0,0,0,0,0,0,0,0,0,0,0,0,0,0,0,0,Fri,1,1,0,0,1,9,1,9,0,0,0,0,49.960799085234704,-0.27035515526723086,0,-0.10182464816771795,0,2026-05-03
2026-01-12,63.40999984741211,64.279998779296875,62.7599983215332,63.869998931884766,56900,0.008367520966531261,0.034164518583153614,0.026683810831729105,61.97200012207031,61.25047592889695,62.69746017456055,61.89916658807141,61.888279058761825,0.01088752930958492,58.96125793802916,63.68704319802206,58.81390865977183,0.0795607620079106,1.2718693349844536,0.04432964953747349,59,59.90999984741211,58.45000076293945,59.5,309700,4.099,0,0,0,0,0,0,0,0,0,0,0,0,0,0,0,0,0,0,0,Mon,1,1,1,0,1,12,1,12,0,0,0,0,38.35728024104209,-0.27035515526723086,0,-0.10182464816771795,0,2026-05-03
2026-01-13,64.16999816894531,65.910003662109375,63.849998474121094,65.470001220703125,80180,0.02505092086387406,0.0785832025998261,0.06837471483145352,62.92600021362305,61.4499998546782,62.73158718290783,62.44852576232245,62.15359181149822,0.29493395082423035,64.1932496512883,64.5045641980245,58.395435511331904,0.09941625225614226,1.5467328210994573,0.16156046102335087,59.95000076293945,61.5,59.470001220703125,61.150001525878906,411190,4.098714285714286,0,0,0,0,0,0,0,0,0,0,0,0,0,0,0,0,0,0,0,Tue,1,1,0,0,1,13,1,13,0,0,0,0,43.78557754422307,-0.27035515526723086,0,-0.10182464816771795,0,2026-05-03
2026-01-14,65.44000244140625,66.80999755859375,63.470001220703125,66.5199966430664,96568,0.016037809726376695,0.10940623180050268,0.08835074943636156,64.2379997253418,61.707142602829705,62.79714269486685,63.07490589782152,62.477029206429194,0.5978766913923295,67.15278196235286,65.47169339175446,57.94259181390495,0.1220134535528509,1.6524750848756982,0.30406590556050384,61.119998931884766,62.36000061035156,59.189998626708984,62.02000045776367,410261,4.098428571428571,0,0,0,0,0,0,0,0,0,0,0,0,0,0,0,0,0,0,0,Wed,1,1,0,0,1,14,1,14,0,0,0,0,48.340430059409094,-0.27035515526723086,0,-0.10182464816771795,0,2026-05-03
2026-01-15,65.69000244140625,65.69000244140625,63.279998779296875,63.7599983215332,54944,-0.04149125767914308,0.02855293749219623,0.0528401069299429,64.59199905395508,61.85952340988886,62.82650775001163,63.18030473223871,62.57206395569615,0.6082407765425586,54.420011681133765,65.68757457714658,58.03147224263113,0.12376594439283284,0.9030767131978652,0.34490110795576406,61.060001373291016,61.13999938964844,58.880001068115234,59.189998626708984,113642,4.098142857142857,0,0,0,0,0,0,0,0,0,0,0,0,0,0,0,0,0,0,0,Thu,1,1,0,0,1,15,1,15,0,0,0,0,51.54305506795416,-0.27035515526723086,0,-0.10182464816771795,0,2026-05-03
2026-01-16,63.79999923706055,64.7699966430664,63.45000076293945,64.12999725341797,35235,0.0058029946929878395,0.01247232552773836,0.08842497023733209,64.7499984741211,62.107618604387554,62.87523784334697,63.3264112739586,62.68746642219406,0.6389448517645349,55.63446534694517,65.80874129328944,58.40649591548567,0.11918417650102665,0.5773740174318286,0.33687907627650626,59.2599983215332,60.18000030517578,58.939998626708984,59.439998626708984,113794,4.097857142857143,0,0,0,0,0,0,0,0,0,0,0,0,0,0,0,0,0,0,0,Fri,1,1,0,0,1,16,1,16,0,0,0,0,54.06694134679992,-0.27035515526723086,0,-0.10182464816771795,0,2026-05-03
2026-01-20,63.560001373291016,65.12000274658203,63.2599983215332,64.91999816894531,78657,0.012318742388301551,0.016439631354626005,0.08780157233536556,64.9599983215332,62.357142312186106,62.93285684736948,63.57157848857194,62.85283914417564,0.7187393443962975,58.195645179571514,66.07736247513806,58.636922149234145,0.11931977717410361,1.2228269741107116,0.37894496708125697,59.0099983215332,60.68000030517578,58.70000076293945,60.34000015258789,499595,4.106000000000001,0,0,0,0,0,0,0,0,0,0,0,0,0,0,0,0,0,0,0,Tue,1,1,0,0,1,20,1,20,0,0,0,0,35.04314611393695,-0.27035515526723086,0,-0.10182464816771795,0,2026-05-03
2026-01-21,64.01000213623047,65.410003662109375,63.630001068115234,65.23999786376953,52906,0.004929138999533844,-0.0035131106254029376,0.0906051186324941,64.91399765014648,62.61523746308826,62.999999697246245,63.82825839244849,63.02966571599741,0.7985926764510793,59.22252896101792,66.34820085774751,58.88227406842901,0.1192349832374216,0.8165993190117954,0.41639545147235435,59.56999969482422,60.88999938964844,59.220001220703125,60.619998931884766,333062,4.115,0,0,0,0,0,0,0,0,0,0,0,0,0,0,0,0,0,0,0,Wed,1,1,0,0,1,21,1,21,0,0,0,0,41.09068997072014,-0.27035515526723086,0,-0.10182464816771795,0,2026-05-03
2026-01-22,65.13999938964844,65.37000274658203,63.560001373291016,64.05999755859375,49453,-0.018087068421427488,-0.036981347092853056,0.059368220033399366,64.42199783325195,62.78618966965448,63.04349172682989,63.86391057185545,63.10598659322677,0.757923978628682,53.958957111257426,66.43438522175212,59.13799411755685,0.11621012745931497,0.7905561052966444,0.3702635209638972,60.68000030517578,60.81999969482422,58.959999084472656,59.36000061035156,324349,4.1240000000000006,0,0,0,0,0,0,0,0,0,0,0,0,0,0,0,0,0,0,0,Thu,1,1,0,0,1,22,1,22,0,0,0,0,45.803821397068866,-0.27035515526723086,0,-0.10182464816771795,0,2026-05-03
2026-01-23,64.279998779296875,66.20999908447266,64.23999786376953,65.87999725341797,34015,0.028410861133104426,0.03324967044688254,0.061382271263511035,64.8459976196289,62.96761812482561,63.09571390303354,64.1740777536343,63.31146886435204,0.8626088892822565,59.88154703079871,66.83838366269454,59.096852586956686,0.12294463894745412,0.5712716609620675,0.3587250426575351,59.65999984741211,61.36000061035156,59.52000045776367,61.06999969482422,283419,4.133,0,0,0,0,0,0,0,0,0,0,0,0,0,0,0,0,0,0,0,Fri,1,1,0,0,1,23,1,23,0,0,0,0,49.82860783789449,-0.27035515526723086,0,-0.10182464816771795,0,2026-05-03
2026-01-26,66.06999969482422,66.51000213623047,65.279998779296875,65.589996337890625,25795,-0.0044019570069471214,0.022766242741337983,0.051458724187424476,65.13799743652343,63.120475042433966,63.089364672464036,64.39191138198142,63.480248677206745,0.9116627047746704,58.58827478459864,67.14428003150374,59.096670053364186,0.12749602997647583,0.45682923848806256,0.34964803339360745,61.220001220703125,61.709999084472656,60.31999969482422,60.630001068115234,281062,4.16,0,0,0,0,0,0,0,0,0,0,0,0,0,0,0,0,0,0,0,Mon,1,1,1,0,1,26,1,26,0,0,0,0,38.637377350568,-0.27035515526723086,0,-0.10182464816771795,0,2026-05-03
2026-01-27,65.7300033569336,67.779998779296875,65,67.56999969482422,34327,0.030187581452718604,0.040819494772360354,0.08563621260636056,65.66799774169922,63.37428447178432,63.11523764474051,64.8808480454957,63.783193197030265,1.0976548484654316,64.26324178790699,67.81557404763765,58.932994895930996,0.14016062233667323,0.6332460153482881,0.3453624180385043,60.779998779296875,62.630001068115234,60.13999938964844,62.38999938964844,360208,4.179142857142857,0,0,0,0,0,0,0,0,0,0,0,0,0,0,0,0,0,0,0,Tue,1,1,0,0,1,27,1,27,0,0,0,0,44.43669270573069,-0.27035515526723086,0,-0.10182464816771795,0,2026-05-03
2026-01-28,67.7699966430664,68.69999694824219,67.12999725341797,68.4000015258789,23555,0.012283584946031434,0.048436599717675,0.12796837424696839,66.2999984741211,63.74380838303339,63.159364609491256,65.42225627324696,64.1251789991672,1.2970772740797543,66.34525792322434,68.50908436957735,58.978532396489435,0.14951337572771464,0.4852149014841746,0.3101976834810692,62.58000183105469,63.56999969482422,62.06999969482422,63.209999084472656,354864,4.198285714285714,0,0,0,0,0,0,0,0,0,0,0,0,0,0,0,0,0,0,0,Wed,1,1,0,0,1,28,1,28,0,0,0,0,49.24506846226116,-0.27035515526723086,0,-0.10182464816771795,0,2026-05-03
2026-01-29,68.66999816894531,71.87999725341797,68.61000061035156,70.70999908447266,26980,0.03377189337809838,0.10380895690475711,0.14158864469173538,67.62999877929687,64.16142745245071,63.259523300897506,66.23575516728168,64.61294344993057,1.6228117173511123,71.34832285783953,69.73190032217208,58.59095458272933,0.17363930607215955,0.6487651099991103,0.37085712977817953,63.5,66.4800033569336,63.279998779296875,65.41999816894531,560007,4.217428571428571,0,0,0,0,0,0,0,0,0,0,0,0,0,0,0,0,0,0,0,Thu,1,1,0,0,1,29,1,29,0,0,0,0,53.5542898869651,-0.27035515526723086,0,-0.10182464816771795,0,2026-05-03
2026-01-30,70.160003662109375,70.91999816894531,69.11000061035156,70.69000244140625,85305,-2.8279795397134766e-4,0.07301161791925748,0.1416344401130707,68.59199981689453,64.57904670352028,63.35111067030165,66.92102397868545,65.06309596781766,1.857928010867795,71.24958073874869,70.72862560778401,58.42946779925654,0.19045121345616003,1.9116908844805793,0.43712102869054653,65.5199966430664,66.11000061035156,63.63999938964844,65.20999908447266,449325,4.236571428571429,0,0,0,0,0,0,0,0,0,0,0,0,0,0,0,0,0,0,0,Fri,1,1,0,0,1,30,1,30,0,0,0,0,56.99511697693366,-0.27035515526723086,0,-0.10182464816771795,0,2026-05-03
2026-02-02,68.720001220703125,68.80999755859375,65.45999908447266,66.30000305175781,80104,-0.06210212530813297,0.01082492382236988,0.08956458035006443,68.73400115966797,64.83857073102679,63.37174563937717,66.82548229761966,65.1547187147762,1.6707635828434633,53.68421094389461,70.78378874916986,58.89335271288373,0.1833852273766465,1.6311237902084519,0.3631211584740916,64.720001220703125,64.73999786376953,61.38999938964844,62.13999938964844,414083,4.294,0,0,0,0,0,0,0,0,0,0,0,0,0,0,0,0,0,0,0,Mon,2,1,1,0,1,33,2,2,0,0,0,0,42.44602479821352,-0.27035515526723086,0,-0.10182464816771795,0,2026-05-03
2026-02-03,66.30000305175781,68.2699966430664,65.19000244140625,67.33000183105469,83736,0.015535425820309534,-0.003551840533572048,0.10831278734246408,68.68600158691406,65.1519041515532,63.4076186891586,66.9031006873789,65.3158507974635,1.5872498899153982,56.40013170509095,70.881776231086,59.4220320720204,0.1758926973555292,1.68762697107478,0.3606158162211325,62.279998779296875,64.20999908447266,61.119998931884766,63.209999084472656,381144,4.313428571428571,0,0,0,0,0,0,0,0,0,0,0,0,0,0,0,0,0,0,0,Tue,2,1,0,0,1,34,2,3,0,0,0,0,47.426283241178425,-0.27035515526723086,0,-0.10182464816771795,0,2026-05-03
2026-02-04,67.94000244140625,69.75,66.98999786376953,69.45999908447266,98236,0.03163518781363739,0.015497039984607275,0.12467618154475857,68.89800109863282,65.51857085455032,63.480158366854226,67.29646967154717,65.62282474464936,1.6736449268978077,61.436233388469816,71.32181982624795,59.71532188285269,0.17714821602506267,1.814125789926612,0.4454069451971358,63.79999923706055,65.529998779296875,62.86000061035156,65.13999938964844,446588,4.332857142857143,0,0,0,0,0,0,0,0,0,0,0,0,0,0,0,0,0,0,0,Wed,2,1,0,0,1,35,2,4,0,0,0,0,51.83850024431035,-0.27035515526723086,0,-0.10182464816771795,0,2026-05-03
2026-02-05,68.83000183105469,68.94000244140625,66.91999816894531,67.55000305175781,65248,-0.027497783730057845,-0.04468952161829054,0.1128501186609645,68.26600189208985,65.84476143973214,63.52952345590743,67.3354748069642,65.76557869332407,1.5698961136401266,55.271061065452294,71.26808488438387,60.4214379950804,0.16473059742545237,1.1707856257211096,0.371714715643244,64.48999786376953,64.66999816894531,62.650001525878906,63.290000915527344,389763,4.352285714285714,0,0,0,0,0,0,0,0,0,0,0,0,0,0,0,0,0,0,0,Thu,2,1,0,0,1,36,2,5,0,0,0,0,54.98785721441137,-0.27035515526723086,0,-0.10182464816771795,0,2026-05-03
2026-02-06,67.410003662109375,68.81999969482422,66.58000183105469,68.05000305175781,79538,0.007401924165967744,-0.03734614936301195,0.13492335041379544,67.73800201416016,66.22999972388858,63.6014282589867,67.44540222924013,65.93479531246732,1.5106069167728151,56.501657271659816,71.00866625899857,61.45133318877859,0.14430519568268602,1.3194232479131554,0.30784660590873814,63.099998474121094,64.58000183105469,62.20000076293945,63.54999923706055,448924,4.371714285714285,0,0,0,0,0,0,0,0,0,0,0,0,0,0,0,0,0,0,0,Fri,2,1,0,0,1,37,2,6,0,0,0,0,57.6075848325797,-0.27035515526723086,0,-0.10182464816771795,0,2026-05-03
2026-02-09,67.51000213623047,69.44000244140625,67.029998779296875,69.04000091552734,51346,0.014548094333170836,0.04132726602788428,0.11372800526168514,68.28600158691407,66.56571397327241,63.69126952640594,67.69072510405354,66.16481054232361,1.525914561729934,58.91206351301075,71.07636819053857,62.05505975600625,0.13552485049817953,0.8171235329222201,0.28107734093299047,62.9900016784668,64.87999725341797,62.619998931884766,64.36000061035156,298005,4.43,0,0,0,0,0,0,0,0,0,0,0,0,0,0,0,0,0,0,0,Mon,2,1,1,0,1,40,2,9,0,0,0,0,43.43162553004277,-0.27035515526723086,0,-0.10182464816771795,0,2026-05-03
2026-02-10,69.1500015258789,69.5,68.48999786376953,68.80000305175781,45779,-0.003476214666670918,0.021832781534622203,0.0862014980425736,68.58000183105469,66.825714111328125,63.77333304995582,67.8613832498542,66.36000998746688,1.5013732623873182,58.07194280440283,71.18225457055539,62.46917365210087,0.13038515239715928,0.7154902809665739,0.23989053244119,64.44000244140625,64.70999908447266,63.650001525878906,63.959999084472656,276292,4.444571428571428,0,0,0,0,0,0,0,0,0,0,0,0,0,0,0,0,0,0,0,Tue,2,1,0,0,1,41,2,10,0,0,0,0,48.512525009503676,-0.27035515526723086,0,-0.10182464816771795,0,2026-05-03
2026-02-11,69.11000061035156,70.720001220703125,69.01000213623047,69.4000015258789,49482,0.008720907667252753,-8.637713703506522e-4,0.08658216199270186,68.56800231933593,67.089047568185,63.85809501769051,68.098093753858,66.58519454586778,1.5128992079902162,59.62221307993722,71.36296129299599,62.815133843374,0.1274101773606866,0.7432475058354888,0.16129705408117137,64.19999694824219,65.83000183105469,64.1500015258789,64.62999725341797,340194,4.459142857142857,0,0,0,0,0,0,0,0,0,0,0,0,0,0,0,0,0,0,0,Wed,2,1,0,0,1,42,2,11,0,0,0,0,52.697765602759816,-0.27035515526723086,0,-0.10182464816771795,0,2026-05-03
2026-02-12,69.63999938964844,69.839996337890625,67.089996337890625,67.5199966430664,48058,-0.02708940693771389,-4.44210323253702e-4,0.031311980817789076,68.56200103759765,67.18666639782134,63.895555223737446,68.00915573681314,66.65443914566026,1.3547165911528793,53.00854927668613,71.39845890248239,62.9748738931603,0.1253758440617503,0.6997053136720479,0.06551659552605743,64.87000274658203,65.0999984741211,62.38999938964844,62.84000015258789,369303,4.473714285714285,0,0,0,0,0,0,0,0,0,0,0,0,0,0,0,0,0,0,0,Thu,2,1,0,0,1,43,2,12,0,0,0,0,55.66865379943947,-0.27035515526723086,0,-0.10182464816771795,0,2026-05-03
2026-02-13,67.589996337890625,68.05000305175781,66.88999938964844,67.75,42167,0.0034064479912443435,-0.004408567792857143,0.018490730893050866,68.50200042724609,67.24523798624675,63.97555523826962,67.96928562345727,66.73559180153728,1.2336938219199851,53.68542906756823,71.45229951293373,63.038176459559764,0.12512593166961292,0.6550783446793041,-0.04046159681383074,62.9900016784668,63.2599983215332,62.13999938964844,62.88999938964844,255793,4.488285714285714,0,0,0,0,0,0,0,0,0,0,0,0,0,0,0,0,0,0,0,Fri,2,1,0,0,1,44,2,13,0,0,0,0,58.088404698394726,-0.27035515526723086,0,-0.10182464816771795,0,2026-05-03
2026-02-17,68.05999755859375,69.029998779296875,66.83000183105469,67.41999816894531,74745,-0.004870875735124569,-0.023464697640490417,0.0574027594692712,68.1779998779297,67.41952369326637,64.0455552358476,67.88477986122466,66.78628856949344,1.0984912917312215,52.51658643774015,71.31163349096005,63.5274138955727,0.11545942731370572,1.1709368905042024,-0.10008809854696027,63.29999923706055,64.13999938964844,61.869998931884766,62.33000183105469,328727,4.535857142857143,0,0,0,0,0,0,0,0,0,0,0,0,0,0,0,0,0,0,0,Tue,2,1,0,0,1,48,2,17,0,0,0,0,37.17903609254957,-0.27035515526723086,0,-0.10182464816771795,0,2026-05-03
2026-02-18,67.51000213623047,70.68000030517578,67.339996337890625,70.3499984741211,56115,0.04345891997554796,0.022529002232706707,0.09699051125987079,68.48799896240234,67.71571422758556,64.14015839591859,68.26404426320872,67.05026708094734,1.2137771822613814,60.69834177165243,71.50166156330626,63.92976689186487,0.11181887037317548,0.9188425351310106,-0.04797826075291773,62.29999923706055,65.55999755859375,62.119998931884766,65.19000244140625,115379,4.539714285714286,0,0,0,0,0,0,0,0,0,0,0,0,0,0,0,0,0,0,0,Wed,2,1,0,0,1,49,2,18,0,0,0,0,43.81685916466453,-0.27035515526723086,0,-0.10182464816771795,0,2026-05-03
2026-02-19,70.05000305175781,72.12999725341797,70.05000305175781,71.660003662109375,73081,0.018621253964492768,0.03256487156398302,0.10382017380259523,68.93999938964843,68.03666687011719,64.2585712009006,68.78649955534728,67.3917290499223,1.3947705054249724,63.709205278131336,71.96719239307977,64.1061413471546,0.11554138977636877,1.2480552770941955,0.10914264720874776,65.0999984741211,66.9000015258789,64.87999725341797,66.43000030517578,113408,4.543571428571429,0,0,0,0,0,0,0,0,0,0,0,0,0,0,0,0,0,0,0,Thu,2,1,0,0,1,50,2,19,0,0,0,0,49.387256827244784,-0.27035515526723086,0,-0.10182464816771795,0,2026-05-03
2026-02-20,71.73999786376953,72.31999969482422,71.08000183105469,71.76000213623047,40579,0.0013954572845489288,0.0627962930089907,0.09993875668229846,69.78800048828126,68.3471432640439,64.36761886354476,69.24396149086778,67.71530483409327,1.5286566567745012,63.93632519071258,72.37858754596616,64.31569898212163,0.11796964991931497,0.7234751912139635,0.2642855801425149,66.66999816894531,67.05000305175781,65.94000244140625,66.38999938964844,351351,4.547428571428571,0,0,0,0,0,0,0,0,0,0,0,0,0,0,0,0,0,0,0,Fri,2,1,0,0,1,51,2,20,0,0,0,0,53.863798064671855,-0.27035515526723086,0,-0.10182464816771795,0,2026-05-03
2026-02-23,71.23999786376953,72.4800033569336,70.73999786376953,71.48999786376953,28933,-0.0037626012322067304,0.05520292049844322,0.11598502323356752,70.53600006103515,68.7009528023856,64.49428552294535,69.58950554823727,67.9949117251804,1.5945938230568686,62.793614830453045,72.4461317500094,64.9557738547618,0.10902844268831596,0.5669968742957366,0.26228555532601994,65.88999938964844,67.279998779296875,65.37999725341797,66.30999755859375,270365,4.559,0,0,0,0,0,0,0,0,0,0,0,0,0,0,0,0,0,0,0,Mon,2,1,1,0,1,54,2,23,0,0,0,0,41.88592715769102,-0.27035515526723086,0,-0.10182464816771795,0,2026-05-03
2026-02-24,71.470001220703125,72.23999786376953,70.70999908447266,70.7699966430664,37988,-0.010071356024868638,0.049688498444133034,0.07422585903940271,71.20599975585938,68.93380991617839,64.61158704000806,69.77111956282637,68.20047357094974,1.5706459918766313,59.72802579768798,72.5481233450251,65.31949648733168,0.10486330099095405,0.7644583610872422,0.25085690676510847,66.30999755859375,67.1500015258789,65.55000305175781,65.62999725341797,312124,4.563714285714286,0,0,0,0,0,0,0,0,0,0,0,0,0,0,0,0,0,0,0,Tue,2,1,0,0,1,55,2,24,0,0,0,0,47.669145798491485,-0.27035515526723086,0,-0.10182464816771795,0,2026-05-03
2026-02-25,71.220001220703125,71.76000213623047,70.44999694824219,70.8499984741211,18491,0.00113044842234733,0.0071073206943128575,0.08019518874697384,71.305999755859375,69.18428620837983,64.7431742955768,69.9371009337948,68.39673467488835,1.5403662589064453,59.96192193446053,72.54552084228752,65.82305157447215,0.09716757426054246,0.39372794848809406,0.2968128581623439,66.06999969482422,66.5999984741211,65.12000274658203,65.41999816894531,306780,4.568428571428571,0,0,0,0,0,0,0,0,0,0,0,0,0,0,0,0,0,0,0,Wed,2,1,0,0,1,56,2,25,0,0,0,0,52.30790429969167,-0.27035515526723086,0,-0.10182464816771795,0,2026-05-03
2026-02-26,71.11000061035156,72.589996337890625,69.31999969482422,70.75,17725,-0.0014114110977380134,-0.012698906162497803,0.04706231048598575,71.1239990234375,69.33571479434059,64.86031716967386,70.06216232859559,68.57105062489663,1.4911117036989623,59.49677338398817,72.67797412302103,65.99345546566015,0.09640801536680048,0.4047894181537492,0.270834920694538,65.6500015258789,66.70999908447266,63.599998474121094,65.20999908447266,498542,4.573142857142857,0,0,0,0,0,0,0,0,0,0,0,0,0,0,0,0,0,0,0,Thu,2,1,0,0,1,57,2,26,0,0,0,0,56.00228134419667,-0.27035515526723086,0,-0.10182464816771795,0,2026-05-03
2026-02-27,70.5,72.98999786376953,70.44000244140625,72.4800033569336,79435,0.024452344267612558,0.010033461528279553,0.05964914824615941,71.26799926757812,69.53000059581939,65.01904738895477,70.43413787141682,68.86060267912158,1.573535192295239,64.61143941960819,73.10971544253704,65.95028574910174,0.10296892898151036,1.692775205163886,0.29670324639959456,65.3499984741211,67.83000183105469,64.8499984741211,67.0199966430664,437053,4.577857142857143,0,0,0,0,0,0,0,0,0,0,0,0,0,0,0,0,0,0,0,Fri,2,1,0,0,1,58,2,27,0,0,0,0,59.30607372914186,-0.27035515526723086,0,-0.10182464816771795,0,2026-05-03
2026-03-02,77,82.11000061035156,75.79000091552734,77.73999786376953,143671,0.0725716647794934,0.0874248172717802,0.09942015090254186,72.51799926757812,69.86476244245257,65.2509520999969,71.55811633177878,69.51833565576217,2.039780676016605,74.96345782644714,74.91906902698803,64.81045585791712,0.14468829229037092,2.5171743788577743,0.4860218928410438,75,75.33000183105469,69.19999694824219,71.2300033569336,881329,4.592,0,0,0,0,0,0,0,0,0,0,0,0,0,0,0,0,0,0,0,Mon,3,1,1,0,0,61,3,2,0,0,1,0,45.92890738454562,-0.27035515526723086,0,-0.10182464816771795,0,2026-05-03
2026-03-03,78.05000305175781,85.05000305175781,77.37000274658203,81.4000015258789,229556,0.04708005869157739,0.1502049651976911,0.151506559832842,74.64400024414063,70.37476239885602,65.53984100099593,73.0722525154865,70.39845905354859,2.6737934619379047,79.46479965604591,77.51126988980933,63.238254907902714,0.20281439674371998,3.163784810370824,0.7337583101712731,71.2300033569336,77.9800033569336,70.410003662109375,74.55999755859375,1009753,4.680571428571429,0,0,0,0,0,0,0,0,0,0,0,0,0,0,0,0,0,0,0,Tue,3,1,0,0,0,62,3,3,0,0,1,0,53.04658548108943,-0.27035515526723086,0,-0.10182464816771795,0,2026-05-03
2026-03-04,81.9000015258789,84.44999694824219,80.30000305175781,81.4000015258789,152390,0,0.14890618601228822,0.2277526060192352,76.75400085449219,71.09380994524274,65.82920613364568,74.35344467093148,71.21338812557305,3.1400565453584335,79.46479965604593,79.44537642178085,62.742243468704636,0.23494496871023168,1.8542335635864984,0.9458902883005648,74.73999786376953,77.2300033569336,73.279998779296875,74.660003662109375,617822,4.769142857142857,0,0,0,0,0,0,0,0,0,0,0,0,0,0,0,0,0,0,0,Wed,3,1,0,0,0,63,3,4,0,0,1,0,58.73961085301695,-0.27035515526723086,0,-0.10182464816771795,0,2026-05-03
2026-03-05,82.43000030517578,86.279998779296875,81.5199966430664,85.410003662109375,146018,0.049262924583061585,0.20720853232663416,0.26852816485021425,79.68600158691406,71.95476241338821,66.1936506241087,76.0544537464973,72.26498927642758,3.789464470069717,83.28371380472302,82.1916021784532,61.71792264832323,0.28453543370077955,1.6318762251532768,1.1578683203393256,76.1500015258789,82.160003662109375,74.970001220703125,81.01000213623047,707030,4.857714285714286,0,0,0,0,0,0,0,0,0,0,0,0,0,0,0,0,0,0,0,Thu,3,1,0,0,0,64,3,5,0,0,1,0,64.10699786919771,-0.27035515526723086,0,-0.10182464816771795,0,2026-05-03
2026-03-06,84.839996337890625,94.55000305175781,83.16999816894531,92.69000244140625,197523,0.08523590290544059,0.27883551529305106,0.3344371388298293,83.72800140380859,73.06095304943267,66.67015862843347,78.61376893032946,73.77795321457415,4.835815715755302,87.74097637875283,86.64030476180523,59.48160133706012,0.3717266513943456,1.8780770730130356,1.5067914522611154,79.08000183105469,92.61000061035156,78.23999786376953,90.9000015258789,996251,4.946285714285714,0,0,0,0,0,0,0,0,0,0,0,0,0,0,0,0,0,0,0,Fri,3,1,0,0,0,65,3,6,0,0,1,0,69.87003325022349,-0.27035515526723086,0,-0.10182464816771795,0,2026-05-03
2026-03-09,98.36000061035156,119.4000015258789,83.87999725341797,98.95999908447266,235965,0.06764479963230086,0.272961175762942,0.46498881737500497,87.97200164794921,74.5566671462286,67.23682530721028,81.74395818481302,75.64328994567775,6.100668239135274,90.17166378453051,91.96588083578615,57.14745345667106,0.4670062210643808,1.8745799444215825,1.9143517798119818,98,119.4800033569336,81.19000244140625,94.7699966430664,1107193,5.212,0,0,0,0,0,0,0,0,0,0,0,0,0,0,0,0,0,0,0,Mon,3,1,1,0,0,68,3,9,0,0,1,0,55.74970520992725,-0.27035515526723086,0,-0.10182464816771795,0,2026-05-03
2026-03-10,92.44999694824219,95.08000183105469,81.160003662109375,87.80000305175781,144614,-0.11277279846363608,0.07862409589567632,0.290227760680311,89.252001953125,75.4971433367048,67.61857138739691,82.67565739511222,76.5437872127948,6.131870182317428,65.33884176786111,93.55194031673139,57.4423463566782,0.4782908645829202,1.0591421632532292,1.9610111278492002,85.75,91.4800033569336,76.7300033569336,83.44999694824219,801564,5.253,0,0,0,0,0,0,0,0,0,0,0,0,0,0,0,0,0,0,0,Tue,3,1,0,0,0,69,3,10,0,0,1,0,62.19770922749449,-0.27035515526723086,0,-0.10182464816771795,0,2026-05-03
2026-03-11,91.30000305175781,93.25,86.31999969482422,91.9800033569336,101940,0.04760820227661822,0.12997545003351219,0.3322711781170755,91.36800231933594,76.5895244053432,68.08666665213448,84.10709523539244,77.68721063087915,6.419884604513285,68.80420675241879,95.74577263806071,57.43327617262568,0.5002315494566799,0.7035988175343395,2.0935827234289146,86.88999938964844,88.98999786376953,81.79000091552734,87.25,538020,5.294,0,0,0,0,0,0,0,0,0,0,0,0,0,0,0,0,0,0,0,Wed,3,1,0,0,0,70,3,11,0,0,1,0,68.19443981122612,-0.27035515526723086,0,-0.10182464816771795,0,2026-05-03
2026-03-12,93.73999786376953,101.80000305175781,93.69999694824219,100.45999908447266,92219,0.09219390539302297,0.17620881368771024,0.4601743405286949,94.3780014038086,78.0971432640439,68.69809523082915,86.6229265967894,79.37408384966386,7.248842747125536,74.39670414048832,99.52703333922231,56.66725318886547,0.5488008697763671,0.6053772948886355,2.3824178842397834,89.31999969482422,97.19000244140625,88.61000061035156,95.7300033569336,548999,5.335,0,0,0,0,0,0,0,0,0,0,0,0,0,0,0,0,0,0,0,Thu,3,1,0,0,0,71,3,12,0,0,1,0,74.70117284847967,-0.27035515526723086,0,-0.10182464816771795,0,2026-05-03
2026-03-13,101.66000366210938,103.9000015258789,97.55000305175781,103.13999938964844,71698,0.02667728777224343,0.1127413601574574,0.4861671055034207,96.46800079345704,79.7038098289853,69.34777777535575,89.16401471876772,81.13452203781087,8.02949268095685,75.86904434567236,103.3406301955923,56.0669894623783,0.5931164499494519,0.47306864503290463,2.612769409850403,96.73999786376953,99.31999969482422,92.04000091552734,98.70999908447266,436700,5.3759999999999994,0,0,0,0,0,0,0,0,0,0,0,0,0,0,0,0,0,0,0,Fri,3,1,0,0,0,72,3,13,0,0,1,0,80.44736290776528,-0.27035515526723086,0,-0.10182464816771795,0,2026-05-03
2026-03-16,105.51000213623047,106.51000213623047,99.55999755859375,100.20999908447266,77839,-0.028407992267933335,0.01263136632542805,0.484152903831093,96.71800079345704,81.26047661190941,69.96571428813631,90.86339692887617,82.5475203375636,8.315876591312573,71.05796449638278,105.8151805943014,56.705772629517426,0.6043455565652758,0.5369088167575091,2.5965494512201643,100.93000030517578,102.44000244140625,92.93000030517578,93.5,455454,5.499,0,0,0,0,0,0,0,0,0,0,0,0,0,0,0,0,0,0,0,Mon,3,1,1,0,0,75,3,16,0,0,1,0,61.2845218713171,-0.27035515526723086,0,-0.10182464816771795,0,2026-05-03
2026-03-17,101.37000274658203,104.9800033569336,100.76000213623047,103.41999816894531,65199,0.03203272242091093,0.17790426622171718,0.5264944379180121,99.84199981689453,82.95904795328777,70.63714284745474,92.79518173504066,84.09362980655484,8.701551928485813,73.07259057445339,108.50348303818829,57.41461286838724,0.6158324068348514,0.5072253492090042,2.545274571010043,94.410003662109375,98.41999816894531,93.83000183105469,96.20999908447266,308425,5.5368571428571425,0,0,0,0,0,0,0,0,0,0,0,0,0,0,0,0,0,0,0,Tue,3,1,0,0,0,76,3,17,0,0,1,0,69.77240643543023,-0.27035515526723086,0,-0.10182464816771795,0,2026-05-03
2026-03-18,103.44999694824219,111.86000061035156,100.33999633789062,107.37999725341797,73104,0.03829045788613983,0.16742762920679422,0.5927024646950947,102.9219985961914,84.86190505254837,71.38031738523453,95.0389995070987,85.81854591372988,9.220453593368816,75.35199800745659,111.47571104721364,58.248099057883095,0.6272262207214276,0.6061093474192846,2.4606810349684474,96,100.55000305175781,91.95999908447266,96.31999969482422,157222,5.574714285714285,0,0,0,0,0,0,0,0,0,0,0,0,0,0,0,0,0,0,0,Wed,3,1,0,0,0,77,3,18,0,0,1,0,77.36193786452839,-0.27035515526723086,0,-0.10182464816771795,0,2026-05-03
2026-03-19,109.66000366210938,119.12000274658203,103.75,108.6500015258789,87485,0.011827195985707695,0.08152501011392221,0.5444208085640092,104.55999908447265,86.68571472167969,72.16968251788427,97.13299981768026,87.50976484796314,9.623234969717117,76.05214430842835,114.35121501716804,59.02021442619134,0.6382943345235946,0.7623393802294556,2.3083954360458847,99.12999725341797,101.4800033569336,92.80000305175781,96.13999938964844,118719,5.612571428571428,0,0,0,0,0,0,0,0,0,0,0,0,0,0,0,0,0,0,0,Thu,3,1,0,0,0,78,3,19,0,0,1,0,83.69011459768518,-0.27035515526723086,0,-0.10182464816771795,0,2026-05-03
2026-03-20,107.66999816894531,113.11000061035156,105.0999984741211,112.19000244140625,57217,0.032581692276222984,0.08774484298344976,0.5655874505728966,106.36999969482422,88.61571466355096,73.00317461528475,99.44946175979196,89.3379305956256,10.111531164166365,77.93370956054379,117.50645136912891,59.72497795797301,0.6520454484911166,0.568034707330633,2.2716701297969593,95,99.66999816894531,93.41999816894531,98.31999969482422,461845,5.650428571428572,0,0,0,0,0,0,0,0,0,0,0,0,0,0,0,0,0,0,0,Fri,3,1,0,0,0,79,3,20,0,0,1,0,89.46402610568515,-0.27035515526723086,0,-0.10182464816771795,0,2026-05-03
2026-03-23,114.9000015258789,115.0999984741211,96.25,99.94000244140625,113332,-0.10918976498282762,-0.002694308407675039,0.3926978743907834,106.31600036621094,89.95761943998791,73.6400000557067,99.52492955696339,90.1232692508686,9.401660306094783,60.282913936671974,118.16996747703598,61.74527140293984,0.6272364300584667,1.281098562477463,1.8541756933862026,100.51000213623047,101.66999816894531,84.37000274658203,88.12999725341797,666790,5.764,0,0,0,0,0,0,0,0,0,0,0,0,0,0,0,0,0,0,0,Mon,3,1,1,0,0,82,3,23,0.03442161162274574,0,1,0,65.83491486440872,-0.27035515526723086,0,-0.10182464816771795,0,2026-05-03
2026-03-24,100.5,105.04000091552734,98.089996337890625,104.48999786376953,68614,0.04552726947381158,0.010346158516424397,0.4616030351949989,106.53000030517578,91.52904801141648,74.33873016115218,100.28878621954895,91.18747137034275,9.101314849206204,63.5821458485301,119.08975461313514,63.968341409697814,0.6022286301564286,0.8485037352515993,1.4851866166670242,88.779998779296875,93.36000061035156,86.339996337890625,92.3499984741211,420067,5.773000000000001,0,0,0,0,0,0,0,0,0,0,0,0,0,0,0,0,0,0,0,Tue,3,1,0,0,0,83,3,24,0.051619667223253764,0,1,0,73.60892150270999,-0.27035515526723086,0,-0.10182464816771795,0,2026-05-03
2026-03-25,99.98999786376953,103.4000015258789,97.1500015258789,102.22000122070312,53714,-0.021724535261508526,-0.048053605556882206,0.44439742927016224,105.49800109863281,93.02666727701823,74.97603177267408,100.58589621972652,92.00469580370277,8.581200416023748,60.865664229012424,119.23437940906334,66.81895514497313,0.5634451474866409,0.7063718650589607,1.0820438762287492,88.48999786376953,91.7300033569336,86.45999908447266,90.31999969482422,405170,5.782,0,0,-0.17857142857142858,0,0,-0.17857142857142858,-1.25,1,0,0,0,0,0,0,0,-1.25,0,0,0,Wed,3,1,0,0,0,84,3,25,0.06880242680231986,0,1,0,79.36990109849273,-0.27035515526723086,0,-0.10182464816771795,0,2026-05-03
2026-03-26,103.08000183105469,109.05999755859375,102.77999877929688,108.01000213623047,28970,0.05664254398731772,-0.005890468298760165,0.5244884186649992,105.37000122070313,94.7961912609282,75.70031750391401,101.72806636072713,93.19027405055667,8.53779231017046,64.97598419727947,119.70065287955521,69.89172964230119,0.5254316927159455,0.41553590792516054,1.0104395939753588,91.37999725341797,95.44000244140625,89.51000213623047,94.4800033569336,350768,5.791,-0.07142857142857142,0,-0.17857142857142858,0,0,-0.17857142857142858,-0.5,1,0,-0.18749999999999997,0,0,0,0,0,-0.78125,0,0,0,Thu,3,1,0,0,0,85,3,26,0.08596479873744647,0,1,0,85.13999904345879,-0.27035515526723086,0,-0.10182464816771795,0,2026-05-03
2026-03-27,106.22000122070312,114.80999755859375,105.25,112.56999969482422,18402,0.042218289680638454,0.003387086595496136,0.5910954020469854,105.44600067138671,96.78761981782459,76.4992063613165,103.39605610443436,94.62580928346537,8.770246820968993,67.84078096950842,120.26343057278831,73.31180906286087,0.4850994538175505,0.2858003715001025,1.2084834842891476,93.30999755859375,101.23999786376953,92.08000183105469,99.63999938964844,374920,5.8,-0.32142857142857145,0,-0.17857142857142858,0,0,-0.17857142857142858,-1.75,2,0.8485281374238571,-0.5,0,0,0,0,0,-0.625,0,0,0,Fri,3,1,0,0,0,86,3,27,0.10310169744743485,0,1,0,90.66301268527117,-0.27035515526723086,0,-0.10182464816771795,0,2026-05-03
2026-03-30,116.13999938964844,116.87000274658203,111.5,112.77999877929688,15053,0.0018654977795324879,0.1284770464701417,0.5560153636293685,108.01399993896484,98.7066672188895,77.32682539924743,104.83973959287475,95.97056406093436,8.869175531940385,67.97071192692741,120.35442376950556,77.05891066827346,0.4386280513880691,0.2590476518267394,0.9847912128155036,102.5999984741211,105.36000061035156,99.43000030517578,102.87999725341797,374075,5.827,-0.425,0,-0.17857142857142858,0,0,-0.17857142857142858,-1.1,2,0.5303300858899107,-0.14500000000000002,0,0,0,0,0,0,0,0,0,Mon,3,1,1,0,0,89,3,30,0.15430882066428117,0,1,0,69.00119297450338,-0.27035515526723086,0,-0.10182464816771795,0,2026-05-03
2026-03-31,114.7300033569336,119.2699966430664,111,118.3499984741211,69949,0.049388187223909696,0.13264428073222612,0.5223823221800952,110.78600006103515,100.64047677176339,78.22222222222223,106.91824095922034,97.62829994339265,9.289941015827694,71.28464537505025,121.66833472357112,79.61261881995566,0.4178807300266586,1.1939949474259184,0.9482418186061988,105.06999969482422,106.86000061035156,99.62000274658203,101.37999725341797,495395,5.8348571428571425,-0.425,0,-0.17857142857142858,0,0,-0.17857142857142858,0,0,0,-0.21750000000000003,0,0,0,0,0,0,0,0,0,Tue,3,1,0,0,0,90,3,31,0.1712931441814776,0,1,0,78.9278334891309,-0.27035515526723086,0,-0.10182464816771795,0,2026-05-03
2026-04-01,103.9000015258789,105.9000015258789,98.45999908447266,101.16000366210938,61629,-0.14524710632565452,-0.010369766639946598,0.24275186444496955,110.57400054931641,101.58142925444103,78.84507945227244,106.03235829812634,97.88990762626055,8.142450671865788,53.04406810649095,120.67244728723078,82.49041122165129,0.3758761453330331,1.0729936538612206,0.5841979477431748,101.72000122070312,103.30999755859375,96.5,100.12000274658203,434561,5.842714285714286,-0.425,0,0,0,0,0,0,0,0,-0.36250000000000004,0,0,0,0,0,0,0,0,0,Wed,4,2,0,0,0,91,4,1,0.1882267098432442,0,1,0,83.39135927896656,-0.27035515526723086,0,-0.10182464816771795,0,2026-05-03
2026-04-02,100.30000305175781,109.70999908447266,99.0199966430664,109.02999877929688,0,0.07779749735354446,0.00944353877319526,0.3394348493302395,110.77799987792969,102.8971434093657,79.60984136187841,106.49353375676796,98.7150995635225,7.7784341932454595,58.30443298981433,119.83333443307643,85.96095238565496,0.3291868066022366,0,0.5302857954423515,98.91999816894531,113.97000122070312,97.5,111.54000091552734,0,5.8505714285714285,-0.3535714285714286,0,0,0,0,0,0,0,0,0,0,0,0,0,0,0,0,0,0,Thu,4,2,0,0,0,92,4,2,0.2051044998686192,0.01291029607500882,1,0,88.53504320651858,-0.27035515526723086,0,-0.10182464816771795,0,2026-05-03
2026-04-06,109.19999694824219,111.87000274658203,106.8499984741211,109.7699966430664,27863,0.006787103293172336,-0.024873439276437592,0.28521240998100916,110.21799926757812,104.05714307512555,80.38793654668899,106.99760497004463,99.5339808286739,7.46362414137073,58.772121903765715,119.20541890621732,88.90886724403379,0.291153021953625,0.6089927129824316,0.37503291538783484,112.95999908447266,115.4800033569336,108.88999938964844,112.41000366210938,271742,5.882,0.1464285714285714,0,0.2571428571428572,0,0,0,-0.75,4,1.0695598783300229,0,0,0,0,0,0,0,0,0,0,Mon,4,2,1,0,0,96,4,6,0.2719581575341055,0.08167639533042241,1,0,58.137432462488064,-0.27035515526723086,0,-0.10182464816771795,0,2026-05-03
2026-04-07,109.58999633789062,111.80000305175781,104.56999969482422,109.2699966430664,65194,-0.004554978730898829,-0.0311225587357854,0.1788757553668332,109.51599884033203,104.84666660853794,81.14206350417365,107.34720368897106,100.25516718529556,7.0920365036755015,58.296313068711214,119.21484647797293,90.47848673910296,0.2740798603179425,1.5924746206532676,0.26929649939903866,112.62000274658203,117.62999725341797,109.19999694824219,112.94999694824219,429331,5.8757142857142854,0.1464285714285714,0,0.2571428571428572,0,0,0,-2.7755575615628914e-17,1,0,-5.551115123125783e-18,0.0732142857142857,0,0,0,0,0,0.1285714285714286,0,0,Tue,4,2,0,0,0,97,4,7,0.288482432880609,0.09882013873287143,1,0,68.37483710021047,-0.27035515526723086,0,-0.10182464816771795,0,2026-05-03
2026-04-08,103.4000015258789,104,90.01000213623047,94.75,82140,-0.13288182565335294,-0.19940852368732032,-0.04254243253255274,104.7959991455078,104.64619046165829,81.68253968253968,105.40917235220628,99.84737702342181,5.56179532878447,46.51842704043561,119.46960964531793,89.82277127799865,0.2833054718621763,1.9422388476144086,-0.14646182217440742,108.73999786376953,109.19000244140625,91.05000305175781,94.410003662109375,599576,5.869428571428571,0.21785714285714283,0,0.32857142857142857,0,0,0,0,1,0,-8.326672684688674e-18,0.10892857142857142,0,0,0,0,0,0.16428571428571428,0,0,Wed,4,2,0,0,0,98,4,8,0.30492122465628907,0.11593459959550041,1,0,73.62635455875656,-0.27035515526723086,0,-0.10182464816771795,0,2026-05-03
2026-04-09,96.529998779296875,99.5199966430664,94.339996337890625,95.91999816894531,54501,0.012348265635306666,-0.051799182517494935,0.09248285689011637,103.747998046875,105.03285689581008,82.25333331880115,103.94929940093536,99.55646007123838,4.392839329696983,47.439906663297045,118.35863232236642,91.70708146925375,0.25374489127293115,1.286308033259303,-0.43140688047304465,96.779998779296875,102.69999694824219,95.25,97.87000274658203,427201,5.863142857142857,0.21785714285714283,0,0.32857142857142857,0,0,0,0,0,0,-1.3877787807814457e-17,0.10892857142857142,0,0,0,0,0,0.16428571428571428,0,0,Thu,4,2,0,0,0,99,4,9,0.32126966169236443,0.1330147065341959,1,0,78.06138196332726,-0.27035515526723086,0,-0.10182464816771795,0,2026-05-03
2026-04-10,96.37999725341797,98.25,94.23999786376953,95.19999694824219,35012,-0.007506268082230094,-0.12684584046497116,0.035007539397593046,100.98199768066407,105.18618992396763,82.78047610086108,102.6032528697518,99.23375909916459,3.369493770587212,46.90432318474426,117.94311644620005,92.42926340173521,0.24255896199783614,0.8147194951401185,-0.5642640166230267,98.2300033569336,100.41999816894531,95.51000213623047,96.56999969482422,314855,5.856857142857143,0.13214285714285715,0,0.32857142857142857,0,0,0,-0.6,1,0,-0.12,0.10892857142857142,0,0,0,0,0,0.16428571428571428,0,0,Fri,4,2,0,0,0,100,4,10,0.3375228995941133,0.1500553983446526,1,0,81.45747217101164,-0.27035515526723086,0,-0.10182464816771795,0,2026-05-03
2026-04-13,99.70999908447266,103.86000061035156,97.63999938964844,99.36000061035156,50559,0.04369751885991202,-0.09483462103551399,-0.01094961660507432,98.89999847412109,105.13380904424758,83.3522221398732,102.10429098369023,99.24311032221547,2.861180661474762,50.38932977393105,117.98095545617258,92.28666263232259,0.24439609919427588,1.0945875730677637,-0.90742871630323,102,105.62999725341797,97.029998779296875,99.08000183105469,344337,5.838,-0.014285714285714287,0,0.07142857142857142,0,0,0,0,0,0,0,0.10892857142857142,0,0,0,0,0,0.16428571428571428,0,0,Mon,4,2,1,0,0,103,4,13,0.38566340624360707,0.20089055513063506,1,0,61.577145999008934,-0.27035515526723086,0,-0.10182464816771795,0,2026-05-03
2026-04-14,98.41999816894531,99.410003662109375,94.43000030517578,94.79000091552734,40991,-0.045994360575196125,-0.13251575155473272,-0.08095790695689242,96.00399932861328,104.73619006928944,83.84301582215325,100.97901558858825,98.91325036616449,2.0657652224237637,46.7584513854481,118.33725492817464,91.13512521040423,0.25972044333266786,0.8402584464514858,-1.228615528148611,97.98999786376953,98,91.05999755859375,91.279998779296875,315821,5.826428571428571,-0.014285714285714282,0,0.07142857142857142,0,0,0,0,0,0,0,0.10892857142857142,0,0,0,0,0,0.16428571428571428,0,0,Tue,4,2,0,0,0,104,4,14,0.401487989205973,0.21772323039653177,1,0,68.2016570729274,-0.27035515526723086,0,-0.10182464816771795,0,2026-05-03
2026-04-15,95.5199966430664,96.88999938964844,91,94.93000030517578,41928,0.0014769425920060364,0.0018997393686097652,-0.05268934065996811,96.03999938964844,104.48476155598958,84.31063485524011,100.04839785267865,98.61819480609125,1.430203046587394,46.884717631923216,118.62189165437573,90.34763145760343,0.2706065437266769,0.9118410150124941,-1.5780000623765902,92.0199966430664,93.30000305175781,86.95999908447266,91.29000091552734,240397,5.814857142857143,-0.08571428571428572,0,0,0,0,0,0,0,0,0,0.10892857142857142,0,0,0,0,0,0.16428571428571428,0,0,Wed,4,2,0,0,0,105,4,15,0.4171936026123168,0.23449138957040985,1,0,73.53375285366846,-0.27035515526723086,0,-0.10182464816771795,0,2026-05-03
2026-04-16,94.910003662109375,99.839996337890625,94.41999816894531,99.38999938964844,36540,0.046981976931790737,0.03617599340015998,-0.03896730662007486,96.73399963378907,104.29285685221355,84.83238093058269,99.94710578144323,98.67536551598438,1.2717402654588454,50.88119786237092,118.59909144998741,89.98662225443968,0.2743473528210331,0.8405255700115934,-1.5770329402043302,91.470001220703125,95.44000244140625,90.5199966430664,94.69000244140625,194354,5.803285714285714,0.11428571428571428,0,0,0,0,0,0,1,0,0,0.2089285714285714,0,0,0,0,0,0.16428571428571428,0,0,Thu,4,2,0,0,0,106,4,16,0.4327755925504312,0.25119006388481935,1,0,78.68895303535089,-0.27035515526723086,0,-0.10182464816771795,0,2026-05-03
2026-04-17,98.25,98.970001220703125,86.08000183105469,90.37999725341797,85233,-0.09065300524761721,-0.05063025051822989,-0.15831626406061283,95.76999969482422,103.48333304268974,85.25492059616815,98.4752429309778,98.06089379283131,0.4143491381464912,43.723860586112274,118.93400981382086,88.03265627155861,0.2986118888296205,1.6392190952782997,-1.6452747386890454,93.18000030517578,94.04000091552734,80.55999755859375,83.8499984741211,116624,5.791714285714286,0.07857142857142856,0,0,0,0,0,-0.85,2,1.131370849898476,-0.17,0.2089285714285714,0,0,0,0,0,0.16428571428571428,0,0,Fri,4,2,0,0,0,107,4,17,0.4482293417404106,0.2678143051621742,1,0,80.98584749139411,-0.27035515526723086,0,-0.10182464816771795,0,2026-05-03
2026-04-20,96.20999908447266,97.80999755859375,92.7699966430664,95.4800033569336,46389,0.05642848261231559,-0.03904989160209149,-0.1212148917071888,94.99400024414062,102.85619027273995,85.7525397406684,98.01443684266332,97.86971672350555,0.1447201191577676,48.168329258344954,118.49407003402264,87.21831051145726,0.3040727003365826,0.8614692648104783,-1.4633405580625458,89,91.19999694824219,87.0199966430664,89.61000061035156,115578,5.757,0.07857142857142856,0,0,0,0,0,0,0,0,0,0.1357142857142857,0,0,0,0,0,0.03571428571428571,0,0,Mon,4,2,1,0,0,110,4,20,0.4937755501599772,0.3171912885891061,1,0,60.528544643888814,-0.27035515526723086,0,-0.10182464816771795,0,2026-05-03
2026-04-21,93.98999786376953,101.1500015258789,93.87000274658203,98.4800033569336,50039,0.03142019160582854,0.03892818235854456,-0.12220339411823267,95.73200073242188,102.20333317347935,86.28523823571584,98.08606246024335,97.91492314079652,0.17113931944683713,50.63791598132586,117.34134301117368,87.06532333578502,0.29623319255154146,0.9561616717494822,-0.9360217922336455,87.88999938964844,94.44999694824219,87.76000213623047,92.12999725341797,383596,5.777285714285714,0.07857142857142856,0,0,0,0,0,0,0,0,0,0.1357142857142857,0,0,0,0,0,0.03571428571428571,0,0,Tue,4,2,0,0,0,111,4,21,0.5086709438521044,0.3334687789181868,1,0,68.08184149740494,-0.27035515526723086,0,-0.10182464816771795,0,2026-05-03
2026-04-22,98.9000015258789,102.30999755859375,96.54000091552734,101.91000366210938,39837,0.03482940889780428,0.07352789776145219,0.019711838829082673,97.1280014038086,102.2971427554176,86.86730181981646,98.67436110668427,98.21085503126413,0.4635060754201419,53.3733180564984,117.40062103321317,87.19366447762202,0.2952864150645244,0.828162127439302,-0.7900655054784083,90,93.7300033569336,87.63999938964844,92.95999908447266,299675,5.797571428571429,0.07857142857142856,0,0,0,0,0,0,0,0,0,0.09999999999999999,0,0,0,0,0,0,0,0,Wed,4,2,0,0,0,112,4,22,0.5234156073655503,0.3496474552512284,1,0,74.84887031553143,-0.27035515526723086,0,-0.10182464816771795,0,2026-05-03
2026-04-23,101.58000183105469,107.36000061035156,101.27999877929688,105.06999969482422,54489,0.031007711894428525,0.05714860992108384,0.005550788045865174,98.26400146484374,102.32476189022972,87.51825423467727,99.65830550485965,98.71893982115748,0.939365683702178,55.80325515368825,117.44719147922528,87.20233230123416,0.29557712736665537,1.1327874066820924,-0.297669932606455,92.9000015258789,98.38999938964844,92.30000305175781,95.8499984741211,365210,5.817857142857143,-0.12142857142857143,0,0,0,0,0,0,0,0,0,0.09999999999999999,0,0,0,0,0,0,0,0,Thu,4,2,0,0,0,113,4,23,0.5380051715382996,0.36572252349726897,1,0,80.88572327931458,-0.27035515526723086,0,-0.10182464816771795,0,2026-05-03
2026-04-24,106.27999877929688,107.45999908447266,103.4000015258789,105.33000183105469,52646,0.002474561121020624,0.16541275760075713,0.030424580054903005,101.25400238037109,102.47285715738933,88.14444478352864,100.53087417042812,99.2086481181869,1.32222605224122,56.006408974884735,117.6517853099529,87.29392900482576,0.296252657994108,1.0557684633140212,0.24395639608194672,96.62000274658203,97.8499984741211,92.68000030517578,94.4000015258789,330280,5.838142857142857,0,0,0,0,0,0,0,0,0,0,0.09999999999999999,0,0,0,0,0,0,0,0,Fri,4,2,0,0,0,114,4,24,0.5524353131676196,0.3816892202666588,1,0,85.97068732853766,-0.27035515526723086,0,-0.10182464816771795,0,2026-05-03
2026-04-27,106.5,109.79000091552734,105.8499984741211,108.2300033569336,29439,0.027532530859824655,0.13353581432477113,0.0020368597014344125,103.80400238037109,102.48333340599423,88.82127029176742,101.71535558373665,99.87689665439035,1.8384589293463023,58.3083278746005,117.67860735786607,87.28805945412239,0.29654136817885884,0.6164835371944439,0.8714728554526512,95.5999984741211,97.66999816894531,94.589996337890625,96.37000274658203,219055,5.899,-0.19999999999999998,0,0,0,0,0,-1.55,2,0.21213203435596428,-0.27999999999999997,0.09999999999999999,0,0,0,0,0,0,0,0,Mon,4,2,1,0,0,117,4,27,0.5947266869607634,0.4288919379124835,1,0,65.66012535185043,-0.27035515526723086,0,-0.10182464816771795,0,2026-05-03
2026-04-28,108.30000305175781,112.69000244140625,107.91999816894531,111.26000213623047,23451,0.027995922436629517,0.12977252582919507,-0.011637181861465229,106.36000213623046,102.42095256987072,89.51476239401197,103.18376274565877,100.72008965304518,2.4636730926135897,60.626438795632254,117.45218080177006,87.38972433797139,0.2935186181098082,0.5098143224541349,1.1114508995643018,96.66999816894531,101.8499984741211,96.23999786376953,99.93000030517578,281078,NA,-0.2517857142857143,0.028571428571428574,0,0,0,0,-0.75,7,0.5871642911161277,-0.4925,0.09999999999999999,0,0.014285714285714287,0,0,0,0,0,0,Tue,4,2,0,0,0,118,4,28,0.6084768701151261,0.4443781781046132,1,0,74.78380579431298,-0.27035515526723086,0,-0.10182464816771795,0,2026-05-03
2026-04-29,111.01000213623047,120.30000305175781,110.20999908447266,118.02999877929688,18031,0.0608484317192175,0.1581787316055312,0.04655080738450712,109.58400115966796,102.67095256987072,90.3025401281932,105.46779905852617,102.00230514387863,3.4654939146475385,65.27253940165505,118.57509728749834,86.7668078522431,0.3098080678038778,0.4134659041399331,1.5108573494376694,99.70999908447266,108.5999984741211,98.41999816894531,106.87999725341797,318841,NA,-0.35178571428571426,-0.12142857142857144,0,0,0,0,-1.1,7,1.1536174987114807,-0.94875,0.09999999999999999,-0.21000000000000002,0.014285714285714287,0,0,0,0,0,0,Wed,4,2,0,0,0,119,4,29,0.6220467484408675,0.45973273945210397,1,0,83.47638818519808,-0.27035515526723086,0,-0.10182464816771795,0,2026-05-03
2026-04-30,119.9800033569336,126.0999984741211,113,114.01000213623047,58572,-0.03405910941830437,0.08508615653728446,-0.036670860953493145,111.37200164794922,102.46428607759022,90.98984176393539,106.78198414740376,102.89176418034914,3.8902199670546196,60.692778030627125,117.6072958760241,87.32127627915634,0.2955763491479746,1.2785128981983123,1.6744836325173817,109.06999969482422,110.93000030517578,103.33999633789062,105.06999969482422,341994,NA,-0.7375,-0.12142857142857144,0,0,0,0,-2.7,4,1.8898853580751047,-0.9312500000000001,0,-0.315,0.014285714285714287,0,0,0,0,0,0,Thu,4,2,0,0,0,120,4,30,0.6354323008901774,0.47495107206704995,1,0,89.61679179346775,-0.27035515526723086,0,-0.10182464816771795,0,2026-05-03
2026-05-01,111.01000213623047,112.43000030517578,106.2699966430664,108.16999816894531,58572,-0.051223610717127555,0.026962843335423647,0.06929610768155414,111.94000091552735,102.79809533982049,91.58476233103919,106.99552476610246,103.28274447580071,3.712780290301751,54.689500359589296,118.12824684287395,87.46794383676703,0.29825750082968855,1.3575145145029144,1.7257142957750242,105.13999938964844,106.6500015258789,99.30000305175781,101.94000244140625,341994,NA,-0.8546428571428571,-0.12142857142857144,-0.2714285714285714,0,0.34285714285714286,-0.2714285714285714,-3.05,9,1.909188309203678,-1.324,0,-0.525,0.014285714285714287,0,0.17142857142857143,-0.38,0,0,0,Fri,5,2,0,1,0,121,5,1,0.6486295610349814,0.49002866642905923,0,0,93.35158122531236,-0.27035515526723086,0,-0.10182464816771795,0,2026-05-03
