date,brent_open,brent_high,brent_low,brent_close,brent_vol,ret_1d,ret_5d,ret_21d,ma_5,ma_21,ma_63,ema_12,ema_26,macd,rsi_14,bb_upper,bb_lower,bb_width,vol_ratio,trend_slope,wti_open,wti_high,wti_low,wti_close,wti_vol,ca_gas,sent_supply_risk,sent_opec_policy,sent_refinery,sent_ca_regulatory,sent_macro_demand,refinery_stress,sent_neg_intensity,sent_article_count,sent_volatility,sent_supply_risk_neg_fast,sent_supply_risk_pos_slow,sent_opec_policy_neg_fast,sent_opec_policy_pos_slow,sent_macro_demand_neg_fast,sent_macro_demand_pos_slow,sent_refinery_neg_fast,sent_refinery_pos_slow,sent_ca_regulatory_neg_fast,sent_ca_regulatory_pos_slow,usd_index,usd_chg_21d,init_claims,claims_chg_4w,yield_10y2y,yield_chg_21d,dow,month,quarter,is_monday,summer_peak,winter_heat,doy,mon,dom,driving_season_idx,heating_demand_idx,refinery_maint,opec_meeting_window,dl_brent_lag,curve_slope,calendar_spread,slope_3m,n_contango,wti_basis,momentum_63d,price_vs_ma63,run_date
2024-11-19,73.18000030517578,73.87000274658203,72.61000061035156,73.30999755859375,32668,NA,NA,NA,NA,NA,NA,NA,NA,NA,NA,NA,NA,NA,NA,NA,69.01000213623047,69.69000244140625,68.44999694824219,69.38999938964844,89360,NA,0,0,0,0,0,0,0,0,0,0,0,0,0,0,0,0,0,0,0,126.3994,NA,NA,NA,0.12,NA,Tue,11,4,0,0,1,324,11,19,0,0,0,0,14.79849150444851,-0.23644552348749195,0,-0.07623802008476557,0,0.07623802008476557,NA,NA,2026-05-13
2024-11-20,73.339996337890625,73.94000244140625,72.69999694824219,72.80999755859375,26041,-0.006820352157294374,NA,NA,NA,NA,NA,NA,NA,NA,NA,NA,NA,NA,NA,-0.5000000000000039,69.55000305175781,70.1500015258789,68.75,68.87000274658203,235637,NA,0,0,0,0,0,0,0,0,0,0,0,0,0,0,0,0,0,0,0,126.88,NA,NA,NA,0.1,NA,Wed,11,4,0,0,1,325,11,20,0,0,0,0,26.53635378455025,-0.23644552348749195,0,-0.07623802008476557,0,0.07623802008476557,NA,NA,2026-05-13
2024-11-21,73.12000274658203,74.37000274658203,72.910003662109375,74.2300033569336,35756,0.01950289583785647,NA,NA,NA,NA,NA,NA,NA,NA,NA,NA,NA,NA,NA,0.46000289916990916,69.04000091552734,70.37999725341797,68.86000061035156,70.0999984741211,283850,NA,0,0,0,0,0,0,0,0,0,0,0,0,0,0,0,0,0,0,0,127.1047,NA,NA,NA,0.09,NA,Thu,11,4,0,0,1,326,11,21,0,0,0,0,36.2132886017133,-0.23644552348749195,0,-0.07623802008476557,0,0.07623802008476557,NA,NA,2026-05-13
2024-11-22,74.29000091552734,75.41999816894531,73.51000213623047,75.16999816894531,29569,0.012663273198194158,NA,NA,NA,NA,NA,NA,NA,NA,NA,NA,NA,NA,NA,0.7000007629394531,70.18000030517578,71.51000213623047,69.29000091552734,71.23999786376953,408207,NA,0,0,0,0,0,0,0,0,0,0,0,0,0,0,0,0,0,0,0,127.4712,NA,NA,NA,0.04,NA,Fri,11,4,0,0,1,327,11,22,0,0,0,0,44.144585544286144,-0.23644552348749195,0,-0.07623802008476557,0,0.07623802008476557,NA,NA,2026-05-13
2024-11-25,75.20999908447266,75.30999755859375,72.8499984741211,73.01000213623047,29335,-0.028734815555805038,NA,NA,73.70599975585938,NA,NA,NA,NA,NA,NA,NA,NA,NA,NA,0.17600097656250072,71.44000244140625,71.4800033569336,68.73999786376953,68.94000244140625,380922,4.32,0,0,0,0,0,0,0,0,0,0,0,0,0,0,0,0,0,0,0,126.9948,NA,245.27,NA,0.06,NA,Mon,11,4,1,0,1,330,11,25,0,0,0,0,37.33996167309898,-0.23644552348749195,0,-0.07623802008476557,0,0.07623802008476557,NA,NA,2026-05-13
2024-11-26,73.12000274658203,74.33000183105469,72.12000274658203,72.80999755859375,17616,-0.0027394133924764086,-0.006820352157294374,NA,73.60599975585937,NA,NA,NA,NA,NA,NA,NA,NA,NA,NA,-0.0274283272879485,69.08000183105469,70.30000305175781,68.05000305175781,68.7699966430664,292138,4.316428571428571,0,0,0,0,0,0,0,0,0,0,0,0,0,0,0,0,0,0,0,127.4301,NA,245.27,NA,0.09,NA,Tue,11,4,0,0,1,331,11,26,0,0,0,0,44.569529919470625,-0.23644552348749195,0,-0.07623802008476557,0,0.07623802008476557,NA,NA,2026-05-13
2024-11-27,72.94000244140625,73.3499984741211,72.2699966430664,72.83000183105469,10246,2.747462317223004e-4,2.747462317223004e-4,NA,73.61000061035156,NA,NA,NA,NA,NA,NA,NA,NA,NA,NA,-0.09499958583286595,68.910003662109375,69.37000274658203,68.18000030517578,68.720001220703125,227215,4.312857142857143,0,0,0,0,0,0,0,0,0,0,0,0,0,0,0,0,0,0,0,126.8205,NA,245.27,NA,0.06,NA,Wed,11,4,0,0,1,332,11,27,0,0,0,0,50.357222615953084,-0.23644552348749195,0,-0.07623802008476557,0,0.07623802008476557,NA,NA,2026-05-13
2024-11-29,72.91999816894531,73.5,72.12000274658203,72.94000244140625,45282,0.0015103749496907515,-0.017378429976951493,NA,73.3520004272461,NA,NA,NA,NA,NA,NA,NA,NA,NA,NA,-0.1060709272112107,68.7699966430664,69.69000244140625,67.87000274658203,68,291408,4.305714285714286,0,0,0,0,0,0,0,0,0,0,0,0,0,0,0,0,0,0,0,126.5798,NA,245.27,NA,0.05,NA,Fri,11,4,0,0,1,334,11,29,0,0,0,0,46.952426080953806,-0.23644552348749195,0,-0.07623802008476557,0,0.07623802008476557,NA,NA,2026-05-13
2024-12-02,71.73999786376953,72.87999725341797,71.5199966430664,71.83000183105469,31283,-0.015217995245383253,-0.04443257176066373,NA,72.68400115966797,NA,NA,NA,NA,NA,NA,NA,NA,NA,NA,-0.17816619873046585,68,69.11000061035156,67.70999908447266,68.0999984741211,264883,4.295,0,0,0,0,0,0,0,0,0,0,0,0,0,0,0,0,0,0,0,127.1272,NA,211.323,NA,0.02,NA,Mon,12,4,1,0,1,337,12,2,0,0,0,1,38.5393789869108,-0.23644552348749195,0,-0.07623802008476557,0,0.07623802008476557,NA,NA,2026-05-13
2024-12-03,71.86000061035156,73.9000015258789,71.69000244140625,73.62000274658203,40365,0.024919961992169393,0.008355027975665008,NA,72.80600128173828,NA,NA,NA,NA,NA,NA,NA,NA,NA,1.3537987865616228,-0.10751467618075333,68.160003662109375,70.2300033569336,67.910003662109375,69.94000244140625,303752,4.2901428571428575,0,0,0,0,0,0,0,0,0,0,0,0,0,0,0,0,0,0,0,126.9565,NA,211.323,NA,0.06,NA,Tue,12,4,0,0,1,338,12,3,0,0,0,1,45.692572913777425,-0.23644552348749195,0,-0.07623802008476557,0,0.07623802008476557,NA,NA,2026-05-13
2024-12-04,73.80999755859375,74.26000213623047,72.25,72.30999755859375,36988,-0.01779414750224384,-0.006867188803263202,NA,72.70600128173828,NA,NA,NA,NA,NA,NA,NA,NA,NA,1.2228206069141534,-0.12363614169034111,70.0199966430664,70.51000213623047,68.48999786376953,68.54000091552734,325636,4.285285714285714,0,0,0,0,0,0,0,0,0,0,0,0,0,0,0,0,0,0,0,126.7574,NA,211.323,NA,0.06,NA,Wed,12,4,0,0,1,339,12,4,0,0,0,1,51.15068798855632,-0.23644552348749195,0,-0.07623802008476557,0,0.07623802008476557,NA,NA,2026-05-13
2024-12-05,72.44999694824219,72.9000015258789,71.80000305175781,72.089996337890625,32373,-0.003042473076075747,-0.010160723253593629,NA,72.55800018310546,NA,NA,73.07999992370605,NA,NA,NA,NA,NA,NA,1.0483043136137404,-0.13664333636944334,68.73999786376953,69.160003662109375,67.9800033569336,68.30000305175781,286701,4.280428571428572,0,0,0,0,0,0,0,0,0,0,0,0,0,0,0,0,0,0,0,126.4286,NA,211.323,NA,0.02,NA,Thu,12,4,0,0,1,340,12,5,0,0,0,1,55.472770195644934,-0.23644552348749195,0,-0.07623802008476557,0,0.07623802008476557,NA,NA,2026-05-13
2024-12-06,72.16999816894531,72.2300033569336,70.83000183105469,71.12000274658203,27572,-0.013455314753550107,-0.024952010335977826,NA,72.194000244140625,NA,NA,72.778461896456207,NA,NA,NA,NA,NA,NA,0.9171437219962145,-0.17197791298667153,68.44000244140625,68.48999786376953,66.9800033569336,67.19999694824219,341593,4.275571428571428,0,0,0,0,0,0,0,0,0,0,0,0,0,0,0,0,0,0,0,126.688,NA,211.323,NA,0.05,NA,Fri,12,4,0,0,1,341,12,6,0,0,0,1,58.7346312634794,-0.23644552348749195,0,-0.07623802008476557,0,0.07623802008476557,NA,NA,2026-05-13
2024-12-09,71.04000091552734,72.6500015258789,70.95999908447266,72.13999938964844,25921,0.014341909500494632,0.004315711411547296,NA,72.25599975585938,NA,NA,72.68023689540885,NA,NA,NA,NA,NA,NA,0.8728167795246161,-0.16013180240170016,67.1500015258789,68.87999725341797,67.08000183105469,68.37000274658203,297085,4.261,0,0,0,0,0,0,0,0,0,0,0,0,0,0,0,0,0,0,0,126.5981,NA,309.775,NA,0.07,NA,Mon,12,4,1,0,1,344,12,9,0,0,0,1,44.63444472008051,-0.23644552348749195,0,-0.07623802008476557,0,0.07623802008476557,NA,NA,2026-05-13
2024-12-10,71.93000030517578,72.720001220703125,71.529998779296875,72.19000244140625,32220,6.931390654403291e-4,-0.019424072966937933,NA,71.96999969482422,NA,NA,72.60481621017769,NA,NA,45.26229093406451,NA,NA,NA,1.0744799343706857,-0.1652307195977853,68.19000244140625,69.05999755859375,67.720001220703125,68.589996337890625,286003,4.2545714285714284,0,0,0,0,0,0,0,0,0,0,0,0,0,0,0,0,0,0,0,126.957,NA,309.775,NA,0.07,NA,Tue,12,4,0,0,1,345,12,10,0,0,0,1,50.143471004892874,-0.23644552348749195,0,-0.07623802008476557,0,0.07623802008476557,NA,NA,2026-05-13
2024-12-11,72.029998779296875,73.73999786376953,72.0199966430664,73.5199966430664,35954,0.01842352343372844,0.016733496408877224,NA,72.21199951171874,NA,NA,72.74561319985287,NA,NA,51.17830913889616,NA,NA,NA,1.1299040866865282,-0.14389026348407694,68.5,70.529998779296875,68.44000244140625,70.29000091552734,335892,4.248142857142858,0,0,0,0,0,0,0,0,0,0,0,0,0,0,0,0,0,0,0,126.8483,NA,309.775,NA,0.11,NA,Wed,12,4,0,0,1,346,12,11,0,0,0,1,54.820098042132045,-0.23644552348749195,0,-0.07623802008476557,0,0.07623802008476557,NA,NA,2026-05-13
2024-12-12,73.589996337890625,73.9800033569336,72.43000030517578,73.410003662109375,36231,-0.0014960961096208703,0.01831054780515995,NA,72.4760009765625,NA,NA,72.8478271171231,NA,NA,50.69036710829025,NA,NA,NA,1.0526483995711657,-0.08199996109847235,70.43000030517578,70.720001220703125,69.13999938964844,70.0199966430664,326046,4.241714285714286,0,0,0,0,0,0,0,0,0,0,0,0,0,0,0,0,0,0,0,126.9556,NA,309.775,NA,0.14,NA,Thu,12,4,0,0,1,347,12,12,0,0,0,1,58.536552452226104,-0.23644552348749195,0,-0.07623802008476557,0,0.07623802008476557,NA,NA,2026-05-13
2024-12-13,73.43000030517578,74.589996337890625,73.2699966430664,74.48999786376953,26225,0.014711812393187529,0.04738463142634597,NA,73.15,NA,NA,73.10046877045332,NA,NA,55.20623282466405,NA,NA,NA,0.8065954750685875,0.04534055269681335,70.05999755859375,71.41999816894531,69.87000274658203,71.29000091552734,230429,4.235285714285714,0,0,0,0,0,0,0,0,0,0,0,0,0,0,0,0,0,0,0,127.3096,NA,309.775,NA,0.15,NA,Fri,12,4,0,0,1,348,12,13,0,0,0,1,61.72597547806499,-0.23644552348749195,0,-0.07623802008476557,0,0.07623802008476557,NA,NA,2026-05-13
2024-12-16,74.51000213623047,74.54000091552734,73.69999694824219,73.910003662109375,25458,-0.007786202420368871,0.024535684605438535,NA,73.50400085449219,NA,NA,73.22501259993886,NA,NA,52.42927056835247,NA,NA,NA,0.7972891292705766,0.087890155498797,71.44000244140625,71.44000244140625,70.37000274658203,70.70999908447266,204296,4.216,0,0,0,0,0,0,0,0,0,0,0,0,0,0,0,0,0,0,0,127.2687,NA,252.349,NA,0.14,NA,Mon,12,4,1,0,1,351,12,16,0,0,0,1,46.387375842254826,-0.23644552348749195,0,-0.07623802008476557,0,0.07623802008476557,NA,NA,2026-05-13
2024-12-17,73.86000061035156,74.18000030517578,72.45999908447266,73.19000244140625,26356,-0.009741593627768164,0.013852333649824411,NA,73.7040008544922,NA,NA,73.21962642170308,NA,NA,49.12569079104457,NA,NA,NA,0.8632876730276648,0.09931868668440827,70.61000061035156,70.91999816894531,69.18000030517578,70.08000183105469,99604,4.216142857142858,0,0,0,0,0,0,0,0,0,0,0,0,0,0,0,0,0,0,0,127.5043,NA,252.349,NA,0.15,NA,Tue,12,4,0,0,1,352,12,17,0,0,0,1,51.74860867300353,-0.23644552348749195,0,-0.07623802008476557,0,0.07623802008476557,NA,NA,2026-05-13
2024-12-18,73.339996337890625,74.19000244140625,72.80000305175781,73.38999938964844,25873,0.002732571957519747,-0.0017681890554088753,NA,73.6780014038086,73.06285749162946,NA,73.24583764754082,NA,NA,50.0668748243927,74.96034127898484,71.16537370427407,0.05194113267668929,0.8794865780823501,0.11545054676768451,70.220001220703125,71.37999725341797,69.98999786376953,70.58000183105469,99386,4.216285714285714,0,0,0,0,0,0,0,0,0,0,0,0,0,0,0,0,0,0,0,127.6418,NA,252.349,NA,0.15,NA,Wed,12,4,0,0,1,353,12,18,0,0,0,1,56.0779294460589,-0.23644552348749195,0,-0.07623802008476557,0,0.07623802008476557,NA,NA,2026-05-13
2024-12-19,72.93000030517578,73.87000274658203,72.529998779296875,72.87999725341797,27742,-0.006949204802724207,-0.007219811772941953,-0.005865507018085747,73.5720001220703,73.0423812866211,NA,73.18955450998347,NA,NA,47.64619389206066,74.93794339301593,71.14681918022626,0.05190307525590044,0.9581007901862186,0.11817578326214848,70.13999938964844,71.26000213623047,69.69999694824219,69.910003662109375,291660,4.216428571428572,0,0,0,0,0,0,0,0,0,0,0,0,0,0,0,0,0,0,0,128.6366,0.017699451104989272,252.349,NA,0.25,0.13,Thu,12,4,0,0,1,354,12,19,0,0,0,1,59.57403440551921,-0.23644552348749195,0,-0.07623802008476557,0,0.07623802008476557,NA,NA,2026-05-13
2024-12-20,72.70999908447266,73.279998779296875,71.970001220703125,72.94000244140625,25362,8.233423470040968e-4,-0.020808101313118277,0.0017855361512391088,73.26200103759766,73.04857199532645,NA,73.1511618840485,NA,NA,47.96496897860821,74.94179426989095,71.15534972076196,0.051834614225877526,0.8826415908568883,0.08628578605232634,69.2300033569336,69.8499984741211,68.41999816894531,69.45999908447266,231592,4.216571428571428,0,0,0,0,0,0,0,0,0,0,0,0,0,0,0,0,0,0,0,127.893,0.007983921815889028,252.349,NA,0.22,0.12,Fri,12,4,0,0,1,355,12,20,0,0,0,1,62.24722801269662,-0.23644552348749195,0,-0.07623802008476557,0,0.07623802008476557,NA,NA,2026-05-13
2024-12-23,72.83000183105469,73.37000274658203,71.9800033569336,72.62999725341797,20997,-0.0042501395340275305,-0.017318446019068623,-0.021554708758694585,73.00599975585938,72.97238122849237,NA,73.07098271010534,NA,NA,46.39331700848533,74.79331351525893,71.1514489417258,0.04990743774866902,0.7434724415582576,0.09967039338834899,69.4000015258789,69.94000244140625,68.589996337890625,69.23999786376953,188843,4.217,0,0,0,0,0,0,0,0,0,0,0,0,0,0,0,0,0,0,0,128.3021,0.009420580041493265,275.638,30.367999999999967,0.29,0.19999999999999998,Mon,12,4,1,0,1,358,12,23,0,0,0,0,46.39806966219271,-0.23644552348749195,0,-0.07623802008476557,0,0.07623802008476557,NA,NA,2026-05-13
2024-12-24,72.839996337890625,73.80999755859375,72.779998779296875,73.58000183105469,8922,0.013080058014073748,0.005328588285820279,-0.02115200713876686,73.08399963378906,72.89666711716424,NA,73.14929334409754,NA,NA,51.62449116639742,74.44574874089481,71.34758549343367,0.04250075305200958,0.34431923433158385,0.10136267693488007,69.55999755859375,70.43000030517578,69.36000061035156,70.0999984741211,122602,4.218571428571428,0,0,0,0,0,0,0,0,0,0,0,0,0,0,0,0,0,0,0,128.3377,0.006797613892393084,275.638,30.367999999999967,0.3,0.26,Tue,12,4,0,0,1,359,12,24,0,0,0,0,51.834381620383965,-0.23644552348749195,0,-0.07623802008476557,0,0.07623802008476557,NA,NA,2026-05-13
2024-12-26,73.779998779296875,74.18000030517578,72.9800033569336,73.26000213623047,5773,-0.0043490036268137855,-0.0017713210859666706,0.0034241883671435325,73.05800018310546,72.90857187906902,NA,73.16632546596415,73.06192339383638,0.10440207212776897,49.859522859404734,74.46513608937039,71.35200766876764,0.04269907283009726,0.25216323998969153,0.08107688819968867,70.19999694824219,70.75,69.33000183105469,69.62000274658203,144877,4.2217142857142855,0,0,0,0,0,0,0,0,0,0,0,0,0,0,0,0,0,0,0,128.3329,0.010536651894408333,275.638,30.367999999999967,0.28,0.22000000000000003,Thu,12,4,0,0,1,361,12,26,0,0,0,0,47.72047891932449,-0.23644552348749195,0,-0.07623802008476557,0,0.07623802008476557,NA,NA,2026-05-13
2024-12-27,73.13999938964844,74.339996337890625,73.06999969482422,74.16999816894531,5515,0.012421457905811506,0.017700342537634306,0.018678761927674925,73.31600036621094,72.97333381289528,NA,73.32073665103817,73.14400300680741,0.1767336442307652,54.61176974516783,74.62305280851595,71.3236148172746,0.045214297043097366,0.2782220024921427,0.04967029278094876,69.68000030517578,70.75,69.44000244140625,70.5999984741211,172641,4.223285714285714,0,0,0,0,0,0,0,0,0,0,0,0,0,0,0,0,0,0,0,128.45,0.008003603544217475,275.638,30.367999999999967,0.31,0.22,Fri,12,4,0,0,1,362,12,27,0,0,0,0,53.01606139381391,-0.23644552348749195,0,-0.07623802008476557,0,0.07623802008476557,NA,NA,2026-05-13
2024-12-30,74.2300033569336,75.04000091552734,73.76000213623047,74.38999938964844,30436,0.0029661753557281845,0.01987931038810964,0.021419710550227844,73.60599975585937,73.04761941092355,NA,73.48523861082437,73.236299035166,0.248939575658369,55.70481299568531,74.80707249471604,71.28816632713105,0.04817276998158779,1.503502376083069,0.044769136198273655,70.41999816894531,71.55999755859375,70.12000274658203,70.98999786376953,199296,4.228,0,0,0,0,0,0,0,0,0,0,0,0,0,0,0,0,0,0,0,128.8205,0.015770321044310753,283.652,72.32899999999998,0.31,0.25,Mon,12,4,1,0,1,365,12,30,0,0,0,0,42.026412467119215,-0.23644552348749195,0,-0.07623802008476557,0,0.07623802008476557,NA,NA,2026-05-13
2024-12-31,74.0999984741211,74.87999725341797,73.839996337890625,74.63999938964844,20588,0.003360666783857935,0.027674545122413186,0.023306784910074763,74.00800018310547,73.12857164655414,NA,73.66289411525884,73.34027683920174,0.3226172760571018,56.97286234323104,75.01880178076134,71.23834151234693,0.05169607696819468,1.0420926889514284,0.03876917912409794,71.1500015258789,72.0199966430664,70.87000274658203,71.720001220703125,151155,4.234857142857143,0,0,0,0,0,0,0,0,0,0,0,0,0,0,0,0,0,0,0,129.2775,0.0213122472938021,283.652,72.32899999999998,0.33,0.28,Tue,12,4,0,0,1,366,12,31,0,0,0,0,48.55369137088278,-0.23644552348749195,0,-0.07623802008476557,0,0.07623802008476557,NA,NA,2026-05-13
2025-01-02,74.87999725341797,76.54000091552734,74.7300033569336,75.93000030517578,41474,0.017282970606592007,0.03193800510520339,0.057079192114798394,74.47799987792969,73.32380966913132,NA,74.01167968293836,73.53210820705166,0.4795714758867007,62.87818358031922,75.4790865965951,71.16853274166755,0.05878791451751658,1.9500474887390564,0.10270313640216959,71.8499984741211,73.7300033569336,71.79000091552734,73.12999725341797,306498,4.248571428571428,0,0,0,0,0,0,0,0,0,0,0,0,0,0,0,0,0,0,0,129.4598,0.018348551686814485,283.652,72.32899999999998,0.32,0.3,Thu,1,1,0,0,1,2,1,2,0,0,0,0,46.15554800327194,-0.23644552348749195,0,-0.07623802008476557,0,0.07623802008476557,NA,NA,2026-05-13
2025-01-03,75.9000015258789,76.73999786376953,75.529998779296875,76.51000213623047,38822,0.0076386385977025295,0.04436254306895138,0.0392556273000495,75.12799987792968,73.46142868768601,NA,74.39603698344484,73.75269294254639,0.6433440408984552,65.19137697949459,76.02628604781079,70.89657132756123,0.06982868168897213,1.7205969037942483,0.16898900964757607,73.12999725341797,74.3499984741211,72.69999694824219,73.95999908447266,296040,4.255428571428571,0,0,0,0,0,0,0,0,0,0,0,0,0,0,0,0,0,0,0,129.4535,0.019668154052765896,283.652,72.32899999999998,0.32,0.26,Fri,1,1,0,0,1,3,1,3,0,0,0,0,52.23019976858486,-0.23644552348749195,0,-0.07623802008476557,0,0.07623802008476557,NA,NA,2026-05-13
2025-01-06,76.589996337890625,77.5,75.94000244140625,76.30000305175781,49229,-0.002744727207022457,0.028717876977167434,0.055179167858924405,75.55400085449219,73.65142894926525,NA,74.68895484010838,73.94138258026575,0.7475722598426273,63.64498484102891,76.43947755274584,70.86338034578466,0.07570928747088222,1.9921252195307506,0.25125274658202895,74.05000305175781,74.98999786376953,73.19999694824219,73.55999755859375,306042,4.276,0,0,0,0,0,0,0,0,0,0,0,0,0,0,0,0,0,0,0,128.538,0.014047306113883717,306.295,-3.4799999999999613,0.34,0.28,Mon,1,1,1,0,1,6,1,6,0,0,0,0,42.00631270485542,-0.23644552348749195,0,-0.07623802008476557,0,0.07623802008476557,NA,NA,2026-05-13
2025-01-07,76.23999786376953,77.2699966430664,75.91999816894531,77.05000305175781,37188,0.009829619528209488,0.03575754380876517,0.06880298190915846,76.08600158691407,73.88761974516369,NA,75.05219302651598,74.17165076333924,0.8805422631767357,66.68450029561916,76.94725375182884,70.82798573849854,0.08281858360623175,1.4361406327236776,0.3278683002178479,73.44000244140625,74.529998779296875,73.11000061035156,74.25,277328,4.276857142857143,0,0,0,0,0,0,0,0,0,0,0,0,0,0,0,0,0,0,0,128.613,0.0172777362084211,306.295,-3.4799999999999613,0.37,0.35,Tue,1,1,0,0,1,7,1,7,0,0,0,0,49.02223750446084,-0.23644552348749195,0,-0.07623802008476557,0,0.07623802008476557,NA,NA,2026-05-13
2025-01-08,77.23999786376953,77.88999938964844,76.029998779296875,76.160003662109375,46650,-0.011550932568433314,0.02036447327023616,0.07086615186849898,76.39000244140625,74.12761978876023,NA,75.22262543199189,74.31893616324814,0.9036892687437472,60.24738408748764,77.0636451854287,71.19159439209176,0.07921542348277723,1.6391599349255261,0.3415168007651525,74.5199966430664,75.29000091552734,73.160003662109375,73.31999969482422,328617,4.277714285714286,0,0,0,0,0,0,0,0,0,0,0,0,0,0,0,0,0,0,0,129.0785,0.01886919045213431,306.295,-3.4799999999999613,0.39,0.34,Wed,1,1,0,0,1,8,1,8,0,0,0,0,54.45494805989737,-0.23644552348749195,0,-0.07623802008476557,0,0.07623802008476557,NA,NA,2026-05-13
2025-01-09,76.160003662109375,77.2699966430664,75.69999694824219,76.91999816894531,31706,0.009978918990179109,0.013038296586205256,0.06626003354226206,76.58800201416015,74.35523877825055,NA,75.4837596992155,74.51160742292942,0.9721522762860815,63.48854790292318,77.38376810202018,71.32670945448092,0.08146108797529675,1.0314886085997508,0.37041778564453154,73.31999969482422,74.31999969482422,72.839996337890625,73.91999816894531,213421,4.2785714285714285,0,0,0,0,0,0,0,0,0,0,0,0,0,0,0,0,0,0,0,129.2827,0.021205689500869207,306.295,-3.4799999999999613,0.41,0.33999999999999997,Thu,1,1,0,0,1,9,1,9,0,0,0,0,58.955479944944635,-0.23644552348749195,0,-0.07623802008476557,0,0.07623802008476557,NA,NA,2026-05-13
2025-01-10,77.20999908447266,80.76000213623047,77.04000091552734,79.76000213623047,92049,0.036921529314749124,0.04247810625090809,0.10486216150177419,77.23800201416016,74.71571495419457,NA,76.14164315106395,74.90037740169247,1.241265749371479,72.5088542356813,78.39414840728696,71.03728150110217,0.09846478629957585,2.33830466624498,0.44813200562864813,74.29000091552734,77.86000061035156,74.0199966430664,76.56999969482422,478432,4.279428571428571,0,0,0,0,0,0,0,0,0,0,0,0,0,0,0,0,0,0,0,129.8664,0.022916420520333602,306.295,-3.4799999999999613,0.37,0.3,Fri,1,1,0,0,1,10,1,10,0,0,0,0,63.129082178588014,-0.23644552348749195,0,-0.07623802008476557,0,0.07623802008476557,NA,NA,2026-05-13
2025-01-13,79.55000305175781,81.66999816894531,79.54000091552734,81.01000213623047,77109,0.01567201562839715,0.06172999863810813,0.1018771196294721,78.18000183105468,75.07238188244048,NA,76.89062145647418,75.35294219684344,1.5376792596307354,75.39067895687984,79.61487535943589,70.52988840544508,0.12101636748674677,1.657363444678249,0.5332969246329834,76.54000091552734,79.2699966430664,76.54000091552734,78.81999969482422,460942,4.282,0,0,0,0,0,0,0,0,0,0,0,0,0,0,0,0,0,0,0,130.0413,0.025171799700902664,352.63,100.281,0.39,0.28,Mon,1,1,1,0,1,13,1,13,0,0,0,0,48.539692788914664,-0.23644552348749195,0,-0.07623802008476557,0,0.07623802008476557,NA,NA,2026-05-13
2025-01-14,80.910003662109375,81.13999938964844,79.86000061035156,79.91999816894531,67129,-0.013455177614390745,0.037248475061832265,0.08867993709413313,78.75400085449219,75.38238162086124,NA,77.35667941223898,75.69124263922136,1.6654367730176176,68.63423373049974,80.31977001275922,70.44499322896326,0.13099581853836295,1.3373802655276286,0.5416263957600023,78.81999969482422,79.089996337890625,77.410003662109375,77.5,326729,4.289857142857143,0,0,0,0,0,0,0,0,0,0,0,0,0,0,0,0,0,0,0,129.3812,0.019105892138668867,352.63,100.281,0.41,0.26999999999999996,Tue,1,1,0,0,1,14,1,14,0,0,0,0,54.82755796753813,-0.23644552348749195,0,-0.07623802008476557,0,0.07623802008476557,NA,NA,2026-05-13
2025-01-15,80.31999969482422,82.62999725341797,79.62999725341797,82.029998779296875,69122,0.026401409643318052,0.07707451201329052,0.10122165568210661,79.9279998779297,75.7414292835054,NA,78.07565162255558,76.16078013107881,1.9148714914767737,73.5717467258193,81.44364404747907,70.03921451953173,0.15057056139328684,1.2556723429455854,0.6095164707728798,78.029998779296875,80.7699966430664,77.23999786376953,80.04000091552734,321422,4.297714285714286,0,0,0,0,0,0,0,0,0,0,0,0,0,0,0,0,0,0,0,129.2092,0.014921105713944671,352.63,100.281,0.39,0.24000000000000002,Wed,1,1,0,0,1,15,1,15,0,0,0,0,60.42077342998366,-0.23644552348749195,0,-0.07623802008476557,0,0.07623802008476557,NA,NA,2026-05-13
2025-01-16,82.44000244140625,82.55000305175781,80.38999938964844,81.29000091552734,69075,-0.00902106393735913,0.05681230955029215,0.09985112823369247,80.8020004272461,76.09285772414435,NA,78.57016689839739,76.54072241140832,2.029444486989064,69.44304351611046,82.21519800372178,69.97051744456692,0.16091760679490957,1.194905886565677,0.6085714654608081,80.4000015258789,80.589996337890625,77.87000274658203,78.68000030517578,159948,4.305571428571429,0,0,0,0,0,0,0,0,0,0,0,0,0,0,0,0,0,0,0,129.436,0.017029324570770443,352.63,100.281,0.38,0.24,Thu,1,1,0,0,1,16,1,16,0,0,0,0,64.60956955554015,-0.23644552348749195,0,-0.07623802008476557,0,0.07623802008476557,NA,NA,2026-05-13
2025-01-17,81.30999755859375,81.93000030517578,80.55999755859375,80.79000091552734,42284,-0.006150817989528323,0.012913725573096446,0.10383929799982483,81.00800018310547,76.45476241338821,NA,78.91167982410968,76.85548378208381,2.0561960420258742,66.7186244959258,82.75240265043709,70.15712217633933,0.16474160767115492,0.7271026462450627,0.5880439171424279,78.75,79.44000244140625,77.76000213623047,77.87999725341797,112409,4.313428571428571,0,0,0,0,0,0,0,0,0,0,0,0,0,0,0,0,0,0,0,129.4859,0.015541436641744566,352.63,100.281,0.34,0.19000000000000003,Fri,1,1,0,0,1,17,1,17,0,0,0,0,67.85798125922288,-0.23644552348749195,0,-0.07623802008476557,0,0.07623802008476557,NA,NA,2026-05-13
2025-01-21,80.94000244140625,81.23999786376953,78.470001220703125,79.29000091552734,83935,-0.018566654078496336,-0.02123196118191284,0.0803924454959335,80.66399993896485,76.73571486700149,NA,78.96988306894318,77.03581838456111,1.934064684382065,59.21328640385059,82.98534762171272,70.48608211229026,0.1628871970644466,1.362035028162409,0.5028131002908226,78.19000244140625,78.470001220703125,75.48999786376953,75.88999938964844,568807,4.338142857142857,0,0,0,0,0,0,0,0,0,0,0,0,0,0,0,0,0,0,0,128.4151,0.006058360192350731,284.6,8.962000000000046,0.28,0.13000000000000003,Tue,1,1,0,0,1,21,1,21,0,0,0,0,43.5504846652299,-0.23644552348749195,0,-0.07623802008476557,0,0.07623802008476557,0.08157145759217932,NA,2026-05-13
2025-01-22,79.30999755859375,79.9000015258789,78.80999755859375,79,40868,-0.0036574714614557857,-0.011511488864157648,0.08397369617484451,80.48000030517578,77.02714356921967,NA,78.97451644295192,77.18131331903807,1.7932031239138553,57.85815761999654,83.08959245120803,70.96469468723132,0.15741071526403935,0.659238910387836,0.3959998329917151,75.87999725341797,76.44999694824219,75.279998779296875,75.44000244140625,315333,4.339285714285714,0,0,0,0,0,0,0,0,0,0,0,0,0,0,0,0,0,0,0,128.3402,-0.0023041653775051074,284.6,8.962000000000046,0.31,0.06,Wed,1,1,0,0,1,22,1,22,0,0,0,0,50.78747363840064,-0.23644552348749195,0,-0.07623802008476557,0,0.07623802008476557,0.08501583091559439,NA,2026-05-13
2025-01-23,78.910003662109375,79.589996337890625,77.80000305175781,78.29000091552734,46348,-0.008987330183198194,-0.0455930503404256,0.07334793385041105,79.73200073242188,77.28190540132069,NA,78.86920636180967,77.26343832618542,1.6057680356242514,54.56567107857364,83.06625571745928,71.49755508518209,0.14969481629886805,0.7480008069396813,0.292263542426813,75.38999938964844,76,74.13999938964844,74.62000274658203,350688,4.340428571428571,0,0,0,0,0,0,0,0,0,0,0,0,0,0,0,0,0,0,0,128.2162,0.002527112508112106,284.6,8.962000000000046,0.36,0.13999999999999999,Thu,1,1,0,0,1,23,1,23,0,0,0,0,56.292373053679725,-0.23644552348749195,0,-0.07623802008476557,0,0.07623802008476557,0.054694831941086264,NA,2026-05-13
2025-01-24,77.87999725341797,78.95999908447266,77.61000061035156,78.5,30464,0.0026823231832535654,-0.03432157564405214,0.0808206384216239,79.1740005493164,77.56142934163411,NA,78.81240538306973,77.35503548720872,1.4573698958610066,55.37455511194194,82.95580125384959,72.16705742941863,0.13909934249548023,0.49263967476466847,0.2032745361328114,74.30000305175781,75.20999908447266,74.01000213623047,74.660003662109375,319679,4.341571428571428,0,0,0,0,0,0,0,0,0,0,0,0,0,0,0,0,0,0,0,127.4611,-0.006554842048571263,284.6,8.962000000000046,0.36,0.07,Fri,1,1,0,0,1,24,1,24,0,0,0,0,60.73760351432558,-0.23644552348749195,0,-0.07623802008476557,0,0.07623802008476557,0.04429961303937335,NA,2026-05-13
2025-01-27,78.55000305175781,78.98999786376953,76.31999969482422,77.08000183105469,40623,-0.01808914864898492,-0.04592151308862802,0.04756727253196136,78.43200073242187,77.72809600830078,NA,78.5458817596828,77.33466262378991,1.2112191358928897,49.019412335491594,82.81322955087579,72.64296246572577,0.13084415555559095,0.7165093649077444,0.0580438634851488,74.54000091552734,75.1500015258789,72.37999725341797,73.16999816894531,334418,4.345,0,0,0,0,0,0,0,0,0,0,0,0,0,0,0,0,0,0,0,128.0912,-0.0019207138666192947,228.484,-55.16799999999998,0.36,0.06,Mon,1,1,1,0,1,27,1,27,0,0,0,0,46.5151056038659,-0.23644552348749195,0,-0.07623802008476557,0,0.07623802008476557,0.05574578243717809,NA,2026-05-13
2025-01-28,77.06999969482422,78.13999938964844,76.83000183105469,77.48999786376953,29822,0.005319097340104939,-0.022701513822347752,0.05773949773674847,78.0720001220703,77.92952437627883,NA,78.38343808338846,77.34616893786247,1.0372691455259826,50.77599487900458,82.58857368853025,73.27047506402742,0.11957083915347472,0.5738641830392365,-0.05417592813680461,73.1500015258789,74.30999755859375,72.93000030517578,73.7699966430664,326075,4.349571428571428,0,0,0,0,0,0,0,0,0,0,0,0,0,0,0,0,0,0,0,128.2817,-3.9896238610670487e-4,228.484,-55.16799999999998,0.36,0.07999999999999996,Tue,1,1,0,0,1,28,1,28,0,0,0,0,52.7109032588296,-0.23644552348749195,0,-0.07623802008476557,0,0.07623802008476557,0.06427689138994341,NA,2026-05-13
2025-01-29,77.62999725341797,77.69999694824219,76.30000305175781,76.58000183105469,19845,-0.011743399894198592,-0.03063288821449761,0.03249297184314126,77.58800048828125,78.0442864554269,NA,78.10598635226017,77.28941581883967,0.8165705334205029,46.912364467344275,82.42479554080441,73.66377737004939,0.11225700904778808,0.42010135778791075,-0.22367028875665534,73.94999694824219,74.08000183105469,72.33000183105469,72.62000274658203,312733,4.354142857142857,0,0,0,0,0,0,0,0,0,0,0,0,0,0,0,0,0,0,0,128.3418,-8.423511093809122e-4,228.484,-55.16799999999998,0.34,0.030000000000000027,Wed,1,1,0,0,1,29,1,29,0,0,0,0,57.48550494556941,-0.23644552348749195,0,-0.07623802008476557,0,0.07623802008476557,0.05148976940435834,NA,2026-05-13
2025-01-30,76.86000061035156,77.55000305175781,75.98999786376953,76.87000274658203,8389,0.0037869013919211714,-0.01813766959177132,0.03333785962201108,77.30400085449219,78.16238185337612,NA,77.91583502830969,77.25834818385762,0.6574868444520661,48.263438809574936,82.25326318926854,74.0715005174837,0.10467647579027095,0.20378814195451023,-0.3616702907688021,73,73.839996337890625,72.0199966430664,72.7300033569336,336475,4.358714285714285,0,0,0,0,0,0,0,0,0,0,0,0,0,0,0,0,0,0,0,128.1004,-0.005589948804732181,228.484,-55.16799999999998,0.34,0.030000000000000027,Thu,1,1,0,0,1,30,1,30,0,0,0,0,61.36231142194909,-0.23644552348749195,0,-0.07623802008476557,0,0.07623802008476557,NA,NA,2026-05-13
2025-01-31,77,77.08000183105469,76.51000213623047,76.76000213623047,50618,-0.0014309952702122875,-0.022165577882414356,0.028403038101793454,76.95600128173828,78.26333436511811,NA,77.73801458337442,77.22143366181116,0.5165809215632606,47.766854586709954,82.08490528739294,74.44176344284328,0.09765929226695715,1.287347785837089,-0.4089669028481299,73.19999694824219,73.839996337890625,71.94000244140625,72.529998779296875,376335,4.363285714285714,0,0,0,0,0,0,0,0,0,0,0,0,0,0,0,0,0,0,0,128.4828,-0.0061472413993154396,228.484,-55.16799999999998,0.36,0.02999999999999997,Fri,1,1,0,0,1,31,1,31,0,0,0,0,64.43626402406295,-0.23644552348749195,0,-0.07623802008476557,0,0.07623802008476557,0.05237180651169959,NA,2026-05-13
2025-02-03,76.81999969482422,77.529998779296875,75.04000091552734,75.95999908447266,75087,-0.010422134308151754,-0.014530393357240379,3.950846724127821e-4,76.73200073242188,78.26476287841797,NA,77.46447373738953,77.1279940634898,0.3364796738997313,44.20461216246325,82.08269122494326,74.44683453189268,0.09756442634232043,1.7626097713844397,-0.4247251405820757,74.13999938964844,75.18000030517578,72.05000305175781,73.160003662109375,517853,4.377,0,0,0,0,0,0,0,0,0,0,0,0,0,0,0,0,0,0,0,129.109,-0.002709721473383997,241.111,-65.18400000000003,0.28,-0.03999999999999998,Mon,2,1,1,0,1,34,2,3,0,0,0,0,48.17396466461647,-0.23644552348749195,0,-0.07623802008476557,0,0.07623802008476557,0.05749682790112942,NA,2026-05-13
2025-02-04,75.5199966430664,76.66999816894531,74.12999725341797,76.19999694824219,62716,0.0031595295769111242,-0.016647321603947107,-0.004051825634984296,76.4740005493164,78.250000726609,NA,77.26993884675147,77.05925353643443,0.21068531031704651,45.51728348199559,82.0986987151878,74.40130273803021,0.09836927674992436,1.5493848510301893,-0.44736267760559834,72.3499984741211,73.3499984741211,70.66999816894531,72.69999694824219,452961,4.397714285714286,0,0,0,0,0,0,0,0,0,0,0,0,0,0,0,0,0,0,0,128.1083,-0.010391376053949686,241.111,-65.18400000000003,0.31,-0.010000000000000009,Tue,2,1,0,0,1,35,2,4,0,0,0,0,53.772245048548264,-0.23644552348749195,0,-0.07623802008476557,0,0.07623802008476557,0.0350447447080533,NA,2026-05-13
2025-02-05,76.08000183105469,76.3499984741211,74.55000305175781,74.61000061035156,30739,-0.020866094508778077,-0.025724747631231448,-0.022149441334358033,76.08000030517579,78.16952441987537,NA,76.86071757961302,76.87782739376162,-0.017109814148597025,38.97515617316675,82.25299073652415,74.08605810322659,0.10447719483913144,0.7788907161010614,-0.4295165680267003,72.76000213623047,72.970001220703125,70.95999908447266,71.029998779296875,289902,4.418428571428572,0,0,0,0,0,0,0,0,0,0,0,0,0,0,0,0,0,0,0,127.9751,-0.0043792497160374255,241.111,-65.18400000000003,0.26,-0.08000000000000002,Wed,2,1,0,0,1,36,2,5,0,0,0,0,57.92598126021518,-0.23644552348749195,0,-0.07623802008476557,0,0.07623802008476557,0.03180753878319642,NA,2026-05-13
2025-02-06,74.5999984741211,75.38999938964844,74.089996337890625,74.29000091552734,41460,-0.004288965181697413,-0.03356318120034674,-0.03582092182886032,75.56399993896484,78.03809574672154,NA,76.46522270821522,76.68613654352205,-0.22091383530683117,37.79769631274183,82.43828021795628,73.6379112754868,0.11277016511309719,1.0637233395678911,-0.4125934642749832,71.18000030517578,71.8499984741211,70.43000030517578,70.61000061035156,299037,4.4391428571428575,0,0,0,0,0,0,0,0,0,0,0,0,0,0,0,0,0,0,0,128.2017,-0.00319796599099631,241.111,-65.18400000000003,0.24,-0.13,Thu,2,1,0,0,1,37,2,6,0,0,0,0,61.185752262878665,-0.23644552348749195,0,-0.07623802008476557,0,0.07623802008476557,0.030517473843737708,NA,2026-05-13
2025-02-07,74.19999694824219,75.089996337890625,74.19000244140625,74.660003662109375,35634,0.004980518804983625,-0.027357978317849696,-0.019695377204219766,75.14400024414063,77.96666717529297,NA,76.187496701122015,76.53605262638037,-0.3485559252583528,40.05280351270268,82.54018333468653,73.3931510158994,0.11731978100618042,0.902279627177268,-0.37081313919235087,70.55999755859375,71.410003662109375,70.470001220703125,71,273766,4.4598571428571425,0,0,0,0,0,0,0,0,0,0,0,0,0,0,0,0,0,0,0,128.4292,-0.00503027227617292,241.111,-65.18400000000003,0.2,-0.19,Fri,2,1,0,0,1,38,2,7,0,0,0,0,63.86918942625487,-0.23644552348749195,0,-0.07623802008476557,0,0.07623802008476557,0.049775039072217586,NA,2026-05-13
2025-02-10,74.54000091552734,76.06999969482422,74.54000091552734,75.87000274658203,27341,0.01620679112137169,-0.0011847859264787486,-0.013650486835128262,75.1260009765625,77.91666739327567,NA,76.13865147734664,76.48671559824716,-0.3480641209005171,46.84027786723851,82.56065784280732,73.27267694374403,0.11920403181752165,0.716387484901127,-0.316966918274599,71,72.54000091552734,70.839996337890625,72.31999969482422,255941,4.522,0,0,0,0,0,0,0,0,0,0,0,0,0,0,0,0,0,0,0,128.6382,-0.004985199102432114,232.685,-119.945,0.23,-0.17999999999999997,Mon,2,1,1,0,1,41,2,10,0,0,0,0,48.01628386604809,-0.23644552348749195,0,-0.07623802008476557,0,0.07623802008476557,0.051705064991570016,NA,2026-05-13
2025-02-11,76.05000305175781,77.2699966430664,75.88999938964844,77,37979,0.014893860715839757,0.01049872813382402,-0.03460383729073091,75.28600158691407,77.78523872012184,NA,76.27116663467794,76.52473666504368,-0.25357003036573644,52.27483088208225,82.36591310700746,73.20456433323622,0.11777747197941475,0.9743001682879776,-0.22536257230318726,72.48999786376953,73.68000030517578,72.30999755859375,73.31999969482422,266819,4.551142857142858,0,0,0,0,0,0,0,0,0,0,0,0,0,0,0,0,0,0,0,128.4322,-0.011043657173834043,232.685,-119.945,0.25,-0.12,Tue,2,1,0,0,1,42,2,11,0,0,0,0,53.80876346170053,-0.23644552348749195,0,-0.07623802008476557,0,0.07623802008476557,0.06662969103648164,NA,2026-05-13
2025-02-12,76.81999969482422,76.88999938964844,74.94999694824219,75.18000030517578,47048,-0.023636359673041785,0.007639722425429651,-0.07196644460335488,75.4000015258789,77.50761958530971,NA,76.1032948916776,76.42512656431272,-0.32183167263511336,44.401517295781176,81.97265121426594,73.04258795635349,0.11521529503410265,1.1282196392900907,-0.20037357204563047,73.19999694824219,73.220001220703125,71.16999816894531,71.37000274658203,318123,4.580285714285714,0,0,0,0,0,0,0,0,0,0,0,0,0,0,0,0,0,0,0,128.3288,-0.013168893266985227,232.685,-119.945,0.26,-0.13,Wed,2,1,0,0,1,43,2,12,0,0,0,0,58.07589857575177,-0.23644552348749195,0,-0.07623802008476557,0,0.07623802008476557,0.022578940939953496,NA,2026-05-13
2025-02-13,74.970001220703125,75.33000183105469,74.05000305175781,75.0199966430664,37759,-0.0021282742944915833,0.009826298540083656,-0.061311331808599934,75.54600067138672,77.27428617931548,NA,75.9366336226605,76.32104286644262,-0.38440924378213026,43.77726970367296,81.72193501132726,72.8266373473037,0.115113294523122,0.8458917382236252,-0.15936272589715,71.23999786376953,71.5999984741211,70.220001220703125,71.29000091552734,278197,4.609428571428571,0,0,0,0,0,0,0,0,0,0,0,0,0,0,0,0,0,0,0,127.8931,-0.011501671031030836,232.685,-119.945,0.21,-0.19999999999999998,Thu,2,1,0,0,1,44,2,13,0,0,0,0,61.4586299418508,-0.23644552348749195,0,-0.07623802008476557,0,0.07623802008476557,0.02193152023758893,NA,2026-05-13
2025-02-14,75.23999786376953,75.83000183105469,74.48999786376953,74.73999786376953,41397,-0.0037323219384968187,0.0010714465274095364,-0.08886993812033595,75.56199951171875,76.92714327857608,NA,75.75253581360035,76.20392842180017,-0.45139260819982496,42.647313421206306,80.93171675231734,72.92256980483482,0.10411340660966723,0.9469530606642876,-0.15786825326773032,71.5199966430664,72.0199966430664,70.5199966430664,70.73999786376953,207719,4.638571428571429,0,0,0,0,0,0,0,0,0,0,0,0,0,0,0,0,0,0,0,127.1491,-0.015943911114688514,232.685,-119.945,0.21,-0.18000000000000002,Fri,2,1,0,0,1,45,2,14,0,0,0,0,64.10790297786006,-0.23644552348749195,0,-0.07623802008476557,0,0.07623802008476557,0.003356155284863993,NA,2026-05-13
2025-02-18,74.63999938964844,76.05000305175781,74.19000244140625,75.839996337890625,50542,0.014717667989850414,-3.954976618576467e-4,-0.0670439723982793,75.55599822998047,76.66761925106957,NA,75.76599127887577,76.17697048965873,-0.41097921078295485,48.29377560450017,80.15806329460847,73.17717520753067,0.0910539306590039,1.224919113459278,-0.1011431683550816,70.69999694824219,72.06999969482422,70.12000274658203,71.8499984741211,130937,4.727,0,0,0,0,0,0,0,0,0,0,0,0,0,0,0,0,0,0,0,127.2906,-0.016574986866096042,223.539,-61.061000000000035,0.26,-0.12,Tue,2,1,0,0,1,49,2,18,0,0,0,0,41.308715346219756,-0.23644552348749195,0,-0.07623802008476557,0,0.07623802008476557,0.03620704752135895,NA,2026-05-13
2025-02-19,75.80000305175781,76.81999969482422,75.75,76.04000091552734,30426,0.002637191288164642,-0.012467520577566948,-0.0587944045819051,75.36399841308594,76.44142877487909,NA,75.80814660759141,76.16682459527863,-0.3586779876872157,49.27170049067136,79.38222688189451,73.50063066786366,0.07694252067621891,0.8,-0.061450782189004155,71.779998779296875,73.04000091552734,71.70999908447266,72.25,69012,4.728,0,0,0,0,0,0,0,0,0,0,0,0,0,0,0,0,0,0,0,127.7317,-0.013547420993328063,223.539,-61.061000000000035,0.25,-0.09000000000000002,Wed,2,1,0,0,1,50,2,19,0,0,0,0,48.25396706104306,-0.23644552348749195,0,-0.07623802008476557,0,0.07623802008476557,0.036108482734947156,NA,2026-05-13
2025-02-20,76.04000091552734,77.13999938964844,75.70999908447266,76.4800033569336,33347,0.005786460232885204,0.017291873456780404,-0.03543949459134721,75.6239990234375,76.307619367327,75.36873057531932,75.91150918441328,76.19002302206788,-0.27851383765460014,51.44728532402417,78.94400280607383,73.67123592858019,0.06909882553289695,0.870831189790381,0.0027472024435524073,72.18000030517578,73.25,71.8499984741211,72.56999969482422,240060,4.729,0,0,0,0,0,0,0,0,0,0,0,0,0,0,0,0,0,0,0,127.1126,-0.0101428881805955,223.539,-61.061000000000035,0.22,-0.060000000000000026,Thu,2,1,0,0,1,51,2,20,0,0,0,0,53.898448201061036,-0.23644552348749195,0,-0.07623802008476557,0,0.07623802008476557,0.04939635344658022,0.01474448054427202,2026-05-13
2025-02-21,76.55999755859375,76.75,74.20999908447266,74.43000030517578,28100,-0.02680443203160454,-0.007864520984954715,-0.05784809740283825,75.50599975585938,76.09000033424014,75.38650839669364,75.68358474145366,76.05965096896475,-0.37606622751108887,42.337035823380774,78.54090258186483,73.63909808661546,0.06442113909471986,0.7603369293752519,0.006461560595165599,72.58000183105469,72.7699966430664,70.16999816894531,70.4000015258789,268470,4.7299999999999995,0,0,0,0,0,0,0,0,0,0,0,0,0,0,0,0,0,0,0,127.1408,-0.00934547398243113,223.539,-61.061000000000035,0.23,-0.07999999999999999,Fri,2,1,0,0,1,52,2,21,0,0,0,0,58.000420515164905,-0.23644552348749195,0,-0.07623802008476557,0,0.07623802008476557,0.02042771886341055,-0.012688054027977902,2026-05-13
2025-02-24,73.910003662109375,74.910003662109375,73.910003662109375,74.779998779296875,17858,0.004702384424103645,5.352009187939988e-4,-0.044833338806799405,75.51399993896484,75.92285737537202,75.41777825733972,75.54457151650647,75.96486191787824,-0.42029040137177276,44.155255861451586,78.21737425309009,73.62834049765395,0.0604433752110696,0.5076222935386032,0.004043914459563075,69.80000305175781,70.94000244140625,69.80000305175781,70.69999694824219,205468,4.733,0,0,0,0,0,0,0,0,0,0,0,0,0,0,0,0,0,0,0,127.1921,-0.007987290217616683,220.856,-7.628000000000014,0.27,-0.08999999999999997,Mon,2,1,1,0,1,55,2,24,0,0,0,0,44.650018079696935,-0.23644552348749195,0,-0.07623802008476557,0,0.07623802008476557,0.02960211492748921,-0.008456619815378597,2026-05-13
2025-02-25,74.88999938964844,75.25,72.69999694824219,73.0199966430664,19080,-0.023535733684950655,-0.03718354207534835,-0.0698089599609375,74.95,75.66190483456566,75.39857180156405,75.15617538213107,75.74672374937366,-0.5905483672425902,37.715098873854565,77.97183790868421,73.35197176044711,0.061059342324759146,0.5554003073913651,-0.03556067498175564,70.91999816894531,71.26000213623047,68.68000030517578,68.93000030517578,267310,4.721857142857143,0,0,0,0,0,0,0,0,0,0,0,0,0,0,0,0,0,0,0,127.3752,-6.739311052548214e-4,220.856,-7.628000000000014,0.23,-0.12999999999999998,Tue,2,1,0,0,1,56,2,25,0,0,0,0,50.318093118615685,-0.23644552348749195,0,-0.07623802008476557,0,0.07623802008476557,-0.007610834113243148,-0.031546687180728505,2026-05-13
2025-02-26,73.13999938964844,73.339996337890625,72.38999938964844,72.529998779296875,11916,-0.006710461329719308,-0.04615994337151208,-0.05902961784731908,74.24799957275391,75.4452380225772,75.35666704934741,74.75214821246428,75.50844782566426,-0.7562996131999853,36.134918013774836,78.03332441318898,72.85715163196542,0.06860834317567627,0.375339005206742,-0.1276046417571695,69.11000061035156,69.279998779296875,68.36000061035156,68.62000274658203,255601,4.710714285714285,0,0,0,0,0,0,0,0,0,0,0,0,0,0,0,0,0,0,0,127.2822,-0.006315812483605354,220.856,-7.628000000000014,0.2,-0.15999999999999998,Wed,2,1,0,0,1,57,2,26,0,0,0,0,54.756601605761375,-0.23644552348749195,0,-0.07623802008476557,0,0.07623802008476557,NA,-0.03751052668239008,2026-05-13
2025-02-27,72.69000244140625,74.26000213623047,72.4800033569336,74.04000091552734,7925,0.020819001263536308,-0.031903796212177316,-0.044521835634934726,73.75999908447265,75.28095245361328,75.37301623632037,74.6425870898586,75.39967398046895,-0.7570868906103527,43.93109483875214,77.7595738298489,72.80233107737766,0.06584989417510101,0.28471349021016706,-0.17791226565182952,68.81999969482422,70.54000091552734,68.61000061035156,70.3499984741211,265933,4.699571428571429,0,0,0,0,0,0,0,0,0,0,0,0,0,0,0,0,0,0,0,127.9704,-0.0024266906347515382,220.856,-7.628000000000014,0.22,-0.13999999999999999,Thu,2,1,0,0,1,58,2,27,0,0,0,0,58.61281600598603,-0.23644552348749195,0,-0.07623802008476557,0,0.07623802008476557,0.010646993673934624,-0.01768557750977562,2026-05-13
2025-02-28,73.7300033569336,73.73999786376953,72.970001220703125,73.18000030517578,36432,-0.01161535115771728,-0.016794303303436564,-0.044398034011278065,73.50999908447265,75.11904761904762,75.37888929578993,74.41757373836893,75.23525370822502,-0.817679969856087,40.87097072822892,77.68395750417355,72.55413773392169,0.06828920137894706,1.3151254588969148,-0.23949454171316994,70.16999816894531,70.29000091552734,69.13999938964844,69.76000213623047,250074,4.688428571428571,0,0,0,0,0,0,0,0,0,0,0,0,0,0,0,0,0,0,0,128.2805,-4.7763082643392796e-4,220.856,-7.628000000000014,0.25,-0.09000000000000002,Fri,2,1,0,0,1,59,2,28,0,0,0,0,61.52349732614097,-0.23644552348749195,0,-0.07623802008476557,0,0.07623802008476557,-0.013347686237156209,-0.029171151381464644,2026-05-13
2025-03-03,73.06999969482422,73.660003662109375,71.16999816894531,71.62000274658203,51816,-0.021317266358133913,-0.04225723568197892,-0.06829712257598997,72.87799987792968,74.86904761904762,75.35968296111577,73.98717820117095,74.9674573406959,-0.9802791395249528,35.97560679011241,77.72417580373468,72.01391943436056,0.07626992129550425,1.8026593190974178,-0.29925258762233764,69.94999694824219,70.5999984741211,67.88999938964844,68.37000274658203,332751,4.655,0,0,0,0,0,0,0,0,0,0,0,0,0,0,0,0,0,0,0,127.75,-0.0027353544563483156,226.019,-15.091999999999985,0.2,-0.14,Mon,3,1,1,0,0,62,3,3,0,0,1,0,45.81611833091551,-0.23644552348749195,0,-0.07623802008476557,0,0.07623802008476557,-0.03723614283900445,-0.049624415437938385,2026-05-13
2025-03-04,71.44999694824219,71.45999908447266,69.75,71.04000091552734,58867,-0.008098321820887766,-0.027115801404615225,-0.0745179919426201,72.48200073242188,74.59666660853794,75.32952420673674,73.53376631107193,74.67653464253527,-1.1427683314633441,34.329248129740286,77.76799613143669,71.4253370856392,0.08502603848348825,1.9903167019985326,-0.31964813903137795,68.45999908447266,68.55999755859375,66.7699966430664,68.26000213623047,386750,4.646714285714286,0,0,0,0,0,0,0,0,0,0,0,0,0,0,0,0,0,0,0,127.9966,-0.0037841641060125664,226.019,-15.091999999999985,0.26,-0.09999999999999998,Tue,3,1,0,0,0,63,3,4,0,0,1,0,50.849798241934195,-0.23644552348749195,0,-0.07623802008476557,0,0.07623802008476557,-0.04823149120524195,-0.05694345392965827,2026-05-13
2025-03-05,71.13999938964844,71.160003662109375,68.339996337890625,69.30000305175781,51721,-0.024493212856775415,-0.04453323841032575,-0.08767767394663184,71.83600158691407,74.27952394031342,75.28936549595424,72.8824181173313,74.27827304321843,-1.3958549258871358,29.907442617685906,78.13621825528449,70.42282962534236,0.10384273108885496,1.6312582397133684,-0.42356010688530255,68.08000183105469,68.0999984741211,65.220001220703125,66.30999755859375,382493,4.638428571428571,0,0,0,0,0,0,0,0,0,0,0,0,0,0,0,0,0,0,0,126.504,-0.020176749878010103,226.019,-15.091999999999985,0.29,0.009999999999999953,Wed,3,1,0,0,0,64,3,5,0,0,1,0,54.528891549157514,-0.23644552348749195,0,-0.07623802008476557,0,0.07623802008476557,NA,-0.07955124079931686,2026-05-13
2025-03-06,69.44999694824219,69.87999725341797,68.7300033569336,69.45999908447266,49024,0.002308744959150344,-0.061858478854964316,-0.08845141907745202,70.92000122070313,73.95857166108631,75.22333369179377,72.35589211227612,73.92136386108912,-1.5654717488129961,30.79021357423995,78.24218790863165,69.67495541354097,0.11583826326919687,1.4733469776611698,-0.5023294637491411,66.38999938964844,67.089996337890625,65.589996337890625,66.36000061035156,341632,4.630142857142857,0,0,0,0,0,0,0,0,0,0,0,0,0,0,0,0,0,0,0,126.1099,-0.015599301528472553,226.019,-15.091999999999985,0.33,0.020000000000000018,Thu,3,1,0,0,0,65,3,6,0,0,1,0,57.50476119192347,-0.23644552348749195,0,-0.07623802008476557,0,0.07623802008476557,-0.08521007763333432,-0.07661631470541763,2026-05-13
2025-03-07,69.37999725341797,71.37999725341797,69.279998779296875,70.36000061035156,46468,0.012957119748653989,-0.038535114554034355,-0.0569628731434475,70.35600128173829,73.75619070870536,75.192381359282,72.04883188121082,73.6575591758493,-1.6087272946384843,35.69625396354505,78.30398304487899,69.20839837253173,0.12331960998731074,1.3234711925424445,-0.5401756705818588,66.339996337890625,68.220001220703125,66.12000274658203,67.04000091552734,329710,4.621857142857143,0,0,0,0,0,0,0,0,0,0,0,0,0,0,0,0,0,0,0,125.9814,-0.01557881181573606,226.019,-15.091999999999985,0.33,0.07,Fri,3,1,0,0,0,66,3,7,0,0,1,0,60.06765419123889,-0.23644552348749195,0,-0.07623802008476557,0,0.07623802008476557,-0.08038166715677875,-0.06426689328856994,2026-05-13
2025-03-10,70.44000244140625,70.86000061035156,69.05999755859375,69.279998779296875,33488,-0.015349656362791397,-0.03267249200708566,-0.06743844493860185,69.88800048828125,73.51761917840867,75.1477782234313,71.62285755783944,73.33329544277134,-1.7104378849319062,32.70064034229826,78.45661042440946,68.57862793240787,0.13436211077551666,0.913133935217881,-0.553362651447673,67.11000061035156,67.5999984741211,65.80000305175781,66.029998779296875,249633,4.597,0,0,0,0,0,0,0,0,0,0,0,0,0,0,0,0,0,0,0,126.268,-0.01508326332646126,214.007,-18.677999999999997,0.33,0.09000000000000002,Mon,3,1,1,0,0,69,3,10,0,0,1,0,44.739627453712245,-0.23644552348749195,0,-0.07623802008476557,0,0.07623802008476557,-0.09200529477959452,-0.07808320595571294,2026-05-13
2025-03-11,69.410003662109375,70.43000030517578,68.62999725341797,69.55999755859375,26933,0.004041552890161837,-0.02083338031897608,-0.06830974890648078,69.59199981689453,73.27476174490792,75.12301623632037,71.30549448103241,73.05379189579523,-1.748297414762817,34.24139009734458,78.47259446295976,68.07692902685608,0.14187238809856806,0.7189994393870632,-0.5231209555825017,65.94999694824219,67.16999816894531,65.29000091552734,66.25,222511,4.590142857142857,0,0,0,0,0,0,0,0,0,0,0,0,0,0,0,0,0,0,0,126.0457,-0.018558863560623418,214.007,-18.677999999999997,0.34,0.14,Tue,3,1,0,0,0,70,3,11,0,0,1,0,49.69200907834053,-0.23644552348749195,0,-0.07623802008476557,0,0.07623802008476557,-0.0972096715964138,-0.07405212086035784,2026-05-13
2025-03-12,69.8499984741211,71.089996337890625,69.470001220703125,70.94999694824219,30577,0.019982740633042395,0.023809434687211306,-0.06484783999248622,69.9219985961914,73.0404757545108,75.10412730867901,71.25080255291084,72.89795523301352,-1.6471526801026783,41.41224870939537,78.19030860414918,67.89064290487241,0.14101312447490036,0.7775441130473921,-0.41017588521097875,66.62000274658203,67.87999725341797,66.1500015258789,67.68000030517578,246675,4.583285714285715,0,0,0,0,0,0,0,0,0,0,0,0,0,0,0,0,0,0,0,125.8664,-0.021547254237077373,214.007,-18.677999999999997,0.31,0.07999999999999999,Wed,3,1,0,0,0,71,3,12,0,0,1,0,53.93412984414144,-0.23644552348749195,0,-0.07623802008476557,0,0.07623802008476557,-0.06840869831075436,-0.05531161214833491,2026-05-13
2025-03-13,70.9800033569336,71.23999786376953,69.68000030517578,69.87999725341797,33450,-0.015081039335417823,0.0060466192698123145,-0.09246756813742896,70.00599822998046,72.70142800467355,75.06746055966332,71.03990942991194,72.67440279008052,-1.6344933601685767,37.9789237058419,77.69143127303444,67.71142473631265,0.1372738722006978,0.7987563757235372,-0.3710770324036337,67.69000244140625,67.94000244140625,66.37000274658203,66.55000305175781,268590,4.576428571428572,0,0,0,0,0,0,0,0,0,0,0,0,0,0,0,0,0,0,0,126.0031,-0.018913481198640114,214.007,-18.677999999999997,0.33,0.08000000000000002,Thu,3,1,0,0,0,72,3,13,0,0,1,0,57.11101512499964,-0.23644552348749195,0,-0.07623802008476557,0,0.07623802008476557,-0.09152367502745962,-0.06910402013829109,2026-05-13
2025-03-14,70.08000183105469,70.75,69.94000244140625,70.58000183105469,24740,0.010017238196191824,0.003126793899867586,-0.061186465222778263,70.0499984741211,72.48238045828683,75.02079397534567,70.96915441470313,72.51926197830083,-1.550107563597706,41.40165914806834,77.41898198308952,67.54577893348413,0.13621521516235746,0.6077369781175384,-0.28043962415758195,66.779998779296875,67.4800033569336,66.589996337890625,67.18000030517578,180495,4.569571428571429,0,0,0,0,0,0,0,0,0,0,0,0,0,0,0,0,0,0,0,125.6942,-0.020530075867615127,214.007,-18.677999999999997,0.29,0.02999999999999997,Fri,3,1,0,0,0,73,3,14,0,0,1,0,59.79764435843217,-0.23644552348749195,0,-0.07623802008476557,0,0.07623802008476557,-0.11509528660112489,-0.059194150167890425,2026-05-13
2025-03-17,70.68000030517578,71.79000091552734,70.68000030517578,71.06999969482422,29314,0.006942446175368877,0.025837196118171146,-0.05265258764320746,70.40799865722656,72.29428536551339,74.98365105523004,70.9846690731833,72.41190921656182,-1.4272401433785262,43.74208898013327,77.12465846809525,67.46391226293153,0.1336308417231024,0.762230161578025,-0.21536280034662605,67.3499984741211,68.37000274658203,67.25,67.58000183105469,161298,4.549,0,0,0,0,0,0,0,0,0,0,0,0,0,0,0,0,0,0,0,125.3688,-0.019737577711385623,207.398,-16.14099999999999,0.25,0.04000000000000001,Mon,3,1,1,0,0,76,3,17,0,0,1,0,44.823486400135245,-0.23644552348749195,0,-0.07623802008476557,0,0.07623802008476557,-0.12270092802479682,-0.05219339556463021,2026-05-13
2025-03-18,70.93000030517578,72.19000244140625,70.26000213623047,70.55999755859375,32008,-0.0071760537275985525,0.014376078710434781,-0.05592722002474193,70.60799865722656,72.0952377319336,74.92127009800502,70.91933499401567,72.27473057523085,-1.355395581215177,41.867732309150675,76.84616915544892,67.34430630841827,0.13179598467184098,0.8947705347433628,-0.17243982671381364,67.4000015258789,68.720001220703125,66.55999755859375,66.9000015258789,110338,4.547000000000001,0,0,0,0,0,0,0,0,0,0,0,0,0,0,0,0,0,0,0,125.488,-0.013064189994266617,207.398,-16.14099999999999,0.25,0.04000000000000001,Tue,3,1,0,0,0,77,3,18,0,0,1,0,49.966208490122746,-0.23644552348749195,0,-0.07623802008476557,0,0.07623802008476557,-0.1171171274374303,-0.05821140690362381,2026-05-13
2025-03-19,70.36000061035156,71.220001220703125,69.9000015258789,70.779998779296875,26898,0.0031179312402955794,-0.0023960278542271007,-0.06671938031286151,70.5739990234375,71.85428546723865,74.87158748081752,70.8978986532897,72.16400970145796,-1.2661110481682556,43.00234460710208,76.3117323950052,67.39683853947211,0.12406906279233337,0.8079903875037548,-0.06479146768758674,66.720001220703125,67.62999725341797,66.20999908447266,67.160003662109375,73077,4.545,0,0,0,0,0,0,0,0,0,0,0,0,0,0,0,0,0,0,0,125.8006,-0.011705499070630454,207.398,-16.14099999999999,0.26,0,Wed,3,1,0,0,0,78,3,19,0,0,1,0,54.12570831585783,-0.23644552348749195,0,-0.07623802008476557,0,0.07623802008476557,-0.1371449490114991,-0.05464808265977983,2026-05-13
2025-03-20,70.86000061035156,72.29000091552734,70.529998779296875,72,33049,0.017236525031701033,0.030337762305483462,-0.053129943015326475,70.99799957275391,71.66190447126117,74.85269855317615,71.06745270662975,72.15186083468329,-1.0844081280535391,48.95245398344943,75.6885150826914,67.63529385983094,0.11237799612331083,1.0428019247456022,0.06369208031958024,67.29000091552734,68.470001220703125,66.87999725341797,68.26000213623047,283376,4.543,0,0,0,0,0,0,0,0,0,0,0,0,0,0,0,0,0,0,0,125.985,-0.013674757323358322,207.398,-16.14099999999999,0.29,0.03999999999999998,Thu,3,1,0,0,0,79,3,20,0,0,1,0,57.696768483276855,-0.23644552348749195,0,-0.07623802008476557,0,0.07623802008476557,-0.11428220950792045,-0.03811083111652369,2026-05-13
2025-03-21,72.2300033569336,72.54000091552734,71.51000213623047,72.160003662109375,23983,0.0022222730848524552,0.022385970389129373,-0.05648534917895731,71.31399993896484,71.45619020007905,74.83317481146918,71.23553746901123,72.15246400708521,-0.9169265380739802,49.6941749824615,74.83889046535502,68.07348993480308,0.09467899858092993,0.8145292759135987,0.1505054851154701,68.3499984741211,68.6500015258789,67.6500015258789,68.279998779296875,198964,4.541,0,0,0,0,0,0,0,0,0,0,0,0,0,0,0,0,0,0,0,126.2679,-0.006645289294688328,207.398,-16.14099999999999,0.31,0.09,Fri,3,1,0,0,0,80,3,21,0,0,1,0,60.58751644144104,-0.23644552348749195,0,-0.07623802008476557,0,0.07623802008476557,-0.10682011580172335,-0.03572173913634491,2026-05-13
2025-03-24,72.19999694824219,73.160003662109375,71.80000305175781,73,31456,0.011640746885545061,0.02715632916087296,-0.019212687079303126,71.7,71.38809494745163,74.83507961697049,71.5069932430095,72.21524445100482,-0.7082512079953176,53.512996910830275,74.571041109378,68.20514878552527,0.089173024277208,1.0757571612267791,0.23982421539641668,68.3499984741211,69.33000183105469,67.94999694824219,69.11000061035156,247024,4.535,0,0,0,0,0,0,0,0,0,0,0,0,0,0,0,0,0,0,0,126.1956,-0.0074342775883115,199.9,-20.95599999999999,0.3,0.06999999999999998,Mon,3,1,1,0,0,83,3,24,0.051619667223253764,0,1,0,45.62337776164561,-0.23644552348749195,0,-0.07623802008476557,0,0.07623802008476557,NA,-0.024521649824694625,2026-05-13
2025-03-25,73.089996337890625,73.56999969482422,72.5,73.0199966430664,30415,2.7392661734793045e-4,0.03486393380937769,-0.023535733684950655,72.19199981689454,71.30428532191685,74.83634936620318,71.73976299686441,72.27485572449088,-0.5350927276264628,53.60329169973676,74.19102458164555,68.41754606218815,0.0809695867982117,1.0279157795126568,0.2637363308078627,69.160003662109375,69.68000030517578,68.5199966430664,69,258411,4.559428571428572,0,0,0,0,0,0,0,0,0,0,0,0,0,0,0,0,0,0,0,126.0535,-0.008951813831204913,199.9,-20.95599999999999,0.35,0.07999999999999996,Tue,3,1,0,0,0,84,3,25,0.06880242680231986,0,1,0,51.10638798686508,-0.23644552348749195,0,-0.07623802008476557,0,0.07623802008476557,-0.07907685963001532,-0.024270995826488728,2026-05-13
2025-03-26,73.18000030517578,74.16999816894531,73.089996337890625,73.79000091552734,27419,0.010545115144620532,0.04252616824162603,0.010545115144620532,72.79400024414062,71.34095219203404,74.8547621227446,72.05518421512025,72.3870887016047,-0.33190448648444715,57.06185065942289,74.33672257029886,68.34518181376922,0.08398459191295547,0.9366587868767337,0.2985715425931474,69.160003662109375,70.220001220703125,69.05999755859375,69.6500015258789,262413,4.583857142857143,0,0,0,0,0,0,0,0,0,0,0,0,0,0,0,0,0,0,0,126.2364,-0.008940515893203771,199.9,-20.95599999999999,0.37,0.13999999999999999,Wed,3,1,0,0,0,85,3,26,0.08596479873744647,0,1,0,55.65147026126467,-0.23644552348749195,0,-0.07623802008476557,0,0.07623802008476557,-0.06594935549965386,-0.014224361644103456,2026-05-13
2025-03-27,73.98999786376953,74.06999969482422,73.2300033569336,74.029998779296875,19183,0.003252444244366881,0.028194427490234375,0.020681097824975625,73.2,71.41238076346261,74.86190493144686,72.35900184037818,72.5087857443967,-0.14978390401851982,58.10998618673003,74.59304728798512,68.2317142389401,0.08907885412916697,0.6888837017219399,0.35090124109289145,69.95999908447266,69.970001220703125,69.12000274658203,69.91999816894531,211825,4.6082857142857145,0,0,0,0,0,0,0,0,0,0,0,0,0,0,0,0,0,0,0,126.3626,-0.007224890833125164,199.9,-20.95599999999999,0.41,0.20999999999999996,Thu,3,1,0,0,0,86,3,27,0.10310169744743485,0,1,0,59.33568460470052,-0.23644552348749195,0,-0.07623802008476557,0,0.07623802008476557,-0.05441310622574769,-0.011112543194189084,2026-05-13
2025-03-28,74.05999755859375,74.20999908447266,73.12000274658203,73.62999725341797,12292,-0.005403235613597901,0.020371307049704024,-0.0055375966644996,73.49399871826172,71.39285677955264,74.86777786981492,72.55453959623046,72.59183844876864,-0.037298852538185656,55.67082375311563,74.510183455702375,68.27553010340291,0.08732881178226087,0.46207573200209007,0.34006600851540875,69.910003662109375,70.089996337890625,68.87000274658203,69.36000061035156,246650,4.632714285714286,0,0,0,0,0,0,0,0,0,0,0,0,0,0,0,0,0,0,0,126.4187,-0.012125460262685683,199.9,-20.95599999999999,0.38,0.16,Fri,3,1,0,0,0,87,3,28,0.1202080448993527,0,1,0,62.200635367603134,-0.23644552348749195,0,-0.07623802008476557,0,0.07623802008476557,-0.062038251548815704,-0.016532888401593615,2026-05-13
2025-03-31,73.41999816894531,74.79000091552734,73.37000274658203,74.73999786376953,53426,0.015075385736212699,0.023835587174925177,0.021317266358133802,73.84199829101563,71.46714237758091,74.87682548401848,72.89076394508263,72.75096136839834,0.1398025766842892,60.61169458306497,74.82816050112879,68.10612425403303,0.09405771692369284,1.8414567313160697,0.35105493566492063,69.43000030517578,71.83000183105469,68.80999755859375,71.4800033569336,313087,4.706,0,0,0,0,0,0,0,0,0,0,0,0,0,0,0,0,0,0,0,126.7075,-0.01226219105787707,200.081,-25.938000000000017,0.34,0.09000000000000002,Mon,3,1,1,0,0,90,3,31,0.1712931441814776,0,1,0,46.80489056341332,-0.23644552348749195,0,-0.07623802008476557,0,0.07623802008476557,-0.030358120286686274,-0.001827369407883861,2026-05-13
2025-04-01,74.62999725341797,75.279998779296875,74.339996337890625,74.48999786376953,54055,-0.0033449291831086914,0.020131488472791004,0.040072535704062995,74.13599853515625,71.6038088117327,74.87841276138548,73.13679993257293,72.87977888657397,0.2570210459989539,59.01623139977753,75.21502110494829,67.99259651851712,0.10086648610300933,1.7315552765106863,0.37795592926360716,71.38999938964844,72.0999984741211,71.029998779296875,71.19999694824219,272832,4.726142857142857,0,0,0,0,0,0,0,0,0,0,0,0,0,0,0,0,0,0,0,126.4338,-0.010302935420743564,200.081,-25.938000000000017,0.3,0.09999999999999998,Tue,4,2,0,0,0,91,4,1,0.1882267098432442,0,1,0,52.35109092933944,-0.23644552348749195,0,-0.07623802008476557,0,0.07623802008476557,-0.03871467392829353,-0.005187274720334978,2026-05-13
2025-04-02,74.4000015258789,75.45999908447266,73.70999908447266,74.94999694824219,61062,0.006175313433542051,0.015720233342221723,0.05503935785930181,74.36799774169921,71.78999909900483,74.88333335755364,73.41575331959896,73.03312837262348,0.38262494697548277,61.04794450973767,75.67214704955711,67.90785114845255,0.1081528903545033,1.7630651960501242,0.367164595048505,71.19999694824219,72.279998779296875,70.589996337890625,71.70999908447266,286501,4.746285714285714,0,0,0,0,0,0,0,0,0,0,0,0,0,0,0,0,0,0,0,126.3811,-0.01262142900670793,200.081,-25.938000000000017,0.29,0.02999999999999997,Wed,4,2,0,0,0,92,4,2,0.2051044998686192,0.01291029607500882,1,0,56.87831952077653,-0.23644552348749195,0,-0.07623802008476557,0,0.07623802008476557,-0.02128499404333395,8.902326819539841e-4,2026-05-13
2025-04-03,73.589996337890625,73.62000274658203,69.470001220703125,70.13999938964844,100212,-0.06417608745088232,-0.052546257649490946,0.01212115874314268,73.58999786376953,71.82999892461868,74.79142858111669,72.91179117652965,72.81882252203275,0.09296865449690017,39.177429759934896,75.62062374299427,68.03937410624309,0.10554433732774036,2.4234890677939456,0.21973612020303712,70.37999725341797,70.410003662109375,65.9800033569336,66.94999694824219,459238,4.7664285714285715,0,0,0,0,0,0,0,0,0,0,0,0,0,0,0,0,0,0,0,124.7316,-0.014010624169986774,200.081,-25.938000000000017,0.35,0.06,Thu,4,2,0,0,0,93,4,3,0.2219215130041655,0.030120304846908114,1,0,59.53113957872592,-0.23644552348749195,0,-0.07623802008476557,0,0.07623802008476557,-0.08755045032482245,-0.06219200889341814,2026-05-13
2025-04-04,69.80999755859375,70.05000305175781,64.01000213623047,65.58000183105469,121211,-0.06501279723801556,-0.1093303778710869,-0.05585944866914516,71.97999877929688,71.6452371506464,74.61793651278057,71.78382358491811,72.28261358196029,-0.49878999704218074,28.685509793305958,76.21848264635602,67.07199165493677,0.1276636292261437,2.373284566630966,-0.039890146779490564,66.63999938964844,66.9000015258789,60.45000076293945,61.9900016784668,559638,4.786571428571429,0,0,0,0,0,0,0,0,0,0,0,0,0,0,0,0,0,0,0,125.8129,-0.0023550886964465167,200.081,-25.938000000000017,0.33,0,Fri,4,2,0,0,0,94,4,4,0.2386727660059501,0.04732138832243185,1,0,60.731602794621,-0.23644552348749195,0,-0.07623802008476557,0,0.07623802008476557,-0.14564877532616505,-0.12112281716846818,2026-05-13
2025-04-07,64.79000091552734,67.410003662109375,62.5099983215332,64.20999908447266,114411,-0.020890556699150298,-0.14088840085987386,-0.08740763889325631,69.8739990234375,71.35237993512835,74.42603168790302,70.61861981561881,71.68464213770194,-1.0660223220831284,26.398152186530147,76.94528135807532,65.75947851218139,0.156768461767691,1.9271298295732089,-0.3313407478751724,61.119998931884766,63.900001525878906,58.95000076293945,60.70000076293945,597617,4.847,0,0,0,0,0,0,0,0,0,0,0,0,0,0,0,0,0,0,0,126.8282,0.006721627160834798,216.534,2.526999999999987,0.42,0.08999999999999997,Mon,4,2,1,0,0,97,4,7,0.288482432880609,0.09882013873287143,1,0,43.92380817677313,-0.23644552348749195,0,-0.07623802008476557,0,0.07623802008476557,-0.15468667906292632,-0.13726423902687868,2026-05-13
2025-04-08,64.44000244140625,65.19000244140625,61.279998779296875,62.81999969482422,89690,-0.021647709227028633,-0.15666530411623725,-0.09324479212322268,67.53999938964844,71.04476093110584,74.20015861874535,69.41883210472734,71.02800195674803,-1.6091698520206847,24.28250682637721,77.72191993864409,64.36760192356759,0.1879704828344284,1.3735889279757902,-0.6273407485458895,61.029998779296875,61.75,57.880001068115234,59.58000183105469,557655,4.837142857142857,0,0,0,0,0,0,0,0,0,0,0,0,0,0,0,0,0,0,0,126.8668,0.004742294167960237,216.534,2.526999999999987,0.55,0.22000000000000003,Tue,4,2,0,0,0,98,4,8,0.30492122465628907,0.11593459959550041,1,0,47.68863578924527,-0.23644552348749195,0,-0.07623802008476557,0,0.07623802008476557,-0.17559052216899895,-0.15337108620474205,2026-05-13
2025-04-09,61.54999923706055,66.0199966430664,58.38999938964844,65.4800033569336,127044,0.04234326130263466,-0.12635082023883515,-0.05865431778118424,65.64600067138672,70.85047549293155,74.03063480437748,68.8128584512206,70.61703909750251,-1.8041806462819068,35.01572437857588,77.93414097325291,63.76681001261019,0.19996098631767303,1.6880994331544832,-0.772131817157454,58.31999969482422,62.93000030517578,55.119998931884766,62.349998474121094,592250,4.827285714285715,0,0,0,0,0,0,0,0,0,0,0,0,0,0,0,0,0,0,0,126.628,0.004619752994350579,216.534,2.526999999999987,0.43,0.08999999999999997,Wed,4,2,0,0,0,99,4,9,0.32126966169236443,0.1330147065341959,1,0,51.237041522660874,-0.23644552348749195,0,-0.07623802008476557,0,0.07623802008476557,-0.12236961772858168,-0.1155012579594723,2026-05-13
2025-04-10,65.80999755859375,66.2300033569336,62.0099983215332,63.33000183105469,78111,-0.03283447488783986,-0.09709149726053179,-0.10739951296610006,64.28400115966797,70.48761858258929,73.81492057679192,67.96934204811815,70.07725855924713,-2.107916511128977,31.16973538181958,78.29369614919537,62.68154101598322,0.2214879073396361,0.9625342261501343,-0.9444173288869349,62.709999084472656,63.34000015258789,58.7599983215332,60.06999969482422,391826,4.817428571428572,0,0,0,0,0,0,0,0,0,0,0,0,0,0,0,0,0,0,0,125.089,-0.006176390204216564,216.534,2.526999999999987,0.56,0.25000000000000006,Thu,4,2,0,0,0,100,4,10,0.3375228995941133,0.1500553983446526,1,0,53.639491375003225,-0.23644552348749195,0,-0.07623802008476557,0,0.07623802008476557,-0.1475299360533715,-0.1420433519918165,2026-05-13
2025-04-11,63.45000076293945,65.05000305175781,62.7599983215332,64.76000213623047,58543,0.02258013996258179,-0.012503807135240352,-0.07326839322302736,64.12000122070313,70.24380929129464,73.57682533869668,67.47559744628927,69.68338771309774,-2.2077902668084732,36.18988322243792,78.43969019544808,62.0479283871412,0.23335525185332345,0.6825062808578107,-1.0093403072147578,60.20000076293945,61.869998931884766,59.43000030517578,61.5,306231,4.807571428571428,0,0,0,0,0,0,0,0,0,0,0,0,0,0,0,0,0,0,0,124.0163,-0.015767866028692956,216.534,2.526999999999987,0.52,0.19,Fri,4,2,0,0,0,101,4,11,0.3536761221763716,0.16705162550211924,1,0,55.849815857243115,-0.23644552348749195,0,-0.07623802008476557,0,0.07623802008476557,-0.13260113903400794,-0.11983152523745988,2026-05-13
2025-04-14,64.88999938964844,65.9000015258789,64.04000091552734,64.87999725341797,43786,0.0018529202166341907,0.010434483390412197,-0.08075948469483829,64.25400085449219,69.97238050188336,73.32079351515998,67.0762743396937,69.32758101238073,-2.2513066726870363,36.6076998367564,78.49262260862035,61.452138395146385,0.24353157762033417,0.5162682387619749,-1.0339558528019854,61.70000076293945,62.68000030517578,60.59000015258789,61.529998779296875,238068,4.778,0,0,0,0,0,0,0,0,0,0,0,0,0,0,0,0,0,0,0,123.6598,-0.016185313244366006,220.962,13.563999999999993,0.54,0.25000000000000006,Mon,4,2,1,0,0,104,4,14,0.401487989205973,0.21772323039653177,1,0,41.555986967535574,-0.23644552348749195,0,-0.07623802008476557,0,0.07623802008476557,-0.14485310524994233,-0.11512145268854423,2026-05-13
2025-04-15,64.93000030517578,65.38999938964844,64.2300033569336,64.66999816894531,40096,-0.0032367307854901384,0.02944919584699579,-0.090052083204736455,64.6240005493164,69.66761852446056,73.07873002309648,66.70607800573241,68.98257487582995,-2.276496870097546,36.16144752047009,78.47594005785697,60.85929699106415,0.25286701971314773,0.4806717128245457,-1.0034063988989512,61.58000183105469,62.060001373291016,60.880001068115234,61.33000183105469,197404,4.770714285714285,0,0,0,0,0,0,0,0,0,0,0,0,0,0,0,0,0,0,0,123.776,-0.012704915417552032,220.962,13.563999999999993,0.51,0.26,Tue,4,2,0,0,0,105,4,15,0.4171936026123168,0.23449138957040985,1,0,46.16324278892544,-0.23644552348749195,0,-0.07623802008476557,0,0.07623802008476557,-0.16012989390980115,-0.11506401180608361,2026-05-13
2025-04-16,64.86000061035156,66.30999755859375,63.79999923706055,65.8499984741211,50308,0.018246487375693565,0.005650505470664813,-0.06675169001474845,64.6979995727539,69.4433328537714,72.82190462142702,66.57437346240759,68.75053217940707,-2.176158716999481,40.547064936355966,78.39491526564765,60.491750441895135,0.2578097001975938,0.6109699640034394,-0.8911427089146204,61.540000915527344,62.97999954223633,60.439998626708984,62.470001220703125,213194,4.763428571428571,0,0,0,0,0,0,0,0,0,0,0,0,0,0,0,0,0,0,0,123.2724,-0.01765587147775083,220.962,13.563999999999993,0.52,0.27,Wed,4,2,0,0,0,106,4,16,0.4327755925504312,0.25119006388481935,1,0,50.08581085692081,-0.23644552348749195,0,-0.07623802008476557,0,0.07623802008476557,-0.12410217868025686,-0.09573913485990482,2026-05-13
2025-04-17,66.01000213623047,68.12999725341797,65.94999694824219,67.95999908447266,39781,0.032042530892096854,0.07310906552267915,-0.03984175958546454,65.6239990234375,69.30904715401786,72.61031729077536,66.78754663503298,68.6919741723749,-1.9044275373419168,47.49327322833313,78.26101962968397,60.357074678351744,0.2583204601203976,0.5213891302666777,-0.6958241053989968,62.630001068115234,64.86000061035156,62.61000061035156,64.68000030517578,111479,4.756142857142857,0,0,0,0,0,0,0,0,0,0,0,0,0,0,0,0,0,0,0,123.1298,-0.02123042338430814,220.962,13.563999999999993,0.53,0.27,Thu,4,2,0,0,0,107,4,17,0.4482293417404106,0.2678143051621742,1,0,53.64934709223056,-0.23644552348749195,0,-0.07623802008476557,0,0.07623802008476557,-0.09410820947092458,-0.06404486827512446,2026-05-13
2025-04-21,67.779998779296875,67.779998779296875,65.68000030517578,66.26000213623047,38512,-0.025014669969743997,0.023162445190235914,-0.07972219255235458,65.9239990234375,69.03571392240978,72.37968238951667,66.70638594290952,68.51182809562346,-1.8054421527139368,43.121856620863966,77.9931194860882,60.07830835873136,0.25950062814576746,0.566118168641828,-0.4875603476723487,64.30000305175781,64.41999816894531,62.45000076293945,63.08000183105469,82671,4.727,0,0,0,0,0,0,0,0,0,0,0,0,0,0,0,0,0,0,0,122.3145,-0.03130962025978101,210.816,10.915999999999997,0.67,0.38000000000000006,Mon,4,2,1,0,0,111,4,21,0.5086709438521044,0.3334687789181868,1,0,35.1407955973614,-0.23644552348749195,0,-0.07623802008476557,0,0.07623802008476557,NA,-0.08454969752910335,2026-05-13
2025-04-22,66.5999984741211,68.04000091552734,66.55000305175781,67.44000244140625,46152,0.01780863669080035,0.03945754155921177,-0.06541021315359996,66.43600006103516,68.81095195951916,72.19158717564174,66.81925001960133,68.43243360271848,-1.6131835831171486,46.78333450743443,77.6754858353063,59.94641808373201,0.25764892428757763,0.7540893071012037,-0.21654934725918712,63.43000030517578,65.089996337890625,63.43000030517578,64.30999755859375,297928,4.723428571428571,0,0,0,0,0,0,0,0,0,0,0,0,0,0,0,0,0,0,0,122.4175,-0.029938444763525807,210.816,10.915999999999997,0.65,0.34,Tue,4,2,0,0,0,112,4,22,0.5234156073655503,0.3496474552512284,1,0,41.587510953948566,-0.23644552348749195,0,-0.07623802008476557,0,0.07623802008476557,-0.1107594185403149,-0.06581909222573146,2026-05-13
2025-04-23,67.76000213623047,68.63999938964844,65.29000091552734,66.12000274658203,58914,-0.01957294850294633,0.022421596083066042,-0.09424653771805436,66.7260009765625,68.48333304268974,71.98714277479384,66.7116735160599,68.26114242818986,-1.549468912129953,43.41635294979082,77.20501718175468,59.76164890362479,0.25470968632990465,1.0135794249260641,0.06290117200914178,64,64.87000274658203,61.529998779296875,62.27000045776367,397841,4.719857142857143,0,0,0,0,0,0,0,0,0,0,0,0,0,0,0,0,0,0,0,123.0252,-0.02402392634873285,210.816,10.915999999999997,0.59,0.29,Wed,4,2,0,0,0,113,4,23,0.5380051715382996,0.36572252349726897,1,0,46.47756921501906,-0.23644552348749195,0,-0.07623802008476557,0,0.07623802008476557,-0.13045762821551532,-0.08150261007811765,2026-05-13
2025-04-24,66.220001220703125,67.029998779296875,65.80999755859375,66.55000305175781,36169,0.006503331629066134,0.010630289959867145,-0.08860577771504119,66.86600189208984,68.17523810977028,71.80079360235305,66.68680113693651,68.13439136326896,-1.4475902263324514,44.80980212225384,76.67820167663842,59.67227454290212,0.2494443379332937,0.7375828962501938,0.234879227522964,62.34000015258789,63.310001373291016,61.9900016784668,62.790000915527344,264908,4.716285714285714,0,0,0,0,0,0,0,0,0,0,0,0,0,0,0,0,0,0,0,122.9251,-0.0262309444819403,210.816,10.915999999999997,0.55,0.20000000000000007,Thu,4,2,0,0,0,114,4,24,0.5524353131676196,0.3816892202666588,1,0,50.48537195876335,-0.23644552348749195,0,-0.07623802008476557,0,0.07623802008476557,-0.1298378644000875,-0.07312997931018916,2026-05-13
2025-04-25,66.56999969482422,67.18000030517578,65.55999755859375,66.87000274658203,30729,0.0048084099196110675,-0.016038792710043825,-0.09377961896039444,66.64800262451172,67.84571438743954,71.61619047134641,66.7149859999589,68.04073294721807,-1.3257469472591765,45.877970587729585,75.96236051167938,59.72906826319971,0.2392677620840998,0.6936725433982709,0.2814507452996213,62.86000061035156,63.40999984741211,61.79999923706055,63.02000045776367,283758,4.712714285714286,0,0,0,0,0,0,0,0,0,0,0,0,0,0,0,0,0,0,0,122.8858,-0.02751447026256182,210.816,10.915999999999997,0.55,0.18000000000000005,Fri,4,2,0,0,0,115,4,25,0.5667017562911176,0.39754281428255595,1,0,53.764699900550895,-0.23644552348749195,0,-0.07623802008476557,0,0.07623802008476557,-0.10157191357781081,-0.06627255224729289,2026-05-13
2025-04-28,67.20999908447266,67.529998779296875,65.25,65.86000061035156,21525,-0.015103964329986397,-0.006036847464274242,-0.11036064168124937,66.56800231933593,67.45666685558501,71.438095213874945,66.58344978617316,67.8791972185613,-1.29574743238814,43.04612679513044,75.09759467454718,59.815739036622844,0.22654329587082303,0.5302089799296503,0.24832979977785838,63.4900016784668,63.91999816894531,61.47999954223633,62.04999923706055,276116,4.702,0,0,0,0,0,0,0,0,0,0,0,0,0,0,0,0,0,0,0,122.7176,-0.02927652317260021,224.021,23.939999999999998,0.56,0.15000000000000008,Mon,4,2,1,0,0,118,4,28,0.6084768701151261,0.4443781781046132,1,0,40.70259852140165,-0.23644552348749195,0,-0.07623802008476557,0,0.07623802008476557,-0.1192832082716595,-0.0780829134206813,2026-05-13
2025-04-29,65.75,65.80999755859375,63.88999938964844,64.25,17528,-0.02444580314957534,-0.047301339352379346,-0.12739369283329072,65.93000183105468,67.01000031970796,71.22793651762463,66.2244575113773,67.61036779496416,-1.3859102835868669,38.92185689894756,74.21974182568621,59.80025881372969,0.21518404630891613,0.46161058059486876,0.11613192715487367,61.869998931884766,62.06999969482422,60.119998931884766,60.41999816894531,312373,4.697285714285714,0,0,0,0,0,0,0,0,0,0,0,0,0,0,0,0,0,0,0,122.5944,-0.03246137758222678,224.021,23.939999999999998,0.54,0.16000000000000003,Tue,4,2,0,0,0,119,4,29,0.6220467484408675,0.45973273945210397,1,0,45.41474125877672,-0.23644552348749195,0,-0.07623802008476557,0,0.07623802008476557,-0.12010404062240065,-0.09796628765032389,2026-05-13
2025-04-30,63.54999923706055,63.75,63,63.119998931884766,79025,-0.017587565262493943,-0.04537210662551505,-0.15547229413981023,65.33000106811524,66.45666703723725,71.01428567795526,65.74684849914767,67.2777478791805,-1.530899380032821,36.29352816389437,72.91965983515853,59.99367423931598,0.1945024656231979,1.8876465150498156,0.03305502252264214,60.15999984741211,60.43000030517578,57.90999984741211,58.209999084472656,419549,4.692571428571428,0,0,0,0,0,0,0,0,0,0,0,0,0,0,0,0,0,0,0,122.5921,-0.03038507108067623,224.021,23.939999999999998,0.57,0.22999999999999993,Wed,4,2,0,0,0,120,4,30,0.6354323008901774,0.47495107206704995,1,0,48.9513988264422,-0.23644552348749195,0,-0.07623802008476557,0,0.07623802008476557,-0.12973941825155688,-0.11116477016850557,2026-05-13
2025-05-01,61.13999938964844,62.36000061035156,59.310001373291016,62.130001068115234,66984,-0.01568437706784309,-0.06641625516087535,-0.16592827426655032,64.44600067138671,65.86809576125373,70.78031739734467,65.190410432835,66.89643330058307,-1.706022867748075,34.11967077211401,71.44953419027156,60.28665733223589,0.16947319835230654,1.5387336642783798,-0.13881306071857888,58.15999984741211,59.5,56.38999938964844,59.2400016784668,364216,4.687857142857142,0,0,0,0,0,0,0,0,0,0,0,0,0,0,0,0,0,0,0,123.1405,-0.025641492280095712,224.021,23.939999999999998,0.55,0.25000000000000006,Thu,5,2,0,1,0,121,5,1,0.6486295610349814,0.49002866642905923,0,0,51.58488505705937,-0.23644552348749195,0,-0.07623802008476557,0,0.07623802008476557,-0.160858991087808,-0.12221358489632816,2026-05-13
2025-05-02,61.880001068115234,62.720001220703125,60.70000076293945,61.290000915527344,58444,-0.013520040852195825,-0.08344551520659094,-0.18225479104619513,63.33000030517578,65.21761975969586,70.53476182241289,64.59034743017227,66.48114201280116,-1.8907945826288852,32.34917512500019,69.34932154782561,61.08591797156612,0.12670507765703878,1.2873638161865448,-0.28226355248755197,58.9900016784668,59.869998931884766,57.7400016784668,58.290000915527344,322096,4.683142857142857,0,0,0,0,0,0,0,0,0,0,0,0,0,0,0,0,0,0,0,122.4962,-0.01792168143437589,224.021,23.939999999999998,0.5,0.21000000000000002,Fri,5,2,0,1,0,122,5,2,0.6616346182422783,0.5049610547215204,0,0,53.51944761768815,-0.23644552348749195,0,-0.07623802008476557,0,0.07623802008476557,-0.16247607734442027,-0.13106673458629248,2026-05-13
2025-05-05,59.5099983215332,60.77000045776367,58.40999984741211,60.22999954223633,49504,-0.017294850015616037,-0.0854843761910069,-0.14128884992369517,62.204000091552736,64.74571500505719,70.28507928999643,63.91952467818213,66.01809442238894,-2.098569744206813,30.218236719062567,68.77869793326182,60.71273207685257,0.12457914559719103,1.0646616800079143,-0.4367911621764469,56.7599983215332,57.70000076293945,55.29999923706055,57.130001068115234,308387,4.669,0,0,0,0,0,0,0,0,0,0,0,0,0,0,0,0,0,0,0,122.2613,-0.028229219738198474,206.71,-9.823999999999984,0.53,0.18000000000000005,Mon,5,2,1,1,0,125,5,5,0.6994583270516471,0.548842958284719,0,0,39.4392995048143,-0.23644552348749195,0,-0.07623802008476557,0,0.07623802008476557,-0.159033828086376,-0.14306137019882725,2026-05-13
2025-05-06,60.279998779296875,62.79999923706055,60.189998626708984,62.150001525878906,63444,0.031877834936661076,-0.0326848011536357,-0.0523025344526834,61.784000396728516,64.58238165719169,70.06206348964146,63.64729034705856,65.73156902264746,-2.084278675588905,38.16389274854338,68.74906419899591,60.41569911538746,0.12903465108862971,1.3155395570079582,-0.5229450686947344,57.25,59.84000015258789,57.029998779296875,59.09000015258789,343893,4.6822857142857135,0,0,0,0,0,0,0,0,0,0,0,0,0,0,0,0,0,0,0,122.0417,-0.03774002942563237,206.71,-9.823999999999984,0.52,0.19,Tue,5,2,0,1,0,126,5,6,0.7116566222817746,0.5631507242749186,0,0,43.97674806105369,-0.23644552348749195,0,-0.07623802008476557,0,0.07623802008476557,-0.12514075556135495,-0.1129293310770434,2026-05-13
2025-05-07,62.06999969482422,63.209999084472656,60.849998474121094,61.119998931884766,60579,-0.01657284905399803,-0.03168567860969507,-0.04812334833586873,61.38400039672852,64.43523879278274,69.84793647887214,63.258476283185665,65.38997123814653,-2.131494954960864,35.80833745501827,68.86696466209017,60.003512923475306,0.13755596944583126,1.2518106920201435,-0.5885496034726994,58.97999954223633,60.2599983215332,57.810001373291016,58.06999969482422,295238,4.695571428571428,0,0,0,0,0,0,0,0,0,0,0,0,0,0,0,0,0,0,0,122.117,-0.03743926701075451,206.71,-9.823999999999984,0.48,0.06,Wed,5,2,0,1,0,127,5,7,0.7236440382959124,0.5772916165517272,0,0,47.39659170016833,-0.23644552348749195,0,-0.07623802008476557,0,0.07623802008476557,-0.11803757228933565,-0.12495626910363256,2026-05-13
2025-05-08,60.93000030517578,63.209999084472656,60.779998779296875,62.84000015258789,56931,0.028141381720572012,0.01142763676592029,3.183772343335889e-4,61.52600021362305,64.43619119553338,69.66619043501596,63.19409534001677,65.20108449106812,-2.006989151051343,42.221629884971456,68.86646750363313,60.00591488743364,0.13750894414773684,1.1280322889360461,-0.5146595797695964,57.93000030517578,60.290000915527344,57.7400016784668,59.90999984741211,281000,4.708857142857142,0,0,0,0,0,0,0,0,0,0,0,0,0,0,0,0,0,0,0,122.7568,-0.03057143759674008,206.71,-9.823999999999984,0.47,-0.08000000000000007,Thu,5,2,0,1,0,128,5,8,0.7354170229639855,0.5912614448635781,0,0,50.475740736440535,-0.23644552348749195,0,-0.07623802008476557,0,0.07623802008476557,-0.09530663718889432,-0.0979842623775371,2026-05-13
2025-05-09,63.25,64.2699966430664,62.849998474121094,63.90999984741211,51994,0.017027366203469896,0.04274757534260387,-0.023976839172767717,62.05,64.36142912365142,69.49555545383029,63.30423449500067,65.10544859153804,-1.8012140965373646,45.84631289818845,68.77066256319318,59.952195684109654,0.13701477731548595,0.988558021743181,-0.4437365018404458,60.25,61.45000076293945,59.88999938964844,61.02000045776367,239640,4.722142857142857,0,0,0,0,0,0,0,0,0,0,0,0,0,0,0,0,0,0,0,122.5191,-0.020544572264547645,206.71,-9.823999999999984,0.49,0.06,Fri,5,2,0,1,0,129,5,9,0.7469720876965552,0.6050560696488488,0,0,53.281583194633164,-0.23644552348749195,0,-0.07623802008476557,0,0.07623802008476557,-0.0916714142550833,-0.08037284643517917,2026-05-13
2025-05-12,64.2300033569336,66.37999725341797,63.88999938964844,64.95999908447266,62946,0.016429341880260795,0.07853228587390926,0.02573815263366508,62.99599990844727,64.43904804048084,69.32238079252697,63.55896750876559,65.09467455397764,-1.5357070452120496,49.21332399819886,68.82936973117062,60.048726349791075,0.13626277309161222,1.109417162073323,-0.293582656357315,61.38999938964844,63.61000061035156,61.02000045776367,61.95000076293945,325865,4.762,0,0,0,0,0,0,0,0,0,0,0,0,0,0,0,0,0,0,0,123.4863,-0.0042736317725976525,203.579,-17.38299999999998,0.47,-0.09000000000000008,Mon,5,2,1,1,0,132,5,12,0.7802958510707755,0.6453481132295501,0,0,40.26975000587643,-0.23644552348749195,0,-0.07623802008476557,0,0.07623802008476557,-0.06235565489234929,-0.06292890778102911,2026-05-13
2025-05-13,64.91999816894531,66.80000305175781,64.6500015258789,66.62999725341797,55567,0.025708100253722055,0.07208359802973807,0.02887577293857624,63.891999053955075,64.52809542701358,69.15777757432726,64.0314336233275,65.2084021613436,-1.176968538016098,54.10129523698876,69.02043004239526,60.0357608116319,0.13923654760469004,0.9178286737427694,-0.12832993727464037,62,63.900001525878906,61.650001525878906,63.66999816894531,258795,4.767857142857142,0,0,0,0,0,0,0,0,0,0,0,0,0,0,0,0,0,0,0,122.9583,-0.005672821725411281,203.579,-17.38299999999998,0.47,-0.050000000000000044,Tue,5,2,0,1,0,133,5,13,0.7909456567567772,0.6584015846980488,0,0,45.540291349725045,-0.23644552348749195,0,-0.07623802008476557,0,0.07623802008476557,-0.04212191500880513,-0.03655091892148443,2026-05-13
2025-05-14,66.5199966430664,66.589996337890625,65.68000030517578,66.089996337890625,49980,-0.008104471526143464,0.0813154040062185,0.018649801721576154,64.88599853515625,64.58571443103608,69.01349179706877,64.34813557941413,65.27370543368042,-0.9255698542662856,52.34687824679056,69.12776973894765,60.043659123124506,0.14065201098801897,0.8671467955646777,0.03342828436212314,63.619998931884766,63.68000030517578,62.75,63.150001525878906,225626,4.773714285714285,0,0,0,0,0,0,0,0,0,0,0,0,0,0,0,0,0,0,0,122.6746,-0.008898332471561465,203.579,-17.38299999999998,0.48,-0.06000000000000005,Wed,5,2,0,1,0,134,5,14,0.8013610881746766,0.6712599575675313,0,0,49.650176480018736,-0.23644552348749195,0,-0.07623802008476557,0,0.07623802008476557,-0.06849895446643806,-0.04236121638033552,2026-05-13
2025-05-15,65.76000213623047,65.839996337890625,63.439998626708984,64.529998779296875,70642,-0.023604140490765535,0.026893676362274688,-0.0021648274874339624,65.22399826049805,64.57904779343377,68.84698389446925,64.37611453324224,65.21861605187424,-0.8425015186319911,47.54968802653137,69.12099449635348,60.03710109051407,0.14066316733092232,1.2179004225636216,0.1631865952041116,62.880001068115234,62.90999984741211,60.470001220703125,61.619998931884766,258404,4.779571428571428,0,0,0,0,0,0,0,0,0,0,0,0,0,0,0,0,0,0,0,122.8174,-0.00369101274900141,203.579,-17.38299999999998,0.49,-0.020000000000000018,Thu,5,2,0,1,0,135,5,15,0.811539059007361,0.6839194216246106,0,0,52.62238000115314,-0.23644552348749195,0,-0.07623802008476557,0,0.07623802008476557,-0.0765597980022733,-0.06270405573306714,2026-05-13
2025-05-16,64.62999725341797,65.54000091552734,64.16999816894531,65.410003662109375,38629,0.013637143955670394,0.023470565142835076,-0.006681774065410706,65.5239990234375,64.55809565952846,68.69888874841115,64.5351743992218,65.23279291189165,-0.6976185126698482,50.315742948025786,69.07943069364269,60.036760625414225,0.1400702727651449,0.689537606923044,0.2950768607003349,61.70000076293945,62.709999084472656,61.25,62.4900016784668,121556,4.785428571428572,0,0,0,0,0,0,0,0,0,0,0,0,0,0,0,0,0,0,0,123.0737,-4.556167556513113e-4,203.579,-17.38299999999998,0.45,-0.07,Fri,5,2,0,1,0,136,5,16,0.8214765533024142,0.6963762255968722,0,0,55.17718643855432,-0.23644552348749195,0,-0.07623802008476557,0,0.07623802008476557,-0.07325018468149924,-0.04787391974193822,2026-05-13
2025-05-19,65.30999755859375,66.01000213623047,64.43000030517578,65.54000091552734,43539,0.001987421589050742,0.008928599741826693,-0.03560915540827647,65.63999938964844,64.44285765148345,68.53539675757999,64.68976309403804,65.25554906030911,-0.5657859662710649,50.729110992026925,68.71660700548617,60.16910829748073,0.1326368665125246,0.7855466205744329,0.37958239880236916,62.75,63.400001525878906,61.56999969482422,62.689998626708984,95570,4.803,0,0,0,0,0,0,0,0,0,0,0,0,0,0,0,0,0,0,0,122.4186,-0.004617579978290376,200.637,-10.179000000000002,0.49,-0.040000000000000036,Mon,5,2,1,1,0,139,5,19,0.8498170915275278,0.7324940716135789,0,0,41.35812384920095,-0.23644552348749195,0,-0.07623802008476557,0,0.07623802008476557,-0.07781059241652999,-0.043705821863814553,2026-05-13
2025-05-20,65.56999969482422,66,64.8499984741211,65.37999725341797,42663,-0.0024413130893238266,-0.018760318948322863,-0.013281087450060958,65.38999938964844,64.4009526570638,68.36619035024492,64.79595296471187,65.26476744498383,-0.46881448027195916,50.17577033916201,68.6167327191533,60.18517259497429,0.13092290993080832,0.7997263201304665,0.4165932875413155,62.68000030517578,63.16999816894531,62.189998626708984,62.560001373291016,250414,4.793857142857143,0,0,0,0,0,0,0,0,0,0,0,0,0,0,0,0,0,0,0,122.3199,4.4148486074924165e-5,200.637,-10.179000000000002,0.51,-0.16000000000000003,Tue,5,2,0,1,0,140,5,20,0.8587639582758029,0.7441039398713607,0,0,46.164602411943605,-0.23644552348749195,0,-0.07623802008476557,0,0.07623802008476557,-0.07341270527786303,-0.04367938423259321,2026-05-13
2025-05-21,65.61000061035156,67.48999786376953,64.61000061035156,64.910003662109375,58658,-0.0071886450145731695,-0.017854331081340047,-0.03751480853659528,65.15400085449218,64.28047652471633,68.18253956143818,64.81349922584995,65.23848864625239,-0.42498942040244003,48.502201895287776,68.27002568535616,60.29092736407651,0.12412942082362483,1.1035294958696187,0.39760443718878763,62.27000045776367,64.19000244140625,61.279998779296875,61.56999969482422,302702,4.784714285714285,0,0,0,0,0,0,0,0,0,0,0,0,0,0,0,0,0,0,0,121.7496,-0.005455919292584821,200.637,-10.179000000000002,0.58,-0.07000000000000006,Wed,5,2,0,1,0,141,5,21,0.8674563547295968,0.7554933140726803,0,0,49.91701537676002,-0.23644552348749195,0,-0.07623802008476557,0,0.07623802008476557,-0.08293296437445652,-0.047996685373972836,2026-05-13
2025-05-22,64.63999938964844,65.0199966430664,63.529998779296875,64.44000244140625,45811,-0.007240813344422614,-0.001394643415358332,-0.025408352017387448,65.13600158691406,64.20047651018415,68.02396816677518,64.75603818208938,65.1793415199675,-0.42330333787811014,46.82039459883889,68.10149443565298,60.29945858471531,0.12152613617595238,0.8802545592194132,0.3252748761858262,61.33000183105469,61.75,60.25,61.20000076293945,258549,4.775571428571428,0,0,0,0,0,0,0,0,0,0,0,0,0,0,0,0,0,0,0,122.0429,-0.007984543004197486,200.637,-10.179000000000002,0.54,-0.04999999999999993,Thu,5,2,0,1,0,142,5,22,0.8758917051442429,0.766658819300159,0,0,52.82591365861777,-0.23644552348749195,0,-0.07623802008476557,0,0.07623802008476557,-0.10499996609157991,-0.05268680763495115,2026-05-13
2025-05-23,64.0199966430664,65.04000091552734,63.310001373291016,64.779998779296875,29810,0.005276168916966917,-0.009631628918214674,-0.026596606931548195,65.01000061035157,64.11619059244792,67.86523800804501,64.75972442781361,65.1497605762141,-0.3900361484004975,48.21915662550858,67.87800103239523,60.35438015250061,0.11734354162926221,0.598300033116238,0.2138682354937554,60.810001373291016,61.880001068115234,60.02000045776367,61.529998779296875,273392,4.7664285714285715,0,0,0,0,0,0,0,0,0,0,0,0,0,0,0,0,0,0,0,121.3837,-0.012539343063377562,200.637,-10.179000000000002,0.51,-0.040000000000000036,Fri,5,2,0,1,0,143,5,23,0.8840675099433636,0.777597146973627,0,0,55.223228524506595,-0.23644552348749195,0,-0.07623802008476557,0,0.07623802008476557,-0.10227278974886855,-0.045461259980881574,2026-05-13
2025-05-27,65.0199966430664,65.410003662109375,63.470001220703125,64.089996337890625,34117,-0.01065147351664919,-0.02212396334119049,-0.04157329586521519,64.71999969482422,63.983809334891184,67.72349197145492,64.65668933705624,65.07125952152347,-0.41457018446723737,45.59792799403753,67.52796714584711,60.439651523935254,0.11078295736991252,0.7267967005811476,0.1260440113780242,61.70000076293945,62.13999938964844,60.2599983215332,60.88999938964844,291317,4.728571428571429,0,0,0,0,0,0,0,0,0,0,0,0,0,0,0,0,0,0,0,121.6099,-0.010382810707176948,210.16,-13.86099999999999,0.51,-0.040000000000000036,Tue,5,2,0,1,0,147,5,27,0.9141279881853337,0.8190148866680801,0,0,35.35133441354132,-0.23644552348749195,0,-0.07623802008476557,0,0.07623802008476557,-0.12229527137377272,-0.053651923841963045,2026-05-13
2025-05-28,64.31999969482422,65.61000061035156,64.029998779296875,64.9000015258789,17817,0.012638558812171352,-0.007341629668146998,-0.01457636009073715,64.6240005493164,63.93809509277344,67.60238090394036,64.6941219814905,65.05857374406831,-0.364451762577815,49.096228479723955,67.40452558372324,60.47166460182363,0.10843083410352009,0.412749672200266,0.018879213437928838,61.040000915527344,62.540000915527344,60.849998474121094,61.84000015258789,260374,4.718142857142857,0,0,0,0,0,0,0,0,0,0,0,0,0,0,0,0,0,0,0,121.9888,-0.005938838438822147,210.16,-13.86099999999999,0.51,-0.050000000000000044,Wed,5,2,0,1,0,148,5,28,0.9209712877166346,0.8287700871745038,0,0,41.26810562217389,-0.23644552348749195,0,-0.07623802008476557,0,0.07623802008476557,-0.12047701964152913,-0.0399746183777373,2026-05-13
2025-05-29,65.30000305175781,66.12999725341797,63.779998779296875,64.1500015258789,10456,-0.011556240098098303,-0.011708551738599193,-0.001556396484375,64.47200012207031,63.933333260672434,67.44539678664435,64.61041114216565,64.99127209827651,-0.38086095611086535,46.1378280183818,67.39823860518699,60.46842791615788,0.10839119963876298,0.26663810558420165,-0.0696262150020392,61.83000183105469,63.06999969482422,60.54999923706055,60.939998626708984,299859,4.707714285714286,0,0,0,0,0,0,0,0,0,0,0,0,0,0,0,0,0,0,0,121.5617,-0.008423712665505012,210.16,-13.86099999999999,0.51,-0.030000000000000027,Thu,5,2,0,1,0,149,5,29,0.9275416835791966,0.8382797052177744,0,0,45.84692382492927,-0.23644552348749195,0,-0.07623802008476557,0,0.07623802008476557,-0.13345937344768666,-0.04886019532496855,2026-05-13
2025-05-30,63.81999969482422,64.5199966430664,63.70000076293945,63.900001525878906,63546,-0.0038971160413635575,-0.008379902158109798,0.012357455754013369,64.36399993896484,63.97047624133882,67.298095218719,64.50111735504461,64.91043724106187,-0.4093198860172578,45.1609610290484,67.41542825508645,60.52552422759119,0.10770443542583615,1.650348270076822,-0.13575803316556523,60.939998626708984,61.720001220703125,59.7400016784668,60.790000915527344,384927,4.697285714285714,0,0,0,0,0,0,0,0,0,0,0,0,0,0,0,0,0,0,0,121.7674,-0.006727187151537528,210.16,-13.86099999999999,0.52,-0.04999999999999993,Fri,5,2,0,1,0,150,5,30,0.9338372288229252,0.8475409228928311,0,0,49.4575207497751,-0.23644552348749195,0,-0.07623802008476557,0,0.07623802008476557,-0.1321471695028128,-0.05049316302038387,2026-05-13
2025-06-02,63.040000915527344,65.70999908447266,62.970001220703125,64.62999725341797,57349,0.011424033022024549,-0.0023155530828266047,0.04023814811401505,64.33399963378906,64.0895236787342,67.18714275057354,64.52094503171745,64.8896639086438,-0.3687188769263514,48.58421966650265,67.43880637351774,60.74024098395066,0.10451888241743557,1.420352382320453,-0.14637352241264562,61.11000061035156,63.880001068115234,61.060001373291016,62.52000045776367,403580,4.666,0,0,0,0,0,0,0,0,0,0,0,0,0,0,0,0,0,0,0,121.1881,-0.015855059870635513,207.512,0.8019999999999925,0.52,-0.030000000000000027,Mon,6,2,1,1,0,153,6,2,0.9510565162951535,0.8738071036110808,0,1,38.247635661677634,-0.23644552348749195,0,-0.07623802008476557,0,0.07623802008476557,-0.13526894433124437,-0.0380600423305506,2026-05-13
2025-06-03,65.029998779296875,65.94000244140625,64.5199966430664,65.62999725341797,43536,0.01547269135845597,0.024028725285117236,0.07081083819646539,64.64199981689453,64.2961901710147,67.1012696765718,64.6915684504406,64.9445034156641,-0.2529349652235027,52.91984848317925,67.44983162688142,61.14254871514798,0.09809730397644646,1.0782563038217963,-0.07191214089865032,63.02000045776367,63.88999938964844,62.400001525878906,63.40999984741211,291260,4.655857142857143,0,0,0,0,0,0,0,0,0,0,0,0,0,0,0,0,0,0,0,121.4592,-0.008465568727846318,207.512,0.8019999999999925,0.5,0,Tue,6,2,0,1,0,154,6,3,0.9562348265919056,0.8820480249558537,0,1,43.72224613311157,-0.23644552348749195,0,-0.07623802008476557,0,0.07623802008476557,-0.11894215148931953,-0.021926148793388944,2026-05-13
2025-06-04,65.61000061035156,65.95999908447266,64.279998779296875,64.86000061035156,56182,-0.01173238877480387,-6.163469119703224e-4,0.07687200902049551,64.63399963378906,64.51666641235352,67.03079344734313,64.7174810904269,64.93824394860391,-0.2207628581770109,49.461293773544,67.06580128167107,61.96753154303595,0.07902252273931673,1.3463796665085004,-0.03285728706108254,63.36000061035156,63.959999084472656,62.16999816894531,62.849998474121094,321128,4.645714285714286,0,0,0,0,0,0,0,0,0,0,0,0,0,0,0,0,0,0,0,121.0539,-0.009875569783733718,207.512,0.8019999999999925,0.5,-0.030000000000000027,Wed,6,2,0,1,0,155,6,4,0.9611297838723007,0.8900275764346767,0,1,47.94750696480985,-0.23644552348749195,0,-0.07623802008476557,0,0.07623802008476557,-0.13462303867548409,-0.03238500881981743,2026-05-13
2025-06-05,64.910003662109375,65.86000061035156,64.62999725341797,65.339996337890625,38658,0.0074004890999408435,0.01855019148412107,0.05132734889287849,64.8719985961914,64.66857092721122,66.96539657834977,64.81325266695978,64.96800338484738,-0.15475071788759465,51.58544403037618,66.99591438175115,62.3412274726713,0.07197757492304893,0.9730619559909587,-0.02611018589564832,62.7599983215332,63.97999954223633,62.5,63.369998931884766,232423,4.635571428571429,0,0,0,0,0,0,0,0,0,0,0,0,0,0,0,0,0,0,0,120.9596,-0.00886664148401739,207.512,0.8019999999999925,0.48,-0.040000000000000036,Thu,6,2,0,1,0,156,6,5,0.9657399376548549,0.8977433935342337,0,1,51.42751293088093,-0.23644552348749195,0,-0.07623802008476557,0,0.07623802008476557,-0.06843460355755604,-0.024272240940997336,2026-05-13
2025-06-06,65.19999694824219,66.66999816894531,64.81999969482422,66.470001220703125,39490,0.01729422935637981,0.0402190865955363,0.0875327614907302,65.38599853515625,64.92333294096447,66.90365055629185,65.06813705984338,65.07926248379965,-0.011125423956272584,56.24763714176533,66.73288804189733,63.113777840031624,0.05574436859482553,1.0100751737385572,0.038373490218276865,63.33000183105469,64.80000305175781,62.81999969482422,64.58000183105469,310133,4.6254285714285714,0,0,0,0,0,0,0,0,0,0,0,0,0,0,0,0,0,0,0,121.161,-0.007828557858447271,207.512,0.8019999999999925,0.47,-0.010000000000000009,Fri,6,2,0,1,0,157,6,6,0.9700639218515071,0.9051931898913974,0,1,54.437984142028824,-0.23644552348749195,0,-0.07623802008476557,0,0.07623802008476557,0.013571201049082493,-0.00648169915965735,2026-05-13
2025-06-09,66.5999984741211,67.12999725341797,66.08000183105469,67.04000091552734,35213,0.0085752923778597,0.037289242836567205,0.06683642190867323,65.86799926757813,65.12333297729492,66.86809503464471,65.37150072994861,65.22450236763133,0.1469983623172766,58.422594167404625,66.89378240152594,63.3528835530639,0.0543721994342115,0.8884005611004027,0.11876916570977678,64.80000305175781,65.43000030517578,64.19999694824219,65.29000091552734,235900,4.595,0,0,0,0,0,0,0,0,0,0,0,0,0,0,0,0,0,0,0,120.9103,-0.015041936577036785,243.98,40.40099999999998,0.48,0.010000000000000009,Mon,6,2,1,1,0,160,6,9,0.9813064702716093,0.9259247771938498,0,1,41.28304083419543,-0.23644552348749195,0,-0.07623802008476557,0,0.07623802008476557,0.044074160900261505,0.0025708206700605363,2026-05-13
2025-06-10,67.11000061035156,68,66.4800033569336,66.87000274658203,40266,-0.0025357721751751994,0.01889388305740769,0.04631517612638181,66.11600036621094,65.26428549630302,66.82539670429533,65.60203950173836,65.34639128459064,0.2556482171477228,57.504462388955076,67.09916499930918,63.429405993296854,0.05622920680285707,1.000365205595844,0.1824394980629723,65.45999908447266,66.279998779296875,64.56999969482422,64.9800033569336,279021,4.587857142857143,0,0,0,0,0,0,0,0,0,0,0,0,0,0,0,0,0,0,0,121.0485,-0.012003026466893663,243.98,40.40099999999998,0.46,-0.02999999999999997,Tue,6,2,0,1,0,161,6,10,0.9844738167520922,0.9322892131745133,0,1,46.40320737880224,-0.23644552348749195,0,-0.07623802008476557,0,0.07623802008476557,0.06446996293270435,6.675013465926583e-4,2026-05-13
2025-06-11,66.56999969482422,69.95999908447266,66.470001220703125,69.7699966430664,58118,0.04336763537268751,0.0757014490673813,0.07404552996281488,67.0979995727539,65.4933329990932,66.80666654072111,66.24326367732729,65.67406575558884,0.56919792173845,67.02474547350155,68.17441631526155,62.81224968292485,0.0818734730206958,1.3124697954445885,0.30692302997295673,64.76000213623047,68.37000274658203,64.5999984741211,68.1500015258789,378473,4.5807142857142855,0,0,0,0,0,0,0,0,0,0,0,0,0,0,0,0,0,0,0,120.587,-0.02347871788206457,243.98,40.40099999999998,0.47,0,Wed,6,2,0,1,0,162,6,11,0.9873494423939864,0.9383773917408641,0,1,51.08561379458939,-0.23644552348749195,0,-0.07623802008476557,0,0.07623802008476557,0.06551608225717276,0.04435680233407591,2026-05-13
2025-06-12,70.36000061035156,70.61000061035156,68.37000274658203,69.36000061035156,60336,-0.00587639461719236,0.06152440308800178,0.040972586964853175,67.9020004272461,65.62333315894718,66.7984126257518,66.72276166702333,65.94709796705274,0.7756636999705933,64.81398095676568,68.76165279395164,62.48501352394271,0.09564645634207873,1.2246140606542804,0.382835237272492,69.029998779296875,69.29000091552734,66.720001220703125,68.04000091552734,379394,4.573571428571428,0,0,0,0,0,0,0,0,0,0,0,0,0,0,0,0,0,0,0,120.1723,-0.02265808814858361,243.98,40.40099999999998,0.46,-0.009999999999999953,Thu,6,2,0,1,0,163,6,12,0.989932495087353,0.9441875088341993,0,1,54.74965144115023,-0.23644552348749195,0,-0.07623802008476557,0,0.07623802008476557,0.09521551563164476,0.03834803678571608,2026-05-13
2025-06-13,70.2699966430664,78.529998779296875,69.91999816894531,74.2300033569336,175031,0.07021341845050699,0.11674442596239176,0.12316549357071382,69.4540008544922,66.01095254080636,66.85634915790861,67.87772192700953,66.56064651445132,1.3170754125582107,75.25476528477105,70.90885052958782,61.113054552024884,0.14839652512978688,2.897005688711458,0.587472685090788,68.9000015258789,77.62000274658203,68.48999786376953,72.9800033569336,715652,4.566428571428571,0,0,0,0,0,0,0,0,0,0,0,0,0,0,0,0,0,0,0,120.3245,-0.019157184942930283,243.98,40.40099999999998,0.45,-0.02999999999999997,Fri,6,2,0,1,0,164,6,13,0.9922222094179323,0.9497178427914316,0,1,58.66331628616834,-0.23644552348749195,0,-0.07623802008476557,0,0.07623802008476557,0.14623225615066904,0.11029100888547005,2026-05-13
2025-06-16,76.80999755859375,78.4800033569336,70.63999938964844,73.2300033569336,100509,-0.013471641583949756,0.09233297071707769,0.13482108697060657,70.69200134277344,66.42523847307477,66.89063493032305,68.70114983930554,67.05467294722779,1.6464768920777573,70.62081676568317,72.19176610549725,60.65871084065228,0.17362459706516298,1.5526486122418084,0.6992528894445398,76.54000091552734,77.48999786376953,69.37999725341797,71.7699966430664,367312,4.545,0,0,0,0,0,0,0,0,0,0,0,0,0,0,0,0,0,0,0,120.1565,-0.02166549690841857,234.859,34.22200000000001,0.49,0,Mon,6,2,1,1,0,167,6,16,0.9973249731081555,0.9646141756912435,0,1,44.81796166567717,-0.23644552348749195,0,-0.07623802008476557,0,0.07623802008476557,0.12869923639023795,0.09477213713420385,2026-05-13
2025-06-17,72.80999755859375,77.08000183105469,72.529998779296875,76.44999694824219,88748,0.04397096058583916,0.14326295510956633,0.16878141978347028,72.60800018310547,66.9509524390811,66.98412698412699,69.89328016375734,67.75062287322885,2.14265729052849,75.79029182434722,74.16102049404937,59.740884384112846,0.21538358431954274,1.2814651917331719,0.8895605233999392,71.11000061035156,75.54000091552734,71,74.839996337890625,154264,4.548,0,0,0,0,0,0,0,0,0,0,0,0,0,0,0,0,0,0,0,120.5048,-0.020872859107997854,234.859,34.22200000000001,0.45,0,Tue,6,2,0,1,0,168,6,17,0.9984354211555643,0.9690098257244062,0,1,51.16738115118526,-0.23644552348749195,0,-0.07623802008476557,0,0.07623802008476557,0.18215554527344424,0.1413151203173597,2026-05-13
2025-06-18,77.19000244140625,77.43000030517578,74.44000244140625,76.69999694824219,0,0.0032701113143176475,0.09932636718658161,0.17027763010102248,73.99400024414062,67.48238082159133,67.07809520903088,70.9404673613704,68.41353947137799,2.5269278899924075,76.14130474354998,75.81362025862191,59.15114138456075,0.2469159900880366,0,1.0115165291251729,75.61000061035156,76.06999969482422,72.94000244140625,75.13999938964844,0,4.551,0,0,0,0,0,0,0,0,0,0,0,0,0,0,0,0,0,0,0,120.7305,-0.013789571192612815,234.859,34.22200000000001,0.44,-0.04999999999999999,Wed,6,2,0,1,0,169,6,18,0.9992500112396835,0.9731183372332619,0,1,56.295874095660594,-0.23644552348749195,0,-0.07623802008476557,0,0.07623802008476557,0.16476839370596363,0.143443276217478,2026-05-13
2025-06-20,76.12000274658203,79.0199966430664,75.529998779296875,77.01000213623047,98821,0.004041788791692813,0.11029413867590399,0.17788322684893498,75.52400054931641,68.03619057791573,67.1576190524631,71.8742419421181,69.05031448358929,2.8239274585288143,76.59447927155207,77.27699675338448,58.795384402446984,0.2716438441651457,1.418757501450041,1.078923252650669,74.5999984741211,77.58000183105469,74.30000305175781,74.93000030517578,678377,4.5569999999999995,0,0,0,0,0,0,0,0,0,0,0,0,0,0,0,0,0,0,0,121.0408,-0.0104570065868268,234.859,34.22200000000001,0.48,-0.030000000000000027,Fri,6,2,0,1,0,171,6,20,0.9999907397361901,0.980469160361632,0,1,51.360218676743365,-0.23644552348749195,0,-0.07623802008476557,0,0.07623802008476557,NA,0.14670536601469952,2026-05-13
2025-06-23,80.01000213623047,81.4000015258789,69.54000091552734,71.4800033569336,100475,-0.07180883814954742,-0.037047014355861996,0.10121705937692616,74.9740005493164,68.3490477062407,67.14682539682539,71.81358985208972,69.23029143717035,2.583298414919369,56.11777695959181,77.5901929215228,59.1079024909586,0.2704103575809828,1.3263728734800673,0.9547694279597359,78,78.4000015258789,66.5999984741211,68.51000213623047,728868,4.566,0,0,0,0,0,0,0,0,0,0,0,0,0,0,0,0,0,0,0,121.1694,-0.004765518736817298,227.516,17.355999999999995,0.5,-0.07999999999999996,Mon,6,2,1,1,0,174,6,23,0.9988797155850336,0.9893142039703663,0,0,40.60518629660496,-0.23644552348749195,0,-0.07623802008476557,0,0.07623802008476557,0.07878057730772192,0.0645328790229458,2026-05-13
2025-06-24,70.5999984741211,70.7300033569336,66.80999755859375,67.13999938964844,62358,-0.060716336925915604,-0.08316268862643084,0.041899392395231994,73.75599975585938,68.47761898949032,67.0538095141214,71.09457593479107,69.07545498920577,2.0191209455853,45.77493168331305,77.56417879314077,59.39105918583987,0.2653877263181425,0.7947116083103298,0.7094726059463011,67.73999786376953,67.83000183105469,64,64.37000274658203,541475,4.553857142857143,0,0,0,0,0,0,0,0,0,0,0,0,0,0,0,0,0,0,0,120.3645,-0.01375254111464086,227.516,17.355999999999995,0.55,0.010000000000000009,Tue,6,2,0,1,0,175,6,24,0.9979171608653922,0.99167731989929,0,0,45.91496030803133,-0.23644552348749195,0,-0.07623802008476557,0,0.07623802008476557,-0.004448443666923985,0.0012853837261683765,2026-05-13
2025-06-25,67.91999816894531,68.76000213623047,67.31999969482422,67.68000030517578,23618,0.008042909151569022,-0.11471546099607866,0.04476692776360047,72.00200042724609,68.61571430024647,66.96904766748823,70.56925660715794,68.97208797557391,1.5971686315840259,47.08180545170026,77.55317668127395,59.67825191921898,0.26050774147505695,0.3075204358253886,0.4475825047754976,65.12000274658203,66.029998779296875,64.51000213623047,64.91999816894531,278504,4.541714285714286,0,0,0,0,0,0,0,0,0,0,0,0,0,0,0,0,0,0,0,120.3336,-0.008651079181142163,227.516,17.355999999999995,0.55,0.040000000000000036,Wed,6,2,0,1,0,176,6,25,0.9966589017541702,0.993746580436178,0,0,50.2732187151899,-0.23644552348749195,0,-0.07623802008476557,0,0.07623802008476557,0.023593428520757076,0.010616137789767333,2026-05-13
2025-06-26,67.75,69.04000091552734,67.38999938964844,67.7300033569336,13057,7.388157732319822e-4,-0.11694907364027174,0.05679524460966401,70.20800170898437,68.78904796781994,66.87285723005023,70.13244841481573,68.88008170752649,1.2523667072892408,47.20868240242317,77.49608643213278,60.08200950350709,0.2531518816305197,0.18060648479223407,0.19054949414599065,64.9800033569336,66.41999816894531,64.660003662109375,65.23999786376953,233771,4.529571428571429,0,0,0,0,0,0,0,0,0,0,0,0,0,0,0,0,0,0,0,119.6451,-0.016156579357437195,227.516,17.355999999999995,0.56,0.050000000000000044,Thu,6,2,0,1,0,177,6,26,0.9951053111006976,0.9955213724144752,0,0,53.769025470731805,-0.23644552348749195,0,-0.07623802008476557,0,0.07623802008476557,0.017731033073853597,0.012817549038389053,2026-05-13
2025-06-27,67.95999908447266,68.410003662109375,67.20999908447266,67.7699966430664,8218,5.904810888912593e-4,-0.1199844856103045,0.044221803539451265,68.36000061035156,68.92571440197173,66.77349211677672,69.76899429608507,68.79785318423315,0.9711411118519209,47.31748005300659,77.46484955105242,60.386579252891046,0.247777922163587,0.12250404346821499,-0.03859346829927932,65.30000305175781,66.089996337890625,64.80000305175781,65.5199966430664,236284,4.517428571428571,0,0,0,0,0,0,0,0,0,0,0,0,0,0,0,0,0,0,0,119.659,-0.019098474614062888,227.516,17.355999999999995,0.56,0.050000000000000044,Fri,6,2,0,1,0,178,6,27,0.9932568492674143,0.9970011699250151,0,0,56.571640097664236,-0.23644552348749195,0,-0.07623802008476557,0,0.07623802008476557,0.013458858374734817,0.014923654502702277,2026-05-13
2025-06-30,67.16999816894531,68.12000274658203,67.11000061035156,67.61000061035156,32957,-0.0023608682402260772,-0.05414105434854655,0.05393607174080661,67.58600006103515,69.09047626313709,66.67793661450582,69.43684142135683,68.70986410468636,0.7269773166704709,46.901045890302214,77.37223620760685,60.80871631866734,0.23973665814454517,0.6232872696738224,-0.25923081282730914,65.1500015258789,65.81999969482422,64.5,65.11000061035156,193289,4.481,0,0,0,0,0,0,0,0,0,0,0,0,0,0,0,0,0,0,0,119.4088,-0.017710347913857727,230.392,22.879999999999995,0.52,0.010000000000000009,Mon,6,2,1,1,0,181,6,30,0.9859481499638304,0.9996666485105112,0,0,42.48774110424727,-0.23644552348749195,0,-0.07623802008476557,0,0.07623802008476557,0.026571515089311104,0.013978596866822679,2026-05-13
2025-07-01,66.589996337890625,67.4800033569336,66.339996337890625,67.11000061035156,29256,-0.007395355649848168,-4.468093471787782e-4,0.05023472625697267,67.58000030517579,69.24333336239769,66.55682554699126,69.0788659119714,68.5913556976986,0.4875102142728025,45.55184629997738,77.23618421242108,61.250482512374305,0.23086268271318874,0.6394642279479266,-0.5022637000450721,64.95999908447266,65.9800033569336,64.66999816894531,65.44999694824219,193162,4.476714285714285,0,0,0,0,0,0,0,0,0,0,0,0,0,0,0,0,0,0,0,119.3436,-0.01990516345097293,230.392,22.879999999999995,0.48,-0.040000000000000036,Tue,7,3,0,1,0,182,7,1,0.9829265519799822,0.9999629591162655,0,0,47.41263984475018,-0.23644552348749195,0,-0.07623802008476557,0,0.07623802008476557,0.04451362817667803,0.00831131982053046,2026-05-13
2025-07-02,67.20999908447266,69.19999694824219,66.94000244140625,69.11000061035156,50268,0.029801817639851125,0.021128846021391423,0.06931770922668057,67.86600036621094,69.45666685558501,66.47142876519098,69.08365586556836,68.6297738393766,0.45388202619176354,51.5550964867505,77.16649819428918,61.74683551688085,0.22200406923454938,1.1996334373836592,-0.5936044713953048,65.55999755859375,67.58000183105469,65.2300033569336,67.44999694824219,265200,4.472428571428571,0,0,0,0,0,0,0,0,0,0,0,0,0,0,0,0,0,0,0,119.3037,-0.01554938149867846,230.392,22.879999999999995,0.52,0,Wed,7,3,0,1,0,183,7,2,0.9796136916454901,0.9999629591162655,0,0,51.750883186293606,-0.23644552348749195,0,-0.07623802008476557,0,0.07623802008476557,0.0948986340277167,0.03969482669736624,2026-05-13
2025-07-03,69.0199966430664,69.12999725341797,68.30999755859375,68.80000305175781,0,-0.004485567296425685,0.015798016267404735,0.048301172192640296,68.08000030517579,69.60761951264881,66.373809814453125,69.04001697113597,68.6423834106641,0.39763356047187415,50.62341453736514,77.12449097177681,62.09074805352082,0.21597840902351384,0,-0.7044175871125957,67.5,67.58000183105469,66.529998779296875,67,0,4.4681428571428565,0,0,0,0,0,0,0,0,0,0,0,0,0,0,0,0,0,0,0,119.2382,-0.018285975866793036,230.392,22.879999999999995,0.47,-0.030000000000000027,Thu,7,3,0,1,0,184,7,3,0.9760105506323683,0.9996666485105112,0,0,55.159664529660056,-0.23644552348749195,0,-0.07623802008476557,0,0.07623802008476557,0.10735557490704095,0.03655347258334385,2026-05-13
2025-07-04,68.80999755859375,68.910003662109375,67.75,68.29000091552734,0,-0.00741282141872579,0.007673075080698588,0.052883137109134726,68.18400115966797,69.77095286051433,66.34444475930835,68.92462988565772,68.61628100361693,0.30834888204078936,49.0528396953277,76.99802395132659,62.543881769702075,0.20716561246513499,0,-0.666791123610279,67.12999725341797,67.18000030517578,66.04000091552734,66.5,0,4.463857142857143,0,0,0,0,0,0,0,0,0,0,0,0,0,0,0,0,0,0,0,119.2382,-0.018285975866793036,230.392,22.879999999999995,0.47,-0.030000000000000027,Fri,7,3,0,1,0,185,7,4,0.9721181966290613,0.99907411510223,0,0,57.77467243161802,-0.23644552348749195,0,-0.07623802008476557,0,0.07623802008476557,0.11421112572094283,0.029325080091894717,2026-05-13
2025-07-07,67.61000061035156,69.93000030517578,67.36000061035156,69.58000183105469,59456,0.018890040975735767,0.029137719315469157,0.06489142532604153,68.5780014038086,69.97285788399833,66.40793682280041,69.02545633879572,68.68766773157529,0.3377886072204319,53.022891637859324,76.91115437434625,63.03456139365041,0.1983139377228324,2.1296044242589223,-0.5991646232185779,65.69999694824219,68.31999969482422,65.4000015258789,67.93000030517578,332949,4.451,0,0,0,0,0,0,0,0,0,0,0,0,0,0,0,0,0,0,0,119.6201,-0.011844310674831715,241.361,-2.6189999999999998,0.5,0,Mon,7,3,1,1,0,188,7,7,0.9587178169872964,0.9955213724144752,0,0,43.48983690712182,-0.23644552348749195,0,-0.07623802008476557,0,0.07623802008476557,0.15523829254326427,0.04776635384289163,2026-05-13
2025-07-08,69.54000091552734,70.660003662109375,69.05000305175781,70.1500015258789,34109,0.008192004596496272,0.04529877645476321,0.055363325373756433,69.18600158691406,70.1480959937686,66.5022225758386,69.19846329065467,68.79598875337555,0.40247453727911875,54.702543632331036,76.89815213736779,63.39803985016942,0.1924515854057908,1.3592546395737608,-0.3930548196310529,67.95999908447266,68.910003662109375,67.33000183105469,68.33000183105469,219882,4.4438571428571425,0,0,0,0,0,0,0,0,0,0,0,0,0,0,0,0,0,0,0,119.8371,-0.00927995793636871,241.361,-2.6189999999999998,0.52,0.040000000000000036,Tue,7,3,0,1,0,189,7,8,0.9536809966304457,0.9937465804361781,0,0,48.81014020383704,-0.23644552348749195,0,-0.07623802008476557,0,0.07623802008476557,0.1287208335251424,0.054851985523948654,2026-05-13
2025-07-09,69.9000015258789,70.69999694824219,69.61000061035156,70.19000244140625,42186,5.702197385211161e-4,0.01562728724521123,0.046986895627403324,69.402001953125,70.29809606642951,66.61920674641927,69.35100777538568,68.89924902656301,0.45175874882266953,54.824615300810834,76.89635781307018,63.699834319788835,0.18772234572058744,1.5653025709907349,-0.14986808693015952,68.18000030517578,68.94000244140625,67.69999694824219,68.37999725341797,223945,4.436714285714285,0,0,0,0,0,0,0,0,0,0,0,0,0,0,0,0,0,0,0,119.7311,-0.011801652346877356,241.361,-2.6189999999999998,0.48,0.010000000000000009,Wed,7,3,0,1,0,190,7,9,0.9483615800121715,0.99167731989929,0,0,53.07399203816728,-0.23644552348749195,0,-0.07623802008476557,0,0.07623802008476557,0.14839665687215664,0.05360009326708037,2026-05-13
2025-07-10,70.19000244140625,70.48999786376953,68.529998779296875,68.63999938964844,52295,-0.022082960504976934,-0.0023256345205246998,0.02646921744229891,69.37000122070313,70.38238162086124,66.66936541360522,69.24162186988764,68.88004534975452,0.3615765201331129,49.28243640123628,76.84045511095833,63.924308130764146,0.18351392326806198,1.6937926120261058,0.0878681560139066,68.29000091552734,68.6500015258789,66.44999694824219,66.56999969482422,258654,4.429571428571428,0,0,0,0,0,0,0,0,0,0,0,0,0,0,0,0,0,0,0,119.8343,-0.008899159128709533,241.361,-2.6189999999999998,0.49,0.010000000000000009,Thu,7,3,0,1,0,191,7,10,0.9427611433904207,0.9893142039703664,0,0,56.31499067951341,-0.23644552348749195,0,-0.07623802008476557,0,0.07623802008476557,0.0922978870620148,0.02955831308454404,2026-05-13
2025-07-11,68.98999786376953,70.69000244140625,68.55999755859375,70.36000061035156,40262,0.02505829306523144,0.030311900235361566,0.008456413869467827,69.78400115966797,70.41047704787482,66.78095269581628,69.41368013765131,68.98967166535431,0.4240084722970039,54.74899560706799,76.86249185183608,63.95846224391356,0.1832686007673059,1.1814348467820264,0.22923085977743,66.8499984741211,68.7699966430664,66.5,68.44999694824219,226297,4.422428571428571,0,0,0,0,0,0,0,0,0,0,0,0,0,0,0,0,0,0,0,119.9214,-0.009311143880345485,241.361,-2.6189999999999998,0.53,0.07,Fri,7,3,0,1,0,192,7,11,0.9368813462954315,0.9866579328916572,0,0,59.111611380861085,-0.23644552348749195,0,-0.07623802008476557,0,0.07623802008476557,0.10092318539100464,0.05359384330495631,2026-05-13
2025-07-14,70.529998779296875,71.51000213623047,69.0199966430664,69.20999908447266,62179,-0.01634453547332282,-0.005317659339538761,-0.0021626517381622135,69.71000061035156,70.40333411807106,66.8515875680106,69.38234459100843,69.00599221491863,0.3763523760897982,50.806010707278844,76.86056340464792,63.9461048314942,0.18343532639370905,1.680463553786239,0.19958241221668968,68.68000030517578,69.6500015258789,66.80000305175781,66.9800033569336,263877,4.401,0,0,0,0,0,0,0,0,0,0,0,0,0,0,0,0,0,0,0,120.2209,-0.0030359823198189417,261.111,26.25199999999998,0.53,0.06000000000000005,Mon,7,3,1,1,0,195,7,14,0.9175836260593937,0.9769384927771817,0,0,44.10291844344565,-0.23644552348749195,0,-0.07623802008476557,0,0.07623802008476557,0.06542487776936978,0.03527831727350916,2026-05-13
2025-07-15,69.0999984741211,69.4000015258789,68.55999755859375,68.70999908447266,51233,-0.007224389634649997,-0.020527475553582475,-0.07436351910046535,69.42200012207032,70.14047677176339,66.91238124786861,69.27890682077216,68.98406679784856,0.29484002292360856,49.148650798838645,76.38950970006226,63.891443843464515,0.1781862118968248,1.3070042960498789,0.16435157859718302,66.86000061035156,67.12999725341797,66.220001220703125,66.5199966430664,252724,4.397714285714286,0,0,0,0,0,0,0,0,0,0,0,0,0,0,0,0,0,0,0,120.5105,0.0028142924783829404,261.111,26.25199999999998,0.55,0.09000000000000002,Tue,7,3,0,1,0,196,7,15,0.9106046300942163,0.973118337233262,0,0,49.02725767073805,-0.23644552348749195,0,-0.07623802008476557,0,0.07623802008476557,0.031217198210945263,0.02686524979502658,2026-05-13
2025-07-16,68.9000015258789,69.06999969482422,67.70999908447266,68.5199966430664,55511,-0.002765280802473291,-0.023792644824794595,-0.06431799123249982,69.08799896240234,69.91619073776971,66.97349233475943,69.16215140881744,68.94969123082765,0.212460177989783,48.50116865312334,76.03626353628951,63.79611793924991,0.17506882837693416,1.397448839592076,0.12081308888864785,66.7300033569336,67.01000213623047,65.41999816894531,66.37999725341797,248346,4.394428571428572,0,0,0,0,0,0,0,0,0,0,0,0,0,0,0,0,0,0,0,120.4175,7.729099227506975e-4,261.111,26.25199999999998,0.58,0.12999999999999995,Wed,7,3,0,1,0,197,7,16,0.9033558023246845,0.9690098257244063,0,0,52.927369409793315,-0.23644552348749195,0,-0.07623802008476557,0,0.07623802008476557,0.036768050231871685,0.023091289619136868,2026-05-13
2025-07-17,68.69000244140625,69.62000274658203,68.29000091552734,69.5199966430664,50817,0.014594279757618622,0.012820472920206383,-0.09064748962472158,69.26399841308594,69.58619072323754,67.03174627394904,69.21720452177881,68.99193607617867,0.22526844560013615,52.07936573012216,74.92390374023579,64.24847770623929,0.1534129965017838,1.1341865157304574,0.10369198977292012,66.5999984741211,67.69000244140625,66.29000091552734,67.54000091552734,188802,4.3911428571428575,0,0,0,0,0,0,0,0,0,0,0,0,0,0,0,0,0,0,0,120.6384,0.004010602838797839,261.111,26.25199999999998,0.56,0.07000000000000006,Thu,7,3,0,1,0,198,7,17,0.895839290734909,0.9646141756912435,0,0,56.249227549924036,-0.23644552348749195,0,-0.07623802008476557,0,0.07623802008476557,0.0773283427578566,0.03712047660146345,2026-05-13
2025-07-18,69.55999755859375,70.779998779296875,69.13999938964844,69.279998779296875,52366,-0.00345221339698476,-0.015349656362791397,-0.09674052756419782,69.047998046875,69.23285747709728,67.05269865005735,69.22686517678159,69.01327405418743,0.2135911225941527,51.16062123141386,73.45947985718742,65.00623509700715,0.12209874138123884,1.0464535364718013,0.06674690665779291,67.5999984741211,68.95999908447266,67.19999694824219,67.339996337890625,107628,4.3878571428571425,0,0,0,0,0,0,0,0,0,0,0,0,0,0,0,0,0,0,0,120.356,-0.0012348055845079475,261.111,26.25199999999998,0.56,0.11000000000000004,Fri,7,3,0,1,0,199,7,18,0.8880573226294932,0.9599326896597445,0,0,58.85819318861628,-0.23644552348749195,0,-0.07623802008476557,0,0.07623802008476557,0.05916518728815334,0.033217158654025525,2026-05-13
2025-07-21,69.220001220703125,69.62000274658203,68.41999816894531,69.20999908447266,41204,-0.0010103882225404037,0,-0.10128558414996058,69.047998046875,68.86142876034691,67.09952399844215,69.22427039334944,69.027846278653,0.19642411469644117,50.87869306542979,71.13919442222962,66.5836630984642,0.06615505088661004,0.8545675519846028,0.0039776644863925145,67.31999969482422,67.76000213623047,66.45999908447266,67.19999694824219,81194,4.378,0,0,0,0,0,0,0,0,0,0,0,0,0,0,0,0,0,0,0,119.9961,-0.0060829699206084165,216.023,-11.492999999999995,0.53,0.09000000000000002,Mon,7,3,1,1,0,202,7,21,0.8631421280499114,0.9441875088341994,0,0,43.98037368168773,-0.23644552348749195,0,-0.07623802008476557,0,0.07623802008476557,0.055996309393945065,0.031452906969645644,2026-05-13
2025-07-22,69.029998779296875,69.0999984741211,68.11000061035156,68.589996337890625,50140,-0.008958282831723507,-0.0017465106706594513,-0.04043098605650297,69.0239974975586,68.72380937848773,67.11777786981492,69.1266897694327,68.99541294970764,0.1312768197250591,48.33788171109255,70.66082273491055,66.7867960220649,0.05637095422795808,1.0064372642730828,-0.01980263846261098,67.12000274658203,67.12999725341797,65.98999786376953,66.20999908447266,269991,4.3751428571428574,0,0,0,0,0,0,0,0,0,0,0,0,0,0,0,0,0,0,0,119.681,-0.011234228458503304,216.023,-11.492999999999995,0.52,0.040000000000000036,Tue,7,3,0,1,0,203,7,22,0.854322169749827,0.9383773917408642,0,0,48.905053738406565,-0.23644552348749195,0,-0.07623802008476557,0,0.07623802008476557,0.04909757141821913,0.021934851164639335,2026-05-13
2025-07-23,68.720001220703125,69.08000183105469,68,68.51000213623047,37734,-0.0011662663060381107,-1.458626288031173e-4,0.02040516471606124,69.02199859619141,68.78904760451545,67.1557143680633,69.03181474894005,68.95945659315377,0.0723581557862758,48.00478481917505,70.58949125106795,66.98860395796294,0.05234681128029818,0.7642468419677524,-0.053802456698577104,65.48999786376953,65.779998779296875,64.70999908447266,65.25,251825,4.372285714285714,0,0,0,0,0,0,0,0,0,0,0,0,0,0,0,0,0,0,0,119.5697,-0.01320217810767399,216.023,-11.492999999999995,0.52,0.020000000000000018,Wed,7,3,0,1,0,204,7,23,0.8452490573530633,0.9322892131745134,0,0,52.82492631266381,-0.23644552348749195,0,-0.07623802008476557,0,0.07623802008476557,0.05546138146688406,0.020166381683391243,2026-05-13
2025-07-24,68.720001220703125,69.529998779296875,68.5,69.18000030517578,39597,0.009779567188058724,-0.004890626500404727,0.02216312046744018,68.95399932861328,68.86047617594402,67.1974603562128,69.05461252682247,68.97579316441467,0.07881936240779908,51.04747580041433,70.59389487129114,67.12705748059689,0.0503458236599498,0.8231488661096824,-0.08419799804687718,65.41999816894531,66.38999938964844,65.33000183105469,66.029998779296875,281209,4.369428571428571,0,0,0,0,0,0,0,0,0,0,0,0,0,0,0,0,0,0,0,119.5664,-0.006630692604547073,216.023,-11.492999999999995,0.52,-0.030000000000000027,Thu,7,3,0,1,0,205,7,24,0.8359254794186372,0.9259247771938499,0,0,56.096648607879864,-0.23644552348749195,0,-0.07623802008476557,0,0.07623802008476557,0.0735567610829857,0.02950319756808617,2026-05-13
2025-07-25,69.26000213623047,69.88999938964844,68.30000305175781,68.44000244140625,27384,-0.01069670223337893,-0.01212465867048551,0.010482785313489451,68.78600006103515,68.894285656157,67.22238098628937,68.96005712906613,68.93610496271035,0.02395216635578379,47.72557134471823,70.56153048123889,67.2270408310751,0.04840009034719979,0.5849219826343276,-0.09712091802240738,66.1500015258789,66.73999786376953,65,65.160003662109375,234283,4.3665714285714285,0,0,0,0,0,0,0,0,0,0,0,0,0,0,0,0,0,0,0,119.9857,-0.0028911293271373095,216.023,-11.492999999999995,0.49,-0.06000000000000005,Fri,7,3,0,1,0,206,7,25,0.8263541987239096,0.9192859697186105,0,0,58.565598654463216,-0.23644552348749195,0,-0.07623802008476557,0,0.07623802008476557,0.05649897701571249,0.01811333423856598,2026-05-13
2025-07-28,68.470001220703125,70.44999694824219,68.38999938964844,70.04000091552734,31485,0.023378118308673423,0.01199251325002404,0.03349571174419097,68.95200042724609,69.00238109770275,67.28873019748264,69.12620232698323,69.01787503328939,0.10832729369384708,54.604206333646154,70.65778359197822,67.34697860342729,0.04798102523249233,0.7197048490071342,-0.04052741082160034,65.1500015258789,67.13999938964844,65.05000305175781,66.70999908447266,262038,4.358,0,0,0,0,0,0,0,0,0,0,0,0,0,0,0,0,0,0,0,120.6149,0.008105639094288186,193.79,-36.602000000000004,0.51,-0.050000000000000044,Mon,7,3,1,1,0,209,7,28,0.7961828637826158,0.8977433935342336,0,0,43.994443142066565,-0.23644552348749195,0,-0.07623802008476557,0,0.07623802008476557,NA,0.040887541048406195,2026-05-13
2025-07-29,70.38999938964844,73.06999969482422,69.88999938964844,72.51000213623047,24345,0.03526557950337694,0.05715127580746571,0.07247450793734611,69.73600158691406,69.23571450369698,67.41984134250217,69.64678691302127,69.27655111498872,0.370235798032553,62.752587880844345,71.37688871301405,67.09454029437991,0.06185172564956311,0.5929373598030118,0.08843979049514947,67.04000091552734,69.76000213623047,66.529998779296875,69.20999908447266,329112,4.3627142857142855,0,0,0,0,0,0,0,0,0,0,0,0,0,0,0,0,0,0,0,120.9674,0.010934405268304026,193.79,-36.602000000000004,0.48,-0.08000000000000007,Tue,7,3,0,1,0,210,7,29,0.7856498550787147,0.8900275764346766,0,0,49.70194890075309,-0.23644552348749195,0,-0.07623802008476557,0,0.07623802008476557,0.13137784801778585,0.07549944782381757,2026-05-13
2025-07-30,72.68000030517578,73.62999725341797,71.75,73.23999786376953,15242,0.010067517666977333,0.06904095139471145,0.0913425301395756,70.68200073242187,69.52761913481213,67.58047624618288,70.19958859775177,69.57013976304657,0.629448834705201,64.76553014466975,72.08298157711337,66.97225669251088,0.07350639858230923,0.41159664500937043,0.17696721003605792,69.339996337890625,70.51000213623047,68.44999694824219,70,345336,4.367428571428571,0,0,0,0,0,0,0,0,0,0,0,0,0,0,0,0,0,0,0,121.4042,0.016710661190800113,193.79,-36.602000000000004,0.44,-0.08000000000000002,Wed,7,3,0,1,0,211,7,30,0.7748840413670407,0.8820480249558535,0,0,54.41523731792163,-0.23644552348749195,0,-0.07623802008476557,0,0.07623802008476557,0.12850533346389903,0.08374492060354943,2026-05-13
2025-07-31,73.4000015258789,73.48999786376953,72.41999816894531,72.529998779296875,56020,-0.009694143981179404,0.048424377845376565,0.049486299214893226,71.3520004272461,69.69047619047619,67.7455555749318,70.55811324106641,69.7893885790651,0.7687246620013042,61.295857568509334,72.55167501345554,66.82927736749684,0.0821116163752187,1.4918099580045645,0.2816925048828117,70.30000305175781,70.410003662109375,68.55999755859375,69.26000213623047,247031,4.372142857142857,0,0,0,0,0,0,0,0,0,0,0,0,0,0,0,0,0,0,0,121.721,0.019920632526587267,193.79,-36.602000000000004,0.43,-0.04999999999999999,Thu,7,3,0,1,0,212,7,31,0.7638886127905428,0.8738071036110807,0,0,58.04543219355629,-0.23644552348749195,0,-0.07623802008476557,0,0.07623802008476557,0.13063128689151116,0.07062372082952528,2026-05-13
2025-08-01,71.7699966430664,71.98999786376953,69.410003662109375,69.66999816894531,68855,-0.03943196826811379,0.01797188316280529,0.012645277305191494,71.5979995727539,69.73190452938988,67.87857140435113,70.42148015304778,69.78054484498216,0.6409353080656217,49.736951124499214,72.56399661860982,66.89981244016994,0.08122801487592528,1.7564782171701454,0.25725290487100755,69.3499984741211,69.58000183105469,67.05000305175781,67.33000183105469,355819,4.376857142857142,0,0,0,0,0,0,0,0,0,0,0,0,0,0,0,0,0,0,0,121.2122,0.015996989196479072,193.79,-36.602000000000004,0.54,0.020000000000000018,Fri,8,3,0,1,0,213,8,1,0.7526668275320084,0.8653072543632061,0,0,60.36906070971781,-0.23644552348749195,0,-0.07623802008476557,0,0.07623802008476557,0.09029728490271816,0.026391639180540327,2026-05-13
2025-08-04,69,69.9800033569336,67.98999786376953,68.76000213623047,41788,-0.013061519400476507,-0.01827525360601634,0.0068824310206776484,71.34199981689453,69.75428553989956,68.01396827092246,70.16586815046051,69.70494908877832,0.46091906168219055,46.718183864527994,72.5456549936627,66.96291608613642,0.08003435006631875,1.0644183499324995,0.18830792772900717,66.8499984741211,67.73999786376953,65.45999908447266,66.29000091552734,277375,4.391,0,0,0,0,0,0,0,0,0,0,0,0,0,0,0,0,0,0,0,120.9859,0.014657215556759473,195.492,-45.869,0.53,0.06000000000000005,Mon,8,3,1,1,0,216,8,4,0.717676913675962,0.8382797052177745,0,0,44.66012168519216,-0.23644552348749195,0,-0.07623802008476557,0,0.07623802008476557,0.06390229086067434,0.010968833083467633,2026-05-13
2025-08-05,68.75,68.8499984741211,67.529998779296875,67.63999938964844,47388,-0.016288579287170868,-0.06716318581031566,-0.027881609519308737,70.36799926757813,69.66190447126117,68.1011110941569,69.77727295648943,69.55198985180574,0.22528310468368318,43.239644973320466,72.60194966656978,66.72185927595255,0.08440898128248908,1.2155818570790944,0.08087926172947932,66.20999908447266,66.38999938964844,65.029998779296875,65.160003662109375,279030,4.390428571428571,0,0,0,0,0,0,0,0,0,0,0,0,0,0,0,0,0,0,0,120.9082,0.010768257174170515,195.492,-45.869,0.5,0,Tue,8,3,0,1,0,217,8,5,0.705583610107178,0.828770087174504,0,0,49.254105050453475,-0.23644552348749195,0,-0.07623802008476557,0,0.07623802008476557,0.03062627183221145,-0.00677098650961705,2026-05-13
2025-08-06,67.76000213623047,69.19000244140625,66.220001220703125,66.88999938964844,62159,-0.011088113642336639,-0.08670123783908956,-0.046471875485673775,69.0979995727539,69.5066662742978,68.1926984030103,69.33307702312928,69.35480537312742,-0.021728349998141994,41.03618700286898,72.67395126132708,66.33938128726852,0.09113615015083744,1.5004719224260916,-0.011142822936341968,65.1500015258789,66.75,63.63999938964844,64.3499984741211,353827,4.389857142857143,0,0,0,0,0,0,0,0,0,0,0,0,0,0,0,0,0,0,0,120.5082,0.00560010213865314,195.492,-45.869,0.53,0.010000000000000009,Wed,8,3,0,1,0,218,8,6,0.6932812268869777,0.8190148866680802,0,0,52.778249112936145,-0.23644552348749195,0,-0.07623802008476557,0,0.07623802008476557,0.03129816158177601,-0.019103203772096955,2026-05-13
2025-08-07,66.87999725341797,67.63999938964844,66.2699966430664,66.43000030517578,44063,-0.00687694855239962,-0.08410311011700022,-0.05356891302816624,67.87799987792968,69.32761855352493,68.24968253241644,68.88644983575182,69.13815314587175,-0.25170331011993596,39.699921707978724,72.74768218746472,65.90755491958514,0.09866381408440572,1.0523035185048086,-0.11265932858645394,64.36000061035156,65.11000061035156,63.70000076293945,63.880001068115234,300518,4.389285714285714,0,0,0,0,0,0,0,0,0,0,0,0,0,0,0,0,0,0,0,120.5043,0.006457804196236427,195.492,-45.869,0.51,0.030000000000000027,Thu,8,3,0,1,0,219,8,7,0.6807734094770161,0.8090169943749472,0,0,55.50284625123768,-0.23644552348749195,0,-0.07623802008476557,0,0.07623802008476557,0.01668203287995995,-0.026662134675518367,2026-05-13
2025-08-08,66.37999725341797,67.19000244140625,65.5,66.589996337890625,52157,0.0024084906214034696,-0.04420843852451206,-0.029866012091879113,67.26199951171876,69.22999936058407,68.29222215924945,68.53314929761933,68.949400789725,-0.4162514921056726,40.426555069583515,72.84402238039323,65.61597634077492,0.1044062704951226,1.1760262636921592,-0.1993847354427811,63.849998474121094,64.58000183105469,62.77000045776367,63.880001068115234,322939,4.388714285714285,0,0,0,0,0,0,0,0,0,0,0,0,0,0,0,0,0,0,0,120.3329,0.004160745295795909,195.492,-45.869,0.51,0.020000000000000018,Fri,8,3,0,1,0,220,8,8,0.6680638642135335,0.7987793728863648,0,0,57.71526789582372,-0.23644552348749195,0,-0.07623802008476557,0,0.07623802008476557,0.0018052522188027886,-0.02492561769903212,2026-05-13
2025-08-11,66.2300033569336,67.11000061035156,65.83000183105469,66.62999725341797,31132,6.007045761704521e-4,-0.030977382440920187,-0.05301312286209425,66.83599853515625,69.05238015311105,68.31873006669302,68.24035667543451,68.77759312036893,-0.5372364449344218,40.619213847614986,72.79741419384324,65.30734611237885,0.10846936868586612,0.7025176633592765,-0.29389041439517594,63.47999954223633,64.44000244140625,63.02000045776367,63.959999084472656,234807,4.387,0,0,0,0,0,0,0,0,0,0,0,0,0,0,0,0,0,0,0,120.6892,0.006402526988510848,199.39,-61.721000000000004,0.51,-0.020000000000000018,Mon,8,3,1,1,0,223,8,11,0.6287628145958344,0.7666588193001592,0,0,42.87141304489772,-0.23644552348749195,0,-0.07623802008476557,0,0.07623802008476557,-0.006115806332192553,-0.02471844560966674,2026-05-13
2025-08-12,66.720001220703125,67.04000091552734,65.970001220703125,66.12000274658203,33110,-0.0076541276881079146,-0.0224718606857206,-0.044646675029127,66.53199920654296,68.90523747035435,68.31063491579086,67.91414837868798,68.58073457416249,-0.6665861954745083,38.89226462165652,72.86113744399239,64.94933749671631,0.11482145969934487,0.7326615240952924,-0.39698915586366895,64,64.339996337890625,63.060001373291016,63.16999816894531,304441,4.387714285714285,0,0,0,0,0,0,0,0,0,0,0,0,0,0,0,0,0,0,0,120.2736,4.38359719483028e-4,199.39,-61.721000000000004,0.57,0.039999999999999925,Tue,8,3,0,1,0,224,8,12,0.6152845999633276,0.7554933140726804,0,0,47.51653223528867,-0.23644552348749195,0,-0.07623802008476557,0,0.07623802008476557,-0.011215791374232231,-0.032068684062288466,2026-05-13
2025-08-13,66.05000305175781,66.33000183105469,65,65.62999725341797,40497,-0.007410851070924873,-0.01883692850542107,-0.04482610787504315,66.279998779296875,68.7585707164946,68.30333334302145,67.56274051326183,68.36216143929252,-0.7994209260306917,37.25343244277897,72.96530506960082,64.55183636338839,0.12236247232221927,0.8486930207117395,-0.4814947107336035,63.06999969482422,63.380001068115234,61.939998626708984,62.650001525878906,298939,4.388428571428571,0,0,0,0,0,0,0,0,0,0,0,0,0,0,0,0,0,0,0,120.13,-0.003157401222300127,199.39,-61.721000000000004,0.57,0.019999999999999907,Wed,8,3,0,1,0,225,8,13,0.6016240632249226,0.7441039398713608,0,0,51.13386311071077,-0.23644552348749195,0,-0.07623802008476557,0,0.07623802008476557,-0.059337818386721364,-0.039139174601888094,2026-05-13
2025-08-14,65.7699966430664,66.9800033569336,65.56999969482422,66.839996337890625,34810,0.018436677359599418,0.006171850531858203,-0.024518394446619962,66.36199798583985,68.67857070196243,68.33999997093564,67.45154910166626,68.2494084688183,-0.7978593671520429,43.57613640695551,72.96745586239551,64.38968554152935,0.12489733308647705,0.7634458361387756,-0.5402199881417414,62.790000915527344,64.0999984741211,62.58000183105469,63.959999084472656,251652,4.389142857142857,0,0,0,0,0,0,0,0,0,0,0,0,0,0,0,0,0,0,0,120.6446,0.001885938505615803,199.39,-61.721000000000004,0.55,-0.029999999999999916,Thu,8,3,0,1,0,226,8,14,0.5877852522924732,0.732494071613579,0,0,54.27073302698118,-0.23644552348749195,0,-0.07623802008476557,0,0.07623802008476557,-0.0363322412094218,-0.02194913130937881,2026-05-13
2025-08-15,66.80000305175781,67.08000183105469,65.7300033569336,65.8499984741211,35864,-0.014811458976821013,-0.011112748227446012,-0.05279054007709505,66.21399841308593,68.5038088843936,68.34698401557074,67.20515669742855,68.07167439513702,-0.8665176977084741,40.022665358315756,72.94507283241987,64.06254493636735,0.12966473019102623,0.8479128444705036,-0.5674507224952784,63.90999984741211,64.1500015258789,62.68000030517578,62.79999923706055,197390,4.389857142857143,0,0,0,0,0,0,0,0,0,0,0,0,0,0,0,0,0,0,0,120.3377,-0.002492572845793739,199.39,-61.721000000000004,0.58,0.019999999999999907,Fri,8,3,0,1,0,227,8,15,0.5737722679043246,0.7206671495538615,0,0,56.58176392551508,-0.23644552348749195,0,-0.07623802008476557,0,0.07623802008476557,-0.11289242225299922,-0.036533953581342926,2026-05-13
2025-08-18,65.94999694824219,66.80999755859375,65.30999755859375,66.5999984741211,35004,0.011389521904009658,-4.502293341357433e-4,-0.03868360785792413,66.20799865722657,68.37618982224237,68.36380937364366,67.11205543230433,67.96266136395066,-0.8506059316463279,43.76402920845649,72.87739258328278,63.87498706120195,0.1316599469125787,0.8410702958306903,-0.47340668059967406,63,63.790000915527344,62.18000030517578,63.41999816894531,95113,4.392,0,0,0,0,0,0,0,0,0,0,0,0,0,0,0,0,0,0,0,120.5622,0.0017132506896209154,194.217,-21.805999999999983,0.57,0.009999999999999898,Mon,8,3,1,1,0,230,8,18,0.5307300481619334,0.6839194216246105,0,0,42.28345806675779,-0.23644552348749195,0,-0.07623802008476557,0,0.07623802008476557,-0.09053672782857736,-0.025800360098168662,2026-05-13
2025-08-19,66.55999755859375,66.58000183105469,65.5999984741211,65.79000091552734,32562,-0.012162125783058308,-0.004990953075417859,-0.049414798644500935,66.141998291015625,68.2133327665783,68.37031736828033,66.90866242972325,67.80172355295633,-0.8930611232330818,40.80363994709467,72.8337287630975,63.592936770059104,0.135469000241636,0.8112956512639588,-0.35246159480168293,63.27000045776367,63.38999938964844,62.25,62.349998474121094,99484,4.4032857142857145,0,0,0,0,0,0,0,0,0,0,0,0,0,0,0,0,0,0,0,120.7224,0.00605269671264308,194.217,-21.805999999999983,0.55,0.020000000000000018,Tue,8,3,0,1,0,231,8,19,0.5160623910158528,0.6712599575675315,0,0,46.97225502297594,-0.23644552348749195,0,-0.07623802008476557,0,0.07623802008476557,-0.13943749454865018,-0.03774030240131798,2026-05-13
2025-08-20,65.93000030517578,67.05000305175781,65.81999969482422,66.839996337890625,39505,0.015959802519404764,0.018436677359599418,-0.02551392467465785,66.38399810791016,68.12999943324498,68.4009521726578,66.89809841559516,67.7304844999885,-0.8323860843933488,45.91134791799066,72.78486011838534,63.47513874810462,0.13664643252202807,1.0431629980142803,-0.19217596368475365,62.599998474121094,63.54999923706055,62.38999938964844,63.209999084472656,280663,4.414571428571429,0,0,0,0,0,0,0,0,0,0,0,0,0,0,0,0,0,0,0,120.7757,0.009146815283963328,194.217,-21.805999999999983,0.55,0.030000000000000027,Wed,8,3,0,1,0,232,8,20,0.5012418134457758,0.6584015846980489,0,0,50.93388746286746,-0.23644552348749195,0,-0.07623802008476557,0,0.07623802008476557,-0.12855281620161174,-0.022820674057679846,2026-05-13
2025-08-21,66.94999694824219,67.779998779296875,66.73999786376953,67.66999816894531,29950,0.012417742018698608,0.012417742018698608,-0.012261041323788469,66.5499984741211,68.08999924432663,68.4522219461108,67.01685222380287,67.72600403102234,-0.7091518072194702,49.61244652524433,72.74558167366507,63.43441681498819,0.13674790662378666,0.8214684399779479,-0.07745072920243849,62.849998474121094,63.66999816894531,62.52000045776367,63.52000045776367,250166,4.425857142857143,0,0,0,0,0,0,0,0,0,0,0,0,0,0,0,0,0,0,0,121.0843,0.012667088735691445,194.217,-21.805999999999983,0.54,0.020000000000000018,Thu,8,3,0,1,0,233,8,21,0.48627270710869003,0.64534811322955,0,0,54.272061026943945,-0.23644552348749195,0,-0.07623802008476557,0,0.07623802008476557,NA,-0.011427295636674772,2026-05-13
2025-08-22,67.62000274658203,68.0199966430664,67.41999816894531,67.7300033569336,27481,8.867325197567943e-4,0.028549809056583886,-0.02095977076967004,66.92599945068359,68.02095177060082,68.4990474155971,67.12656778274605,67.72630027738614,-0.5997324946400937,49.87946091359245,72.65158055904685,63.390322982154785,0.13615301367915952,0.808466822588,0.017780278803229316,63.5,63.93000030517578,63.310001373291016,63.65999984741211,223169,4.437142857142858,0,0,0,0,0,0,0,0,0,0,0,0,0,0,0,0,0,0,0,120.2774,0.0059464866383867054,194.217,-21.805999999999983,0.58,0.05999999999999994,Fri,8,3,0,1,0,234,8,22,0.4711595076738638,0.6321034111873488,0,0,56.960037519587694,-0.23644552348749195,0,-0.07623802008476557,0,0.07623802008476557,-0.1205038114773791,-0.011227076691994964,2026-05-13
2025-08-25,67.839996337890625,69.05999755859375,67.58000183105469,68.80000305175781,19094,0.015798016267404735,0.03303310252314162,0.00526009055390908,67.36600036621094,68.03809465680804,68.57380942692832,67.38401936259402,67.80583381622849,-0.4218144536344681,54.50879350957951,72.67789553327673,63.39829378033936,0.1363883248016386,0.5823525285396658,0.11118700635302269,63.880001068115234,65.0999984741211,63.529998779296875,64.80000305175781,185270,4.471,0,0,0,0,0,0,0,0,0,0,0,0,0,0,0,0,0,0,0,120.4214,0.0036312660592054957,191.208,-2.5819999999999936,0.55,0.06000000000000005,Mon,8,3,1,1,0,237,8,25,0.42500033996955416,0.5912614448635783,0,0,42.9236142959616,-0.23644552348749195,0,-0.07623802008476557,0,0.07623802008476557,-0.037493007544967094,0.003298542500697943,2026-05-13
2025-08-26,68.7300033569336,68.7300033569336,67.11000061035156,67.220001220703125,21046,-0.022965141874573214,0.021735830449552074,-0.040262702141099616,67.6520004272461,67.90380895705451,68.61063481890966,67.35878580230312,67.76243880915254,-0.4036530068494244,47.52791565908306,72.46279400716318,63.344823906945834,0.1342777414148295,0.6664070193437256,0.1296266325227516,64.75,64.76000213623047,63.130001068115234,63.25,199101,4.477285714285714,0,0,0,0,0,0,0,0,0,0,0,0,0,0,0,0,0,0,0,120.5274,-7.254493433233034e-4,191.208,-2.5819999999999936,0.65,0.14,Tue,8,3,0,1,0,238,8,26,0.4093559588156213,0.5772916165517278,0,0,47.78210970861511,-0.23644552348749195,0,-0.07623802008476557,0,0.07623802008476557,0.0011915673485547451,-0.020268484643480744,2026-05-13
2025-08-27,67.23999786376953,68.0999984741211,66.91999816894531,68.05000305175781,16597,0.012347542635852582,0.018103033814519387,-0.06150874297442843,67.89400177001953,67.69142804827008,68.67253960503473,67.46512691760384,67.78373986416034,-0.31861294655649885,51.072784060255536,71.73565509150771,63.64720100503246,0.11949007902015978,0.5685598106285092,0.15516523424085374,63.310001373291016,64.2300033569336,62.95000076293945,64.1500015258789,193476,4.4835714285714285,0,0,0,0,0,0,0,0,0,0,0,0,0,0,0,0,0,0,0,120.7274,-0.0019840056081225077,191.208,-2.5819999999999936,0.65,0.17000000000000004,Wed,8,3,0,1,0,239,8,27,0.39359027665646673,0.5631507242749189,0,0,51.837848126482335,-0.23644552348749195,0,-0.07623802008476557,0,0.07623802008476557,0.005466943630520804,-0.009065290971578932,2026-05-13
2025-08-28,67.70999908447266,68.660003662109375,67.4000015258789,68.62000274658203,8829,0.00837618911479976,0.01403878533090741,-0.06308021916905227,68.08400268554688,67.47142828078498,68.7474602593316,67.64280012206203,67.84568526285824,-0.20288514079621223,53.40102755117387,70.66009847406565,64.2827580875043,0.09451912534031134,0.33200216596723975,0.19514324481670486,63.869998931884766,64.69999694824219,63.349998474121094,64.5999984741211,208931,4.489857142857143,0,0,0,0,0,0,0,0,0,0,0,0,0,0,0,0,0,0,0,120.2595,-0.009428833598837616,191.208,-2.5819999999999936,0.6,0.15999999999999998,Thu,8,3,0,1,0,240,8,28,0.3777079652039649,0.5488429582847199,0,0,55.19835649978975,-0.23644552348749195,0,-0.07623802008476557,0,0.07623802008476557,0.013140400790447204,-0.0018539959479051404,2026-05-13
2025-08-29,68.26000213623047,68.36000061035156,68.029998779296875,68.12000274658203,0,-0.007286505100364549,0.005758148092702253,-0.060802372906886726,68.16200256347656,67.2614284697033,68.8028571719215,67.71621591044972,67.8660050764674,-0.14978916601768333,51.10376387521835,69.48599597927054,65.03686096013607,0.06614690053956417,0,0.21323114751459415,64.26000213623047,64.55000305175781,63.880001068115234,64.01000213623047,0,4.496142857142857,0,0,0,0,0,0,0,0,0,0,0,0,0,0,0,0,0,0,0,120.2082,-0.012428422375760917,191.208,-2.5819999999999936,0.64,0.21000000000000002,Fri,8,3,0,1,0,241,8,29,0.36171373072976765,0.5343725582809785,0,0,57.785534386858835,-0.23644552348749195,0,-0.07623802008476557,0,0.07623802008476557,0.005164617394907811,-0.009924797507074201,2026-05-13
2025-09-02,67.43000030517578,69.51000213623047,67.089996337890625,69.13999938964844,55307,0.014973526158843065,0.0049418070175788475,-0.0076072741958692625,68.2300018310547,67.23619043259393,68.85857149154421,67.93525952263414,67.96037502559193,-0.02511550295778875,55.32588431446321,69.35552747985224,65.11685338533562,0.06304155644817516,2.209001841267559,0.2370993310278586,63.95000076293945,66.029998779296875,63.65999984741211,65.589996337890625,320218,4.518714285714285,0,0,0,0,0,0,0,0,0,0,0,0,0,0,0,0,0,0,0,120.6837,-0.004360122165920521,196.712,1.2199999999999989,0.62,0.07999999999999996,Tue,9,3,0,0,0,245,9,2,0.29671281927349075,0.4749510720670502,1,0,37.40333365039754,-0.23644552348749195,0,-0.07623802008476557,0,0.07623802008476557,0.030248826714863064,0.004087042353743575,2026-05-13
2025-09-03,69.05999755859375,69.2300033569336,67.37999725341797,67.5999984741211,45108,-0.022273661109663112,0.005653038478388606,-0.016870326149948656,68.30600128173828,67.18095216296967,68.90206352112786,67.88368089978599,67.93368046622372,-0.04999956643773373,48.514523616702235,69.19113748712739,65.17076683881196,0.05984390692413369,1.7156745284633552,0.18753875061705857,65.62000274658203,65.720001220703125,63.720001220703125,63.970001220703125,298737,4.522428571428572,0,0,0,0,0,0,0,0,0,0,0,0,0,0,0,0,0,0,0,120.5052,-0.003973190264320081,196.712,1.2199999999999989,0.61,0.07999999999999996,Wed,9,3,0,0,0,246,9,3,0.2802306751992159,0.4597327394521046,1,0,43.44633445583586,-0.23644552348749195,0,-0.07623802008476557,0,0.07623802008476557,-0.02184925658941894,-0.018897330217222064,2026-05-13
2025-09-04,67.44000244140625,67.48999786376953,66.31999969482422,66.98999786376953,42152,-0.009023677871606517,-0.015576857317435522,-0.00960972104885005,68.09400024414063,67.1499997093564,68.92825402153863,67.74619120193731,67.86377805122711,-0.11758684928980756,46.093816975212434,69.15049191045483,65.14950750825795,0.05958279105754631,1.587263333885617,0.15178031502189232,63.81999969482422,63.84000015258789,62.720001220703125,63.47999954223633,251689,4.526142857142857,0,0,0,0,0,0,0,0,0,0,0,0,0,0,0,0,0,0,0,120.7629,-0.0012017381782211123,196.712,1.2199999999999989,0.58,0.07999999999999996,Thu,9,3,0,0,0,247,9,4,0.26366549272800704,0.4443781781046134,1,0,48.15534641730067,-0.23644552348749195,0,-0.07623802008476557,0,0.07623802008476557,-0.02630821377473813,-0.028119907943169986,2026-05-13
2025-09-05,66.839996337890625,67.05000305175781,65.08000183105469,65.5,38287,-0.022242094510878774,-0.04546783185224279,-0.020780376772787768,67.46999969482422,67.08380926223029,68.91285717676557,67.40062332471618,67.68868338076585,-0.2880600560496731,40.74579431657862,69.20855580837646,64.95906271608412,0.06334603146462796,1.3978408256997967,0.040153872311768854,63.33000183105469,63.4900016784668,61.45000076293945,61.869998931884766,294540,4.529857142857143,0,0,0,0,0,0,0,0,0,0,0,0,0,0,0,0,0,0,0,120.1282,-0.0031533123887005354,196.712,1.2199999999999989,0.59,0.05999999999999994,Fri,9,3,0,0,0,248,9,5,0.24702218048093552,0.4288919379124841,1,0,51.62362549026154,-0.23644552348749195,0,-0.07623802008476557,0,0.07623802008476557,-0.04085518931209986,-0.04952424433674818,2026-05-13
2025-09-08,65.80999755859375,67.029998779296875,65.5199966430664,66.0199966430664,29078,0.007938880046815422,-0.030828039031765786,-0.0061719653804883645,67.0499984741211,67.06428527832031,68.89666663275824,67.18821921984699,67.56507695575108,-0.3768577359040961,43.22169143218246,69.22155047566004,64.90702008098059,0.0643342485016268,1.055470457135805,-0.030351793897022306,62,63.34000015258789,61.849998474121094,62.2599983215332,237288,4.541,0,0,0,0,0,0,0,0,0,0,0,0,0,0,0,0,0,0,0,120.0971,-0.0033791325288807794,204.862,5.472000000000008,0.56,0.050000000000000044,Mon,9,3,1,0,0,251,9,8,0.19667288979357647,0.3816892202666586,1,0,39.63421570500785,-0.23644552348749195,0,-0.07623802008476557,0,0.07623802008476557,-0.05116420083793949,-0.04175339868074357,2026-05-13
2025-09-09,66.16999816894531,67.38999938964844,66.13999938964844,66.38999938964844,38860,0.005604404201691171,-0.03977437119288907,-0.003003408308169364,66.4999984741211,67.0547616141183,68.88904753185454,67.06541616904721,67.47803417307681,-0.41261800402959636,44.983251372506835,69.22256107048588,64.88696215775073,0.06465758446335741,1.31611032838409,-0.11443971067994578,62.43000030517578,63.66999816894531,62.369998931884766,62.630001068115234,268529,4.546857142857143,0,0,0,0,0,0,0,0,0,0,0,0,0,0,0,0,0,0,0,120.1569,-0.0014626091451298562,204.862,5.472000000000008,0.54,0.030000000000000027,Tue,9,3,0,0,0,252,9,9,0.1797665857255624,0.3657225234972692,1,0,44.98648954724349,-0.23644552348749195,0,-0.07623802008476557,0,0.07623802008476557,-0.05359945907974606,-0.03627642174977874,2026-05-13
2025-09-10,66.44000244140625,67.7699966430664,66.44000244140625,67.48999786376953,38789,0.01656873752423338,-0.0016272280005106277,0.012907108596758032,66.47799835205078,67.09571402413505,68.8528570750403,67.13073642977372,67.47892037238738,-0.3481839426136588,49.95435778325863,69.26230393218951,64.92912411608059,0.0645820657717456,1.2392374611430415,-0.1351212218567575,62.7400016784668,64.08000183105469,62.720001220703125,63.66999816894531,260684,4.552714285714286,0,0,0,0,0,0,0,0,0,0,0,0,0,0,0,0,0,0,0,120.1223,-0.004697189143684777,204.862,5.472000000000008,0.5,-0.010000000000000009,Wed,9,3,0,0,0,253,9,10,0.16280701293851715,0.34964745525122826,1,0,49.48840141388384,-0.23644552348749195,0,-0.07623802008476557,0,0.07623802008476557,-0.03846708197354243,-0.01979379315785601,2026-05-13
2025-09-11,67.58000183105469,67.61000061035156,66.160003662109375,66.37000274658203,34565,-0.016594979295276313,-0.009255040109843238,0.0037810040776642406,66.35399932861328,67.10761878603981,68.8053967914884,67.01370047851346,67.39677832603142,-0.38307784751796703,45.451246619597654,69.25434780103748,64.96088977104213,0.06397869731727844,1.0443386962761538,-0.16329704536186448,63.79999923706055,63.79999923706055,62.209999084472656,62.369998931884766,222661,4.558571428571429,0,0,0,0,0,0,0,0,0,0,0,0,0,0,0,0,0,0,0,119.9534,-0.0026622633728432543,204.862,5.472000000000008,0.49,-0.07999999999999996,Thu,9,3,0,0,0,254,9,11,0.1457991969198751,0.33346877891818705,1,0,52.86230128795796,-0.23644552348749195,0,-0.07623802008476557,0,0.07623802008476557,-0.03307104695879037,-0.035395392781277346,2026-05-13
2025-09-12,66.30999755859375,68.1500015258789,65.720001220703125,66.98999786376953,50762,0.009341496030289553,0.022748058988847797,0.020722240854287532,66.6519989013672,67.17238071986607,68.6904760693747,67.01005392239901,67.36664643993795,-0.3565925175389424,48.23318530747245,69.211234335863125,65.13352710386901,0.060705117018253,1.361247278149034,-0.16606626405820873,62.27000045776367,63.97999954223633,61.689998626708984,62.689998626708984,313265,4.5644285714285715,0,0,0,0,0,0,0,0,0,0,0,0,0,0,0,0,0,0,0,120.0611,-5.735453258969292e-4,204.862,5.472000000000008,0.5,-0.06999999999999995,Fri,9,3,0,0,0,255,9,12,0.12874817745258132,0.31719128858910595,1,0,55.68646282617638,-0.23644552348749195,0,-0.07623802008476557,0,0.07623802008476557,-0.047896570741163824,-0.02475566196233303,2026-05-13
2025-09-15,67.220001220703125,67.839996337890625,66.79000091552734,67.44000244140625,26320,0.006717489057871617,0.021508722668027724,0.0089767524893698,66.93600006103516,67.2009524390811,68.59857129293775,67.07619984840012,67.37208021782449,-0.295880369424367,50.21768553860566,69.23705750217894,65.16484737598327,0.06059750611253916,0.6592723957237467,-0.11745072249527855,62.970001220703125,63.66999816894531,62.52000045776367,63.29999923706055,205560,4.582,0,0,0,0,0,0,0,0,0,0,0,0,0,0,0,0,0,0,0,119.5644,-0.008953571067416122,195.433,1.2159999999999798,0.51,-0.040000000000000036,Mon,9,3,1,0,0,258,9,15,0.077386479233463007,0.26781430516217486,1,0,41.996937342343955,-0.23644552348749195,0,-0.07623802008476557,0,0.07623802008476557,-0.0255742908030685,-0.016889110511996486,2026-05-13
2025-09-16,67.48999786376953,68.69000244140625,67,68.470001220703125,34128,0.015272816459218852,0.03133004744957124,0.039787438227681715,67.3520004272461,67.32571447463263,68.47190469408793,67.29063082875443,67.4534076995192,-0.1627768707647732,54.515680248737,69.33505020858773,65.31637874067754,0.05968999362679431,0.9027401209896071,-0.08551659217247709,63.310001373291016,64.76000213623047,62.88999938964844,64.5199966430664,234250,4.582285714285714,0,0,0,0,0,0,0,0,0,0,0,0,0,0,0,0,0,0,0,119.1348,-0.009996036154920729,195.433,1.2159999999999798,0.53,-0.04999999999999993,Tue,9,3,0,0,0,259,9,16,0.06021327736579302,0.25119006388481957,1,0,47.293877426658455,-0.23644552348749195,0,-0.07623802008476557,0,0.07623802008476557,-0.0034929103037023568,-2.7799334534450715e-5,2026-05-13
2025-09-17,68.410003662109375,68.589996337890625,67.62000274658203,67.94999694824219,30515,-0.0075946292272549565,0.0068158112169625085,0.020270247823589216,67.444000244140625,67.39000011625744,68.33301580519904,67.39207177021409,67.49019208831349,-0.09812031809940436,52.071432609358915,69.38817077133676,65.39182946117812,0.059301696145783914,0.8395789311498504,-0.04657153454455864,64.589996337890625,64.66999816894531,63.689998626708984,64.05000305175781,165427,4.582571428571429,0,0,0,0,0,0,0,0,0,0,0,0,0,0,0,0,0,0,0,119.1582,-0.01164544110840715,195.433,1.2159999999999798,0.54,-0.029999999999999916,Wed,9,3,0,0,0,260,9,17,0.04302223300453059,0.23449138957041052,1,0,51.42491513491998,-0.23644552348749195,0,-0.07623802008476557,0,0.07623802008476557,-0.008318735008021938,-0.005605180050134884,2026-05-13
2025-09-18,67.88999938964844,68.410003662109375,67.19000244140625,67.44000244140625,29610,-0.007505438259613251,0.016121736485528837,0.02507982220577043,67.65800018310547,67.46857161748977,68.18111104813833,67.39944571962826,67.48647433669073,-0.08702861706247234,49.71707407389339,69.32740402130459,65.60973921367496,0.0551021715519157,0.843796485748645,-0.002966962541854075,63.9900016784668,64.55000305175781,63.33000183105469,63.56999969482422,82321,4.582857142857143,0,0,0,0,0,0,0,0,0,0,0,0,0,0,0,0,0,0,0,119.6616,-0.0087871016480785,195.433,1.2159999999999798,0.54,-0.010000000000000009,Thu,9,3,0,0,0,261,9,18,0.02581844022713308,0.21772323039653224,1,0,54.62573561629036,-0.23644552348749195,0,-0.07623802008476557,0,0.07623802008476557,-0.02991936568034348,-0.010869705631649684,2026-05-13
2025-09-19,67.45999908447266,67.55999755859375,66.43000030517578,66.68000030517578,24400,-0.011269307661884831,-0.004627520054921619,-0.002393716958122294,67.59600067138672,67.46095275878906,68.10492052350726,67.2887618097125,67.42673551954148,-0.13797370982898371,46.35358226201438,69.33187811126443,65.5900274063137,0.05546691162708539,0.7239776041682121,0.007626560756137133,63.59000015258789,63.650001525878906,62.599998474121094,62.68000030517578,87165,4.583142857142857,0,0,0,0,0,0,0,0,0,0,0,0,0,0,0,0,0,0,0,119.7858,-0.00819618515976317,195.433,1.2159999999999798,0.57,0.019999999999999907,Fri,9,3,0,0,0,262,9,19,0.008606996888688698,0.20089055513063528,1,0,57.033907489965564,-0.23644552348749195,0,-0.07623802008476557,0,0.07623802008476557,-0.03752884699671877,-0.020922426858124732,2026-05-13
2025-09-22,66.66999816894531,67.30000305175781,65.94000244140625,66.56999969482422,23634,-0.001649679211879418,-0.012900396131182101,-0.01625533476999408,67.42200012207032,67.40857187906902,68.0958729093037,67.1781830228066,67.36327360659946,-0.18509058379285648,45.869880811362215,69.31615080868589,65.50099294945214,0.05659751798448043,0.7127627170271092,0.05503315349201526,62.7400016784668,63.18000030517578,61.97999954223633,62.63999938964844,223779,4.584,0,0,0,0,0,0,0,0,0,0,0,0,0,0,0,0,0,0,0,119.8152,-0.010481127611094099,180.992,-10.216000000000008,0.54,0,Mon,9,3,1,0,0,265,9,22,0,0.15005539834465262,1,0,42.63930372233304,-0.23644552348749195,0,-0.07623802008476557,0,0.07623802008476557,-0.038144768452117006,-0.022407719429807016,2026-05-13
2025-09-23,66.589996337890625,68.08000183105469,66.12000274658203,67.62999725341797,27893,0.015923051877017924,-0.012268204356788659,-0.0014765406549384075,67.25399932861328,67.40380968366351,68.09507921006944,67.24769290443912,67.38303091377121,-0.13533800933208795,51.158887194717856,69.30851552008171,65.49910384724531,0.05651626652431905,0.8699815355440776,0.09325283176296272,62.33000183105469,63.88999938964844,61.849998474121094,63.40999984741211,265948,4.5809999999999995,0,0,0,0,0,0,0,0,0,0,0,0,0,0,0,0,0,0,0,119.6202,-0.00546403563761777,180.992,-10.216000000000008,0.59,0.010000000000000009,Tue,9,3,0,0,0,266,9,23,0,0.13301470653419636,1,0,47.63463103573234,-0.23644552348749195,0,-0.07623802008476557,0,0.07623802008476557,-0.01399619675941477,-0.006829890823927598,2026-05-13
2025-09-24,67.86000061035156,69.36000061035156,67.5199966430664,69.30999755859375,28459,0.024841052393963725,0.020014726584719034,0.007412710526368382,67.5259994506836,67.42809513636998,68.12015848311167,67.56497054353983,67.52576918375806,0.03920135978177086,58.13998422731944,69.41863940678307,65.43755086595688,0.059041984395000906,0.9171860799391529,0.1592307457557076,63.63999938964844,65.05000305175781,63.25,64.98999786376953,282721,4.577999999999999,0,0,0,0,0,0,0,0,0,0,0,0,0,0,0,0,0,0,0,120.1707,-0.0020818558827584432,180.992,-10.216000000000008,0.59,0.039999999999999925,Wed,9,3,0,0,0,267,9,24,0,0.11593459959550066,1,0,51.97288809682322,-0.23644552348749195,0,-0.07623802008476557,0,0.07623802008476557,0.011677060245488091,0.017466769044248043,2026-05-13
2025-09-25,69.089996337890625,69.66999816894531,68.44000244140625,69.41999816894531,21388,0.0015870814345155804,0.029359366190108593,0.032728308662461236,67.9219985961914,67.53285689581008,68.14634898352244,67.85035940898683,67.66608244192008,0.18427696706675079,58.55767287919147,69.70104653349202,65.36466725812815,0.06421139982355623,0.7198704852427896,0.16903292477785836,64.80000305175781,65.339996337890625,64.05999755859375,64.9800033569336,258353,4.574999999999999,0,0,0,0,0,0,0,0,0,0,0,0,0,0,0,0,0,0,0,120.5419,1.2030459463985288e-4,180.992,-10.216000000000008,0.54,-0.10999999999999999,Thu,9,3,0,0,0,268,9,25,0,0.09882013873287211,1,0,55.46683439981718,-0.23644552348749195,0,-0.07623802008476557,0,0.07623802008476557,0.0034691798599424395,0.018689910823114442,2026-05-13
2025-09-26,69.69999694824219,70.7699966430664,69.11000061035156,70.12999725341797,11917,0.010227587196772303,0.051739606065574595,0.030565673892448464,68.61199798583985,67.63190423874627,68.18634893023778,68.2010729235147,67.8485946501792,0.35247827333550674,61.24562427317058,70.07226943749271,65.19153903999984,0.07216609457370123,0.46142706687730384,0.19903277722033821,65.19999694824219,66.41999816894531,64.660003662109375,65.720001220703125,284990,4.572,0,0,0,0,0,0,0,0,0,0,0,0,0,0,0,0,0,0,0,120.4349,-0.002422813710889149,180.992,-10.216000000000008,0.57,-0.08000000000000007,Fri,9,3,0,0,0,269,9,26,0,0.08167639533042288,1,0,58.40808731663607,-0.23644552348749195,0,-0.07623802008476557,0,0.07623802008476557,0.02469308520932012,0.02850494789167768,2026-05-13
2025-09-29,69.470001220703125,69.93000030517578,67.55000305175781,67.970001220703125,8229,-0.030799887598877196,0.021030517234443602,-0.009472478867122769,68.891998291015625,67.60095178513299,68.1999997335767,68.16552343077446,67.85758772947726,0.30793570129719683,50.51189195654597,70.00489701255421,65.19700655771177,0.07112163849592133,0.3426280223005917,0.16145041329519955,65.06999969482422,65.4000015258789,62.97999954223633,63.45000076293945,294292,4.563,0,0,0,0,0,0,0,0,0,0,0,0,0,0,0,0,0,0,0,120.115,-0.001201568275271403,179.162,-17.549999999999983,0.52,-0.07999999999999996,Mon,9,3,1,0,0,272,9,29,0,0.03012030484690836,1,0,43.50257156026372,-0.23644552348749195,0,-0.07623802008476557,0,0.07623802008476557,-0.029554535519220937,-0.003372412225396859,2026-05-13
2025-09-30,67.589996337890625,67.589996337890625,66.910003662109375,67.0199966430664,46335,-0.013976821547376339,-0.0090196752199444,-0.016148063111621314,68.7699981689453,67.54857054210845,68.16682506742931,67.98928854035783,67.79554394529868,0.1937445950591581,46.6402598400839,69.95295148412583,65.14418960009107,0.07118969129090716,1.835922022347254,0.12604368440397315,63.13999938964844,63.2599983215332,62.029998779296875,62.369998931884766,271649,4.563714285714285,0,0,0,0,0,0,0,0,0,0,0,0,0,0,0,0,0,0,0,120.1368,-5.93969462981847e-4,179.162,-17.549999999999983,0.56,-0.07999999999999996,Tue,9,3,0,0,0,273,9,30,0,0.012910296075008843,1,0,48.20722953526644,-0.23644552348749195,0,-0.07623802008476557,0,0.07623802008476557,-0.0757137681895187,-0.016823849771915977,2026-05-13
2025-10-01,66.089996337890625,66.56999969482422,65.04000091552734,65.3499984741211,44601,-0.024917908871875283,-0.05713460141338089,-0.05481632844929962,67.97799835205078,67.36809430803571,68.11206309000652,67.58324391478295,67.61439242891515,-0.031148514132198102,40.73019889434375,69.83881512758077,64.89737348849064,0.07334988008560472,1.6737970322667808,0.008065745594734393,62.459999084472656,62.88999938964844,61.400001525878906,61.779998779296875,274339,4.5644285714285715,0,0,0,0,0,0,0,0,0,0,0,0,0,0,0,0,0,0,0,120.1502,-0.004420646698767183,179.162,-17.549999999999983,0.57,-0.050000000000000044,Wed,10,4,0,0,0,274,10,1,0,0,1,0,51.6317989717775,-0.23644552348749195,0,-0.07623802008476557,0,0.07623802008476557,-0.10772801228536732,-0.04055176852058495,2026-05-13
2025-10-02,65.4000015258789,66.12000274658203,64,64.11000061035156,52074,-0.01897471909292514,-0.0764908916544621,-0.051627188499206667,66.91599884033204,67.20190393357049,68.04571387881325,67.04889879102427,67.3548078497623,-0.305909058738024,36.982874523350524,70.04808375183377,64.35572411530721,0.08470533278571236,1.802305056588101,-0.12041776887663246,61.779998779296875,62.540000915527344,60.400001525878906,60.47999954223633,290507,4.565142857142857,0,0,0,0,0,0,0,0,0,0,0,0,0,0,0,0,0,0,0,120.4296,-6.273588193704827e-4,179.162,-17.549999999999983,0.55,-0.05999999999999994,Thu,10,4,0,0,0,275,10,2,0,0,1,0,54.12323152148903,-0.23644552348749195,0,-0.07623802008476557,0,0.07623802008476557,-0.11608987054538233,-0.05783925311550164,2026-05-13
2025-10-03,64.30000305175781,65,64.20999908447266,64.529998779296875,38970,0.006551211432643367,-0.07985168534778697,-0.03672188629525408,65.7959991455078,67.08476112002418,67.96555510021392,66.66137571229697,67.14556273343152,-0.48418702113454515,39.0290317052731,70.16078776315928,64.00873447688909,0.09170567478452059,1.284019769357496,-0.20940669133113177,60.70000076293945,61.380001068115234,60.54999923706055,60.880001068115234,240044,4.565857142857142,0,0,0,0,0,0,0,0,0,0,0,0,0,0,0,0,0,0,0,120.0881,-0.005587808838641739,179.162,-17.549999999999983,0.55,-0.029999999999999916,Fri,10,4,0,0,0,276,10,3,0,0,1,0,56.2000048313464,-0.23644552348749195,0,-0.07623802008476557,0,0.07623802008476557,-0.07377636751452565,-0.050548492039112825,2026-05-13
2025-10-06,64.81999969482422,65.7699966430664,64.76000213623047,65.470001220703125,38055,0.014566906232575727,-0.036780932103889996,-4.579966304866234e-4,65.2959991455078,67.08333260672433,67.89126938108414,66.47808732897484,67.021447065822,-0.5433597368471652,43.45436284123589,70.16247659223863,64.00418862121002,0.09180056702208794,1.1969954800091847,-0.22479117257254563,61.13999938964844,62.119998931884766,61.040000915527344,61.689998626708984,224682,4.568,0,0,0,0,0,0,0,0,0,0,0,0,0,0,0,0,0,0,0,120.2722,0.001198719368141532,207.124,2.2620000000000005,0.58,-0.010000000000000009,Mon,10,4,1,0,0,279,10,6,0,0,1,0,41.864734877096375,-0.23644552348749195,0,-0.07623802008476557,0,0.07623802008476557,-0.04784759763400015,-0.035663910580167046,2026-05-13
2025-10-07,65.54000091552734,65.83000183105469,64.5199966430664,65.44999694824219,36191,-3.055486801275542e-4,-0.023425839651793567,-0.008633743165815222,64.98199920654297,67.05618976411365,67.81603119865296,66.3199195780929,66.90504335340869,-0.5851237753157932,43.382200150611794,70.18436076350935,63.92801876471797,0.09329999245110067,1.109408097014582,-0.24470338926210433,61.72999954223633,62.11000061035156,60.720001220703125,61.72999954223633,245121,4.569,0,0,0,0,0,0,0,0,0,0,0,0,0,0,0,0,0,0,0,120.4884,0.0032581969090010876,207.124,2.2620000000000005,0.57,0.009999999999999898,Tue,10,4,0,0,0,280,10,7,0,0,1,0,46.57616450569017,-0.23644552348749195,0,-0.07623802008476557,0,0.07623802008476557,-0.032377327929742794,-0.03488901088121732,2026-05-13
2025-10-08,65.80999755859375,66.529998779296875,65.779998779296875,66.25,38630,0.012223118243847253,0.01377202061045657,-0.002108742143929976,65.16199951171875,67.04952312651135,67.77809470040458,66.30916271992476,66.85652162352656,-0.5473589036018041,47.161272832813104,70.18424697408827,63.914799278934424,0.09350473206684011,1.1483694521240226,-0.24758237063229724,62.04999923706055,62.91999816894531,62.04999923706055,62.54999923706055,273318,4.569999999999999,0,0,0,0,0,0,0,0,0,0,0,0,0,0,0,0,0,0,0,120.7766,0.005157423335655276,207.124,2.2620000000000005,0.55,0.010000000000000009,Wed,10,4,0,0,0,281,10,8,0,0,1,0,50.507766470480014,-0.23644552348749195,0,-0.07623802008476557,0,0.07623802008476557,-0.00956793833888836,-0.022545554093237996,2026-05-13
2025-10-09,66.089996337890625,66.55999755859375,64.95999908447266,65.220001220703125,40845,-0.015547151385613245,0.017314000932521223,-0.03363456386009167,65.38399963378906,66.94142804827008,67.6965074085054,66.14159941235219,66.73529788998408,-0.5936984776318894,43.16635893674005,70.1675782291441,63.715277867396075,0.09638725300415465,1.1478247673859834,-0.29971412407173004,62.310001373291016,62.869998931884766,61.25,61.5099983215332,259171,4.571,0,0,0,0,0,0,0,0,0,0,0,0,0,0,0,0,0,0,0,121.0902,0.008057621274317972,207.124,2.2620000000000005,0.54,0.040000000000000036,Thu,10,4,0,0,0,282,10,9,0,0,1,0,53.44608011810249,-0.23644552348749195,0,-0.07623802008476557,0,0.07623802008476557,-0.018214648184765703,-0.03658248087834326,2026-05-13
2025-10-10,65.16999816894531,65.3499984741211,62.130001068115234,62.72999954223633,54929,-0.038178497881971585,-0.02789399149404659,-0.05484410205984447,65.02399978637695,66.76809456234886,67.59365027291435,65.61673789387282,66.43860912348424,-0.8218712296114177,35.36687002351707,70.47805126532042,63.05813785937731,0.1111296264268003,1.377153329873464,-0.4201975979647786,61.4900016784668,61.66999816894531,58.220001220703125,58.900001525878906,339103,4.572,0,0,0,0,0,0,0,0,0,0,0,0,0,0,0,0,0,0,0,121.1163,0.009694598068916704,207.124,2.2620000000000005,0.53,0.040000000000000036,Fri,10,4,0,0,0,283,10,10,0,0,1,0,55.29550970619795,-0.23644552348749195,0,-0.07623802008476557,0,0.07623802008476557,-0.05796661672825332,-0.07195425474198636,2026-05-13
2025-10-13,62.66999816894531,63.95000076293945,62.66999816894531,63.31999969482422,35368,0.009405390672618141,-0.032839491153072164,-0.05478427057735691,64.59399948120117,66.59333274478004,67.50809472704691,65.26339355555766,66.20760101765758,-0.944207462099925,38.2155087231781,70.59377360247078,62.5928918870893,0.12014538671679002,0.8302386396180264,-0.4719998286320626,59,60.16999816894531,59,59.4900016784668,339103,4.575,0,0,0,0,0,0,0,0,0,0,0,0,0,0,0,0,0,0,0,121.1163,0.009694598068916704,210.777,15.343999999999994,0.53,0.040000000000000036,Mon,10,4,1,0,0,286,10,13,0,0,1,0,40.969249906067255,-0.23644552348749195,0,-0.07623802008476557,0,0.07623802008476557,-0.04967728793391113,-0.06203841256602294,2026-05-13
2025-10-14,63.439998626708984,63.619998931884766,61.5,62.38999938964844,44016,-0.01468730748038527,-0.04675321163137092,-0.07488141857861574,63.98199996948242,66.35285640898205,67.41079318334185,64.82133291464855,65.92481571187912,-1.1034827972305692,35.5553771247326,70.72902804110363,61.976684776860466,0.13190605104166064,1.0388997330526177,-0.4760438269311274,59.58000183105469,59.81999969482422,57.68000030517578,58.70000076293945,259200,4.570285714285714,0,0,0,0,0,0,0,0,0,0,0,0,0,0,0,0,0,0,0,121.1822,0.009337745531233566,210.777,15.343999999999994,0.55,0.050000000000000044,Tue,10,4,0,0,0,287,10,14,0,0,1,0,45.24364372893075,-0.23644552348749195,0,-0.07623802008476557,0,0.07623802008476557,-0.05641263160906951,-0.07448056248259849,2026-05-13
2025-10-15,62.279998779296875,63.02000045776367,61.790000915527344,61.90999984741211,40209,-0.007693533369643957,-0.06550943626547756,-0.0958084015822609,63.113999938964845,66.04047539120629,67.28999958341083,64.3734355196891,65.62742194414082,-1.2539864244517247,34.23095946070146,70.70870510141158,61.37224568100099,0.1413748063608549,0.9589851342874929,-0.45975812974867025,58.599998474121094,59.41999816894531,58.20000076293945,58.27000045776367,224919,4.565571428571428,0,0,0,0,0,0,0,0,0,0,0,0,0,0,0,0,0,0,0,120.8642,0.010871128864444524,210.777,15.343999999999994,0.55,0.040000000000000036,Wed,10,4,0,0,0,288,10,15,0,0,1,0,48.56313728972385,-0.23644552348749195,0,-0.07623802008476557,0,0.07623802008476557,-0.05668135855075207,-0.0799524412142375,2026-05-13
2025-10-16,62.439998626708984,62.75,60.84000015258789,61.060001373291016,46229,-0.013729582881861768,-0.06378411176863918,-0.10139802626038841,62.28199996948242,65.71238036382766,67.15952343410916,63.86367642024324,65.28909449444825,-1.4254180742050124,31.960590328141127,70.7692592177406,60.65550150991473,0.15390947111989164,1.118149583254725,-0.411340558397901,58.77000045776367,59.11000061035156,57.2599983215332,57.459999084472656,203866,4.5608571428571425,0,0,0,0,0,0,0,0,0,0,0,0,0,0,0,0,0,0,0,120.6698,0.012884564375816199,210.777,15.343999999999994,0.58,0.04999999999999993,Thu,10,4,0,0,0,289,10,16,0,0,1,0,51.046945072201105,-0.23644552348749195,0,-0.07623802008476557,0,0.07623802008476557,-0.08647509397487829,-0.09082140177487175,2026-05-13
2025-10-17,61.11000061035156,61.45000076293945,60.150001525878906,61.290000915527344,50372,0.003766779185447877,-0.02295550194830509,-0.09119219014296742,61.99400024414062,65.41952314830962,67.03380917745923,63.46772634259464,64.9928653404541,-1.5251389978594645,33.25067375688602,70.76053069998507,60.078515596634176,0.16328482063579372,1.1856587359124762,-0.3876921182150386,57.5,57.720001220703125,56.599998474121094,57.540000915527344,108748,4.5561428571428575,0,0,0,0,0,0,0,0,0,0,0,0,0,0,0,0,0,0,0,120.7028,0.012962599300761601,210.777,15.343999999999994,0.56,0.020000000000000018,Fri,10,4,0,0,0,290,10,17,0,0,1,0,53.07909752096368,-0.23644552348749195,0,-0.07623802008476557,0,0.07623802008476557,-0.06924825610111163,-0.08568524349744544,2026-05-13
2025-10-20,61.43000030517578,61.54999923706055,60.06999969482422,61.0099983215332,33883,-0.004568487352122119,-0.03648138636172227,-0.08503302276083624,61.53199996948242,65.14952305385044,66.91349174862816,63.08961433935442,64.69783815386737,-1.6082238145129466,32.44415677258952,70.7878918569544,59.51115425074649,0.17309010223892093,0.8054493762361175,-0.3739999456720052,57.72999954223633,57.810001373291016,56.349998474121094,57.52000045776367,108146,4.542,0,0,0,0,0,0,0,0,0,0,0,0,0,0,0,0,0,0,0,120.6209,0.008016773969260038,205.653,24.661,0.54,0,Mon,10,4,1,0,0,293,10,20,0,0,1,0,39.36553913511985,-0.23644552348749195,0,-0.07623802008476557,0,0.07623802008476557,-0.08393393814806183,-0.08822575646287345,2026-05-13
2025-10-21,60.90999984741211,62.09000015258789,60.34000015258789,61.31999969482422,45150,0.005081156889355398,-0.017150179600767035,-0.07886435367383948,61.31800003051758,64.89952305385044,66.7993647257487,62.81736593250362,64.44762789764195,-1.630261965138331,34.34296277276758,70.73546357905896,59.06358252864193,0.1798454056547114,1.050901820399366,-0.38008790068574233,57.369998931884766,58.279998779296875,56.9900016784668,57.81999969482422,314207,4.532571428571428,0,0,0,0,0,0,0,0,0,0,0,0,0,0,0,0,0,0,0,120.8895,0.009213946895207936,205.653,24.661,0.53,-0.039999999999999925,Tue,10,4,0,0,0,294,10,21,0,0,1,0,43.74581872533206,-0.23644552348749195,0,-0.07623802008476557,0,0.07623802008476557,-0.06794347406139256,-0.08202720270500397,2026-05-13
2025-10-22,61.619998931884766,63.91999816894531,61.400001525878906,62.59000015258789,46114,0.02071103170391675,0.010983690952217184,-0.07452310077648805,61.454000091552736,64.65952319190616,66.69476154872349,62.78238658174736,64.31002584245276,-1.5276392607053992,41.58657644695471,70.43810116814579,58.88094521566653,0.17873865104415038,1.0549626528487928,-0.3730548984401843,57.59000015258789,59.83000183105469,57.34000015258789,58.5,378637,4.523142857142857,0,0,0,0,0,0,0,0,0,0,0,0,0,0,0,0,0,0,0,120.8958,0.009018889089197346,205.653,24.661,0.52,-0.020000000000000018,Wed,10,4,0,0,0,295,10,22,0,0,1,0,47.509516316425255,-0.23644552348749195,0,-0.07623802008476557,0,0.07623802008476557,-0.0635846262441142,-0.061545484245218995,2026-05-13
2025-10-23,64.25,66.339996337890625,63.849998474121094,65.98999786376953,87705,0.05432173994077005,0.08074019619388673,-0.047900733108777516,62.439999389648435,64.5014279683431,66.6558725871737,63.275865240520005,64.43446821440214,-1.1586029738821395,55.68287298904439,69.91581975432752,59.08703618235868,0.1678844005947207,1.8121803812180381,-0.2483516902714013,59.939998626708984,62.20000076293945,59.63999938964844,61.790000915527344,735186,4.513714285714285,0,0,0,0,0,0,0,0,0,0,0,0,0,0,0,0,0,0,0,120.9531,0.011142766857102915,205.653,24.661,0.53,-0.05999999999999994,Thu,10,4,0,0,0,296,10,23,0,0,1,0,51.20911289297897,-0.23644552348749195,0,-0.07623802008476557,0,0.07623802008476557,-0.024826368414869515,-0.009989738301502737,2026-05-13
2025-10-24,65.87000274658203,66.7699966430664,65.44000244140625,65.94000244140625,38354,-7.576212150588457e-4,0.07586884412496175,-0.050129585412403865,63.369999694824216,64.33571388607933,66.59079324631463,63.68573250219481,64.5459892682543,-0.8602567660594929,55.47089350606668,69.31323679328334,59.35819097887532,0.15473591902680425,0.8205819426615318,-0.10050540965992266,61.790000915527344,62.59000015258789,61.209999084472656,61.5,373744,4.5042857142857144,0,0,0,0,0,0,0,0,0,0,0,0,0,0,0,0,0,0,0,120.9345,0.006355958648821991,205.653,24.661,0.54,-0.04999999999999993,Fri,10,4,0,0,0,297,10,24,0,0,1,0,54.15791601363164,-0.23644552348749195,0,-0.07623802008476557,0,0.07623802008476557,-0.026428478175235415,-0.009772984720292421,2026-05-13
2025-10-27,66.26000213623047,66.5999984741211,65.08000183105469,65.62000274658203,32237,-0.004852891764882239,0.0755614579884647,-0.06430906435856354,64.29200057983398,64.12095224289666,66.48142817663768,63.98331253979285,64.6255458222045,-0.6422332824116523,54.05251511412275,68.38676461016892,59.85513987562441,0.13305517831715685,0.6943603815891218,0.035472601586645114,61.81999969482422,62.16999816894531,60.66999816894531,61.310001373291016,272191,4.476,0,0,0,0,0,0,0,0,0,0,0,0,0,0,0,0,0,0,0,120.7988,0.0021312091480223394,203.012,23.849999999999994,0.53,-0.010000000000000009,Mon,10,4,1,0,0,300,10,27,0,0,1,0,40.853132828173884,-0.23644552348749195,0,-0.07623802008476557,0,0.07623802008476557,-0.046220932618033284,-0.012957384546055217,2026-05-13
2025-10-28,65.79000091552734,65.79000091552734,64,64.4000015258789,33807,-0.018591910540062706,0.05022834061290227,-0.05252316655449496,64.90800094604492,63.95095225742885,66.34111077444894,64.04741853765225,64.6088388372915,-0.5614202996392521,48.91701998609033,67.84046550040424,60.06143901445347,0.12164051060001403,0.7445491785226622,0.1622198838454019,61.5,61.5,59.7599983215332,60.150001525878906,307568,4.4871428571428575,0,0,0,0,0,0,0,0,0,0,0,0,0,0,0,0,0,0,0,120.6361,0.0016706120900171761,203.012,23.849999999999994,0.52,-0.04999999999999993,Tue,10,4,0,0,0,301,10,28,0,0,1,0,45.5605516369779,-0.23644552348749195,0,-0.07623802008476557,0,0.07623802008476557,-0.041951794757713934,-0.029259522879704902,2026-05-13
2025-10-29,64.48999786376953,65.37999725341797,63.93000030517578,64.91999816894531,16478,0.008074481843877823,0.037226362209252795,-0.03133390897205235,65.3740005493164,63.850952330089754,66.22031711396717,64.18166155785119,64.63188767667326,-0.45022611882207286,51.051682111570024,67.51023048784693,60.19167417233259,0.11461937603811535,0.38291632681041715,0.278000070760537,60.18000030517578,61.02000045776367,59.70000076293945,60.47999954223633,276875,4.498285714285714,0,0,0,0,0,0,0,0,0,0,0,0,0,0,0,0,0,0,0,120.5312,0.00346501269616617,203.012,23.849999999999994,0.49,-0.030000000000000027,Wed,10,4,0,0,0,302,10,29,0,0,1,0,49.42996468356644,-0.23644552348749195,0,-0.07623802008476557,0,0.07623802008476557,-0.04599566116744869,-0.019636253670968773,2026-05-13
2025-10-30,64.8499984741211,65.160003662109375,64.05999755859375,65,10024,0.0012323141298693496,-0.01500224118529736,-0.0053557533633254994,65.1760009765625,63.834285736083984,66.14619015890455,64.30755977972024,64.65915525617895,-0.35159547645871214,51.38825428554501,67.46798690988773,60.20058456228024,0.11384794650407436,0.2543361987597812,0.3152967515882528,60.38999938964844,60.790000915527344,59.63999938964844,60.56999969482422,247917,4.509428571428572,0,0,0,0,0,0,0,0,0,0,0,0,0,0,0,0,0,0,0,121.2832,0.009542454934707845,203.012,23.849999999999994,0.5,-0.06000000000000005,Thu,10,4,0,0,0,303,10,30,0,0,1,0,52.543562138259276,-0.23644552348749195,0,-0.07623802008476557,0,0.07623802008476557,-0.05275433695260734,-0.017328135696871194,2026-05-13
2025-10-31,64.75,65.5,64.5199966430664,65.06999969482422,44972,0.0010769183819110406,-0.013193853721117255,0.01497424856236318,65.00200042724609,63.87999997820173,66.08761869158063,64.42485822819778,64.68958817756008,-0.2647299493623052,51.70119188922412,67.55222017224963,60.20777978415382,0.11497245445526005,1.156913388419547,0.36406595418741355,60.29999923706055,61.380001068115234,59.9900016784668,60.97999954223633,278598,4.5205714285714285,0,0,0,0,0,0,0,0,0,0,0,0,0,0,0,0,0,0,0,121.3859,0.01028462707511113,203.012,23.849999999999994,0.51,-0.05999999999999994,Fri,10,4,0,0,0,304,10,31,0,0,1,0,55.05320637163544,-0.23644552348749195,0,-0.07623802008476557,0,0.07623802008476557,-0.04477397135617189,-0.015398027904522604,2026-05-13
2025-11-03,65.06999969482422,65.30999755859375,64.33000183105469,64.88999938964844,0,-0.002766256431842251,-0.011124707808269907,0.0055788101218290365,64.85599975585937,63.89714286440895,66.04396789792985,64.4964184068825,64.70443345252959,-0.2080150456470875,50.795657599387226,67.58543338138469,60.2088523474332,0.11544461463018378,0,0.36934063251201765,61.400001525878906,61.5,60.5099983215332,61.04999923706055,0,4.554,0,0,0,0,0,0,0,0,0,0,0,0,0,0,0,0,0,0,0,121.4512,0.00848296432106399,216.026,8.902000000000015,0.53,-0.020000000000000018,Mon,11,4,1,0,1,307,11,3,0,0,0,0,41.168164639294034,-0.23644552348749195,0,-0.07623802008476557,0,0.07623802008476557,NA,-0.017472731348680548,2026-05-13
2025-11-04,64.81999969482422,64.839996337890625,63.83000183105469,64.44000244140625,36655,-0.0069347657955745046,6.211322139684228e-4,-0.015732377578926426,64.86399993896484,63.84809530349005,66.00507905748155,64.48773902757846,64.68484597022416,-0.1971069426457035,48.50826306125436,67.47542845255605,60.22076215442405,0.11362384834893331,1.05833472885496,0.3349450834504847,61.029998779296875,61.029998779296875,59.939998626708984,60.560001373291016,219300,4.563142857142857,0,0,0,0,0,0,0,0,0,0,0,0,0,0,0,0,0,0,0,121.8271,0.014481035173343537,216.026,8.902000000000015,0.52,-0.030000000000000027,Tue,11,4,0,0,1,308,11,4,0,0,0,0,45.82634899157236,-0.23644552348749195,0,-0.07623802008476557,0,0.07623802008476557,-0.0679779720817566,-0.02371145733667457,2026-05-13
2025-11-05,64.26000213623047,64.94000244140625,63.43000030517578,63.52000045776367,42320,-0.014276876920964021,-0.021564968432967957,-0.0294881066534618,64.58400039672851,63.756190708705354,65.9588885837131,64.33885617068388,64.59856111744931,-0.25970494676542444,44.132654883489174,67.31011560027255,60.202265817138155,0.11148485667234011,1.2354328685863754,0.23512094518640478,60.43000030517578,61.09000015258789,59.52000045776367,59.599998474121094,292518,4.572285714285715,0,0,0,0,0,0,0,0,0,0,0,0,0,0,0,0,0,0,0,121.8482,0.013103609978033282,216.026,8.902000000000015,0.54,-0.039999999999999925,Wed,11,4,0,0,1,309,11,5,0,0,0,0,49.36807685947876,-0.23644552348749195,0,-0.07623802008476557,0,0.07623802008476557,-0.06035500160431728,-0.03697588267961893,2026-05-13
2025-11-06,63.58000183105469,64.33000183105469,62.83000183105469,63.380001068115234,43138,-0.002204020602007528,-0.024923060490534832,-0.04332073859448704,64.26000061035157,63.61952409290132,65.90793627784366,64.19134000105794,64.50829741009123,-0.31695740903329295,43.48977195475762,66.98648448760342,60.252563698199225,0.10584676458080526,1.4476567612463715,0.1280660440633586,59.68000030517578,60.5099983215332,58.83000183105469,59.43000030517578,277768,4.581428571428572,0,0,0,0,0,0,0,0,0,0,0,0,0,0,0,0,0,0,0,121.6948,0.010012582124088398,216.026,8.902000000000015,0.54,-0.029999999999999916,Thu,11,4,0,0,1,310,11,6,0,0,0,0,52.174781185478665,-0.23644552348749195,0,-0.07623802008476557,0,0.07623802008476557,-0.053888593980784494,-0.03835555097752685,2026-05-13
2025-11-07,63.63999938964844,64.37999725341797,63.2400016784668,63.630001068115234,36620,0.003944461908912178,-0.022129992830221656,-0.02437902672229897,63.97200088500976,63.54380979992094,65.86031729077536,64.1049801652206,64.4432384217967,-0.3382582565761112,45.0296933359833,66.8301545320044,60.25746506783748,0.10343555863052922,1.2361139709233049,0.009736331478579923,59.650001525878906,60.459999084472656,59.31999969482422,59.75,259446,4.590571428571429,0,0,0,0,0,0,0,0,0,0,0,0,0,0,0,0,0,0,0,121.388,0.005062238877398428,216.026,8.902000000000015,0.56,0.010000000000000009,Fri,11,4,0,0,1,311,11,7,0,0,0,0,54.47018188406915,-0.23644552348749195,0,-0.07623802008476557,0,0.07623802008476557,-0.02854960201350787,-0.03386434068960231,2026-05-13
2025-11-10,63.689998626708984,64.30999755859375,63.33000183105469,64.05999755859375,30891,0.006757763370429659,-0.01279090520668269,0.021201945258455313,63.806000518798825,63.60714303879511,65.82761879572793,64.09805976420108,64.4148502097076,-0.3167904455065127,47.67102711439006,66.8788471230632,60.33543895452702,0.10287222245692179,1.0474898696190298,-0.09760443718878922,59.869998931884766,60.47999954223633,59.40999984741211,60.130001068115234,222879,4.618,0,0,0,0,0,0,0,0,0,0,0,0,0,0,0,0,0,0,0,121.2984,0.0017193794378076444,238.729,27.952000000000027,0.55,0.010000000000000009,Mon,11,4,1,0,1,314,11,10,0,0,0,0,40.70641126802979,-0.23644552348749195,0,-0.07623802008476557,0,0.07623802008476557,-0.029687960983537875,-0.026852273703220964,2026-05-13
2025-11-11,63.970001220703125,65.29000091552734,63.61000061035156,65.160003662109375,41959,0.017171497743337927,0.011173202877479804,0.02905881200494642,63.95000076293945,63.694762275332494,65.82015857999286,64.26143574849466,64.47004676173735,-0.20861101324268816,53.788350797547785,67.03206487317094,60.35745967749404,0.10479048758867598,1.3845250233454431,-0.14369225973611496,60.06999969482422,61.279998779296875,59.65999984741211,61.040000915527344,264427,4.614428571428571,0,0,0,0,0,0,0,0,0,0,0,0,0,0,0,0,0,0,0,121.2984,0.0017193794378076444,238.729,27.952000000000027,0.55,0.010000000000000009,Tue,11,4,0,0,1,315,11,11,0,0,0,0,45.60427924638247,-0.23644552348749195,0,-0.07623802008476557,0,0.07623802008476557,-0.01852682239564596,-0.010029676806098675,2026-05-13
2025-11-12,65.20999908447266,65.20999908447266,62.560001373291016,62.709999084472656,42279,-0.037599822589657106,-0.012751910696688462,0.0051290222464293045,63.78800048828125,63.710000356038414,65.75460306803386,64.02275318479897,64.33967285971775,-0.31691967491877904,42.00906942801021,67.02512989561103,60.394870816465804,0.10406936182848117,1.285630880197532,-0.1589890951638704,61.04999923706055,61.060001373291016,58.29999923706055,58.4900016784668,329517,4.610857142857143,0,0,0,0,0,0,0,0,0,0,0,0,0,0,0,0,0,0,0,121.0458,-5.82085152865397e-4,238.729,27.952000000000027,0.52,-0.010000000000000009,Wed,11,4,0,0,1,316,11,12,0,0,0,0,49.02564663364153,-0.23644552348749195,0,-0.07623802008476557,0,0.07623802008476557,-0.07082529160758666,-0.04630252243194388,2026-05-13
2025-11-13,62.66999816894531,63.439998626708984,62.34000015258789,63.0099983215332,36603,0.004783913912300264,-0.005837846960342952,0.01776770274321149,63.71399993896485,63.76238123575846,65.70952370053246,63.866944744296546,64.24117844948185,-0.3742337051853042,43.63673307099708,66.99170938415794,60.53305308735899,0.10129258305015888,1.0298027498544047,-0.15294514750386393,58.470001220703125,59.209999084472656,58.119998931884766,58.689998626708984,247349,4.607285714285714,0,0,0,0,0,0,0,0,0,0,0,0,0,0,0,0,0,0,0,120.7725,-0.003380859565183636,238.729,27.952000000000027,0.53,-0.020000000000000018,Thu,11,4,0,0,1,317,11,13,0,0,0,0,51.816968668268025,-0.23644552348749195,0,-0.07623802008476557,0,0.07623802008476557,-0.05062534708455868,-0.04108271110443884,2026-05-13
2025-11-14,63.04999923706055,64.8499984741211,63.04999923706055,64.38999938964844,58912,0.02190130304516491,0.011944024968970846,0.05453648774095887,63.86599960327148,63.92095256987072,65.67444434998528,63.947414689735304,64.25220222282752,-0.30478753309221673,50.51698991177933,66.91113005116522,60.93077508857622,0.09355860202571277,1.5949016858115153,-0.10514289939796602,58.709999084472656,60.650001525878906,58.709999084472656,60.09000015258789,334116,4.603714285714286,0,0,0,0,0,0,0,0,0,0,0,0,0,0,0,0,0,0,0,120.9666,8.472318519463506e-4,238.729,27.952000000000027,0.52,-0.030000000000000027,Fri,11,4,0,0,1,318,11,14,0,0,0,0,54.32868894414529,-0.23644552348749195,0,-0.07623802008476557,0,0.07623802008476557,-0.03881174140964205,-0.019557759080410575,2026-05-13
2025-11-17,64.0199966430664,64.720001220703125,63.65999984741211,64.19999694824219,33667,-0.0029508066968050306,0.0021854416950357614,0.047479131819977205,63.89399948120117,64.05952380952381,65.6492061917744,63.98627349873636,64.24833516545083,-0.26206166671446596,49.618899493336194,66.79662169773216,61.32242592131545,0.08545483092715182,0.8353182282827681,-0.0975825047754995,59.79999923706055,60.439998626708984,59.31999969482422,59.90999984741211,189638,4.593,0,0,0,0,0,0,0,0,0,0,0,0,0,0,0,0,0,0,0,121.1146,0.0036860921290993165,218.228,12.575000000000017,0.53,-0.04999999999999993,Mon,11,4,1,0,1,321,11,17,0,0,0,0,40.653644295637136,-0.23644552348749195,0,-0.07623802008476557,0,0.07623802008476557,-0.04804278433974063,-0.02207504595407872,2026-05-13
2025-11-18,64,65.08000183105469,63.61000061035156,64.88999938964844,36791,0.010747702090430522,-0.0041437117447239435,0.06359615103850613,63.83999862670898,64.24428576514835,65.61825385926262,64.12530825118438,64.29586584872472,-0.17055759754033772,52.89407278777576,66.61627782459045,61.87229370570624,0.07384289610170686,0.9125204623245201,-0.05228586720896509,59.7400016784668,60.93000030517578,59.310001373291016,60.7400016784668,105325,4.582428571428571,0,0,0,0,0,0,0,0,0,0,0,0,0,0,0,0,0,0,0,121.2127,0.004224425613987393,218.228,12.575000000000017,0.54,-0.020000000000000018,Tue,11,4,0,0,1,322,11,18,0,0,0,0,45.50182761544998,-0.23644552348749195,0,-0.07623802008476557,0,0.07623802008476557,-0.05228569836759711,-0.011098351857642186,2026-05-13
2025-11-19,64.7300033569336,64.86000061035156,62.869998931884766,63.5099983215332,38776,-0.02126677579126901,0.012757124043055956,0.03571426349654461,63.99999847412109,64.34857141403924,65.5522221156529,64.0306451850842,64.23765343930312,-0.20700825421891977,46.39762616872286,66.34311774096096,62.35402508711752,0.06199193806768992,0.9702829574913171,-0.0436485458206356,60.619998931884766,60.790000915527344,58.77000045776367,59.439998626708984,79622,4.571857142857143,0,0,0,0,0,0,0,0,0,0,0,0,0,0,0,0,0,0,0,121.4978,0.007269884406433613,218.228,12.575000000000017,0.55,0.010000000000000009,Wed,11,4,0,0,1,323,11,19,0,0,0,0,49.10083655280179,-0.23644552348749195,0,-0.07623802008476557,0,0.07623802008476557,-0.0653421460797261,-0.03115415051097159,2026-05-13
2025-11-20,63.59000015258789,64.38999938964844,62.95000076293945,63.380001068115234,42345,-0.00204687855225294,0.005872127542266403,0.012621839169218774,64.0739990234375,64.38619050525483,65.48317446027484,63.93054609016589,64.17412363402994,-0.24357754386404906,45.82663905082238,66.26804659795076,62.50433441255891,0.058455270545703014,1.0616959555514325,-0.029868291498541148,59.630001068115234,60.33000183105469,58.86000061035156,59.13999938964844,324282,4.561285714285714,0,0,0,0,0,0,0,0,0,0,0,0,0,0,0,0,0,0,0,121.6889,0.00661265039560921,218.228,12.575000000000017,0.55,0.020000000000000018,Thu,11,4,0,0,1,324,11,20,0,0,0,0,51.953653265852246,-0.23644552348749195,0,-0.07623802008476557,0,0.07623802008476557,-0.060201678919250545,-0.03211776780057429,2026-05-13
2025-11-21,63.130001068115234,63.13999938964844,61.869998931884766,62.560001373291016,43029,-0.01293783024621531,-0.02842053166180991,-0.05197752085944052,63.70799942016602,64.22285733904157,65.38412681458489,63.71969305680052,64.05455902212336,-0.33486596532283386,42.29118948273849,66.11544542331508,62.330269254768055,0.05893814640735375,1.0617837789819669,-0.038022110488389514,58.79999923706055,58.79999923706055,57.380001068115234,58.060001373291016,345014,4.550714285714286,0,0,0,0,0,0,0,0,0,0,0,0,0,0,0,0,0,0,0,121.8653,0.008019302572959575,218.228,12.575000000000017,0.55,0.030000000000000027,Fri,11,4,0,0,1,325,11,21,0,0,0,0,54.07024965471057,-0.23644552348749195,0,-0.07623802008476557,0,0.07623802008476557,-0.061787626170196175,-0.04319282949671377,2026-05-13
2025-11-24,62.560001373291016,63.529998779296875,61.93000030517578,63.369998931884766,30888,0.0129475310232261,-0.01292831862634769,-0.03897487737895022,63.54199981689453,64.10047621954055,65.32301566714332,63.66589396065964,64.00385086729086,-0.3379569066312271,46.668106801673154,65.85397036193947,62.34698207714163,0.05471079922692934,0.7621980560100087,-0.027626456795159623,58.04999923706055,59.060001373291016,57.41999816894531,58.84000015258789,238138,4.519,0,0,0,0,0,0,0,0,0,0,0,0,0,0,0,0,0,0,0,121.9171,0.00797003135926233,244.713,41.70099999999999,0.58,0.04999999999999993,Mon,11,4,1,0,1,328,11,24,0,0,0,0,40.355137601426996,-0.23644552348749195,0,-0.07623802008476557,0,0.07623802008476557,-0.04806971274762151,-0.029897834864364703,2026-05-13
2025-11-25,63.40999984741211,63.40999984741211,61.61000061035156,62.47999954223633,26580,-0.014044491157481076,-0.03713977300170179,-0.04785131168726231,63.05999984741211,63.95095225742885,65.23460291302393,63.48344866551759,63.8909729913609,-0.4075243258433048,42.82474160203499,65.69572654726028,62.206177967597434,0.05456601436701018,0.6817657167773873,-0.06828578068660072,58.88999938964844,58.959999084472656,57.099998474121094,57.95000076293945,334442,4.512142857142857,0,0,0,0,0,0,0,0,0,0,0,0,0,0,0,0,0,0,0,121.6335,0.005779988340796072,244.713,41.70099999999999,0.58,0.039999999999999925,Tue,11,4,0,0,1,329,11,25,0,0,0,0,44.77646076423934,-0.23644552348749195,0,-0.07623802008476557,0,0.07623802008476557,-0.07614960698407192,-0.042226107737028284,2026-05-13
2025-11-26,62.599998474121094,63.20000076293945,62.119998931884766,63.130001068115234,21288,0.010403353563399165,-0.005983266626683692,-0.019720503535288425,62.98400039672852,63.89047604515439,65.14746002923874,63.42907211207108,63.834604700750106,-0.40553258867902287,46.3029172724001,65.65777327000092,62.12317882030786,0.0553227126871773,0.5770998077960523,-0.0904175643082516,58.04999923706055,58.720001220703125,57.65999984741211,58.650001525878906,228285,4.505285714285715,0,0,0,0,0,0,0,0,0,0,0,0,0,0,0,0,0,0,0,121.2437,0.0036829836057974408,244.713,41.70099999999999,0.55,0.020000000000000018,Wed,11,4,0,0,1,330,11,26,0,0,0,0,48.44644270585439,-0.23644552348749195,0,-0.07623802008476557,0,0.07623802008476557,-0.08916457521519938,-0.030967576636419247,2026-05-13
2025-11-28,63.0099983215332,63.459999084472656,62.810001373291016,63.20000076293945,31795,0.0011088182106744338,-0.0028400173894338465,-0.0264941074325018,62.94800033569336,63.80857140677316,65.06936475965712,63.393830366050835,63.78759700165302,-0.3937666356021836,46.679107268878624,65.53441392283136,62.08272889071496,0.05409437879610656,0.8733186658646254,-0.10120869730855082,58.58000183105469,59.63999938964844,58.27000045776367,58.54999923706055,153758,4.4915714285714285,0,0,0,0,0,0,0,0,0,0,0,0,0,0,0,0,0,0,0,121.0527,0.003453360975694597,244.713,41.70099999999999,0.55,0.030000000000000027,Fri,11,4,0,0,1,332,11,28,0,0,0,0,43.55051980206816,-0.23644552348749195,0,-0.07623802008476557,0,0.07623802008476557,-0.09881643750015634,-0.028728788172781905,2026-05-13
2025-12-01,62.689998626708984,63.810001373291016,62.689998626708984,63.16999816894531,31203,-4.747245827840807e-4,0.009750587951788736,-0.02815387432391825,63.06999969482422,63.721428462437224,64.97460283551898,63.359394643419215,63.741848939970964,-0.38245429655174945,46.52864614254574,65.37801917174255,62.0648377531319,0.05199477630297823,0.9276612697034743,-0.09679122757125651,58.959999084472656,59.970001220703125,58.83000183105469,59.31999969482422,232770,4.471,0,0,0,0,0,0,0,0,0,0,0,0,0,0,0,0,0,0,0,120.9862,0.00377495619391488,198.173,-17.85300000000001,0.55,0.06000000000000005,Mon,12,4,1,0,1,335,12,1,0,0,0,1,34.93020872983076,-0.23644552348749195,0,-0.07623802008476557,0,0.07623802008476557,-0.07061943453806752,-0.027774000729823056,2026-05-13
2025-12-02,63.29999923706055,63.43000030517578,62.16999816894531,62.45000076293945,39539,-0.011397774685385609,-0.014517882033329377,-0.040264314494735776,62.886000061035155,63.596666608537944,64.89285684010339,63.21948789257617,63.646156482413076,-0.4266685898369076,42.95073784000805,65.22101090658907,61.972322310486824,0.05108268670902488,1.1553206285757698,-0.07276908958351219,59.52000045776367,59.66999816894531,58.279998779296875,58.63999938964844,255513,4.4592857142857145,0,0,0,0,0,0,0,0,0,0,0,0,0,0,0,0,0,0,0,121.1467,-0.0011254650273079259,198.173,-17.85300000000001,0.58,0.07999999999999996,Tue,12,4,0,0,1,336,12,2,0,0,0,1,40.429121525917374,-0.23644552348749195,0,-0.07623802008476557,0,0.07623802008476557,-0.0681885423609574,-0.03764445265806615,2026-05-13
2025-12-03,62.43000030517578,63.349998474121094,62.16999816894531,62.66999816894531,40622,0.003522776674430572,0.003040951153985727,-0.03421176208328447,62.92399978637695,63.49095226469494,64.82428541637603,63.13495101201758,63.573848459193236,-0.4388974471756555,44.35865695704662,65.04939961606237,61.93250491332751,0.04909195076710253,1.1738257263808822,-0.11131859244881102,58.650001525878906,59.63999938964844,58.369998931884766,58.95000076293945,260974,4.447571428571429,0,0,0,0,0,0,0,0,0,0,0,0,0,0,0,0,0,0,0,120.7336,-0.005373770759206864,198.173,-17.85300000000001,0.57,0.05999999999999994,Wed,12,4,0,0,1,337,12,3,0,0,0,1,44.87722237894183,-0.23644552348749195,0,-0.07623802008476557,0,0.07623802008476557,-0.04100995206965574,-0.03323271878113898,2026-05-13
2025-12-04,62.7599983215332,63.61000061035156,62.529998779296875,63.2599983215332,32164,0.009414395561291977,0.002059199290646463,-0.01831167093679109,62.949999237060545,63.43476159232004,64.78872983417814,63.15418905963537,63.55060030084805,-0.39641124121268234,48.060712330395525,64.93343627322754,61.93608691141253,0.047250896615301484,0.9475243995486856,-0.12294503515893294,59.09000015258789,60.02000045776367,58.810001373291016,59.66999816894531,264993,4.435857142857143,0,0,0,0,0,0,0,0,0,0,0,0,0,0,0,0,0,0,0,120.6766,-0.006377870288642784,198.173,-17.85300000000001,0.59,0.05999999999999994,Thu,12,4,0,0,1,338,12,4,0,0,0,1,48.55424302918863,-0.23644552348749195,0,-0.07623802008476557,0,0.07623802008476557,-0.013258497593604979,-0.023595639497141163,2026-05-13
2025-12-05,63.29999923706055,64.08000183105469,63.06999969482422,63.75,26349,0.007745837677330503,0.008702519468687608,0.003620899568306246,63.05999908447266,63.44571395147415,64.75269814143105,63.24585228122993,63.56537064893338,-0.3195183677034521,50.97791886475267,64.95035474235208,61.941073160596225,0.04743080965339078,0.8146059599884993,-0.07617579030466558,59.70000076293945,60.5,59.41999816894531,60.08000183105469,255075,4.424142857142857,0,0,0,0,0,0,0,0,0,0,0,0,0,0,0,0,0,0,0,120.6863,-0.009364090584114693,198.173,-17.85300000000001,0.58,0.05999999999999994,Fri,12,4,0,0,1,339,12,5,0,0,0,1,51.59220284246224,-0.23644552348749195,0,-0.07623802008476557,0,0.07623802008476557,-0.012087382520563739,-0.015485040318180876,2026-05-13
2025-12-08,63.900001525878906,63.959999084472656,62.349998474121094,62.4900016784668,38815,-0.01976467955346206,-0.010764548206252833,-0.014042274765693752,62.92399978637695,63.403333028157554,64.69079341585675,63.129567573112524,63.48571368815808,-0.35614611504555427,44.11628959348173,64.9648110662818,61.841854990033305,0.04925539284916742,1.215844983288592,-0.068857130113539,60.150001525878906,60.29999923706055,58.68000030517578,58.880001068115234,263009,4.389,0,0,0,0,0,0,0,0,0,0,0,0,0,0,0,0,0,0,0,120.776,-0.00879947344318599,314.915,76.186,0.6,0.05999999999999994,Mon,12,4,1,0,1,342,12,8,0,0,0,1,38.91002444161781,-0.23644552348749195,0,-0.07623802008476557,0,0.07623802008476557,-0.04551702286044834,-0.034020169195366545,2026-05-13
2025-12-09,62.5,62.779998779296875,61.83000183105469,61.939998626708984,32575,-0.008801456824849674,-0.008166567333865005,-0.026559836759976196,62.82199935913086,63.32285672142392,64.60269818987165,62.94655696597352,63.371216276198886,-0.4246593102253655,41.49099062431912,65.00482178247549,61.64089166037234,0.05312347383350183,1.015018851462936,-0.04698904687231861,58.869998931884766,59.16999816894531,58.119998931884766,58.25,260206,4.373142857142858,0,0,0,0,0,0,0,0,0,0,0,0,0,0,0,0,0,0,0,120.6832,-0.008312598401903792,314.915,76.186,0.57,0.029999999999999916,Tue,12,4,0,0,1,343,12,9,0,0,0,1,43.51052682881887,-0.23644552348749195,0,-0.07623802008476557,0,0.07623802008476557,-0.053628701072498286,-0.04121653797395286,2026-05-13
2025-12-10,62.13999938964844,62.72999954223633,61.349998474121094,62.209999084472656,45191,0.0043590646391657994,-0.00734002071027029,-0.028879153053806395,62.72999954223633,63.234761555989586,64.53666638571119,62.83324036881954,63.28520018792287,-0.4519598191033296,43.275562608900564,64.94807016319714,61.52145294878203,0.054188821624338815,1.330943832998077,-0.04993416922433056,58.369998931884766,59.04999923706055,57.65999984741211,58.459999084472656,256508,4.357285714285714,0,0,0,0,0,0,0,0,0,0,0,0,0,0,0,0,0,0,0,120.6752,-0.005872079612482262,314.915,76.186,0.59,0.029999999999999916,Wed,12,4,0,0,1,344,12,10,0,0,0,1,47.248000880381724,-0.23644552348749195,0,-0.07623802008476557,0,0.07623802008476557,-0.06098114589475234,-0.03605186681526007,2026-05-13
2025-12-11,62.619998931884766,62.619998931884766,60.75,61.279998779296875,48635,-0.014949370179429988,-0.03129939289869299,-0.059545805168036314,62.33399963378906,63.0499994187128,64.44603147960845,62.59428012427759,63.13666675024687,-0.5423866259692787,38.87703124226591,64.72778333023606,61.37221550718954,0.053220743124235755,1.32560890516997,-0.07802207024543098,58.90999984741211,58.939998626708984,57.0099983215332,57.599998474121094,286808,4.341428571428572,0,0,0,0,0,0,0,0,0,0,0,0,0,0,0,0,0,0,0,119.98,-0.010869063400671397,314.915,76.186,0.62,0.06999999999999995,Thu,12,4,0,0,1,345,12,11,0,0,0,1,50.05049057738364,-0.23644552348749195,0,-0.07623802008476557,0,0.07623802008476557,-0.060410953199362294,-0.04912688380685393,2026-05-13
2025-12-12,61.599998474121094,61.849998474121094,60.810001373291016,61.119998931884766,42931,-0.002610963619440576,-0.041254918715533107,-0.025354810649033888,61.80799942016601,62.97428512573242,64.34571396358429,62.36746763314023,62.98728394888671,-0.6198163157464833,38.158448407665155,64.8485161778342,61.100054073630645,0.059523694420976686,1.1356686347956744,-0.12848357315902093,57.88999938964844,58.189998626708984,57.150001525878906,57.439998626708984,212806,4.325571428571428,0,0,0,0,0,0,0,0,0,0,0,0,0,0,0,0,0,0,0,120.1442,-0.007448420349983276,314.915,76.186,0.67,0.15000000000000002,Fri,12,4,0,0,1,346,12,12,0,0,0,1,52.26171118418198,-0.23644552348749195,0,-0.07623802008476557,0,0.07623802008476557,-0.025665560690265043,-0.05013100069920862,2026-05-13
2025-12-15,61.15999984741211,61.5,60.130001068115234,60.560001373291016,42976,-0.009162263880564514,-0.030884945644685913,-0.03888266963189113,61.42199935913086,62.857618604387554,64.22015841045076,62.089395900855735,62.80748523958333,-0.7180893387275944,35.67316117073654,65.00728686563178,60.707950343143324,0.06839801790054388,1.1025225950943698,-0.1619121090396428,57.5,57.79999923706055,56.400001525878906,56.81999969482422,229310,4.278,0,0,0,0,0,0,0,0,0,0,0,0,0,0,0,0,0,0,0,119.9561,-0.006759817011322888,255.177,36.948999999999984,0.67,0.14,Mon,12,4,1,0,1,349,12,15,0,0,0,1,38.86476461567619,-0.23644552348749195,0,-0.07623802008476557,0,0.07623802008476557,-0.04358809751792858,-0.05699389611851413,2026-05-13
2025-12-16,60.33000183105469,60.40999984741211,58.720001220703125,58.91999816894531,48212,-0.027080633539565913,-0.04875686995029127,-0.08495109912336019,60.817999267578124,62.597142355782644,64.07682509649368,61.60179624979259,62.51952323435088,-0.9177269845582856,29.59412610239626,65.2367342405916,59.957550470973686,0.08433585896961047,1.209927974502472,-0.2591868809291317,56.68000030517578,56.70000076293945,54.97999954223633,55.27000045776367,230933,4.266,0,0,0,0,0,0,0,0,0,0,0,0,0,0,0,0,0,0,0,119.8902,-0.008898324000178648,255.177,36.948999999999984,0.67,0.15000000000000002,Tue,12,4,0,0,1,350,12,16,0,0,0,1,42.86918314875883,-0.23644552348749195,0,-0.07623802008476557,0,0.07623802008476557,-0.05561790759175511,-0.08047881460703876,2026-05-13
2025-12-17,58.939998626708984,60.65999984741211,58.90999984741211,59.68000030517578,50078,0.012898882550051338,-0.04066868375711574,-0.07040493548170124,60.31199951171875,62.38190442039853,63.95365045941065,61.306135335236164,62.30918820256013,-1.0030528673239658,35.11247390460338,65.20342623478167,59.560382606015374,0.09045962416820762,1.2276246181905541,-0.2976703266521086,55.22999954223633,56.97999954223633,55.20000076293945,55.939998626708984,125608,4.254,0,0,0,0,0,0,0,0,0,0,0,0,0,0,0,0,0,0,0,120.155,-0.007923074509596617,255.177,36.948999999999984,0.67,0.14,Wed,12,4,0,0,1,351,12,17,0,0,0,1,46.224923206767976,-0.23644552348749195,0,-0.07623802008476557,0,0.07623802008476557,-0.036020021769222255,-0.06682417850326183,2026-05-13
2025-12-18,60.63999938964844,60.720001220703125,59.54999923706055,59.81999969482422,31064,0.002345834264955604,-0.023825050808681025,-0.078132219795228,60.01999969482422,62.14047586350214,63.844761560833646,61.0774990828651,62.124803868653764,-1.0473047857886613,36.105948161492456,64.92808055152936,59.35287117547492,0.08971945094693125,0.7635696833535713,-0.31468126904833527,56.900001525878906,57.029998779296875,55.880001068115234,56.150001525878906,85735,4.242,0,0,0,0,0,0,0,0,0,0,0,0,0,0,0,0,0,0,0,120.0528,-0.009569129307407498,255.177,36.948999999999984,0.66,0.12,Thu,12,4,0,0,1,352,12,18,0,0,0,1,49.05531418621463,-0.23644552348749195,0,-0.07623802008476557,0,0.07623802008476557,-0.020307920906945776,-0.06303981356676358,2026-05-13
2025-12-19,59.77000045776367,60.63999938964844,59.40999984741211,60.470001220703125,36104,0.010865956689985579,-0.010634779491832669,-0.04786643333604623,59.89000015258789,61.99571409679594,63.74793618822854,60.98403787330172,62.002225894731495,-1.018188021429772,40.64947291983621,64.80030026597106,59.191127927620826,0.09047677601700739,0.8666741882130966,-0.29925268822974055,56.029998779296875,56.900001525878906,55.81999969482422,56.65999984741211,209264,4.2299999999999995,0,0,0,0,0,0,0,0,0,0,0,0,0,0,0,0,0,0,0,120.1652,-0.010968099833906453,255.177,36.948999999999984,0.68,0.13,Fri,12,4,0,0,1,353,12,19,0,0,0,1,51.333168751889026,-0.23644552348749195,0,-0.07623802008476557,0,0.07623802008476557,-0.013379012605243434,-0.05142025238035408,2026-05-13
2025-12-22,60.56999969482422,62.15999984741211,60.560001373291016,62.06999969482422,35138,0.026459375588259393,0.024933921520668312,-0.020669002070276776,60.19199981689453,61.93333307902018,63.65968225872706,61.15110892276672,62.00724617621985,-0.8561372534531344,50.062861702475146,64.665953309268,59.200712848772355,0.08824392598929884,0.8509968418809214,-0.2499779250595617,56.630001068115234,58.130001068115234,56.599998474121094,58.0099983215332,221576,4.194,0,0,0,0,0,0,0,0,0,0,0,0,0,0,0,0,0,0,0,119.9912,-0.013951149200954194,264.566,19.85299999999998,0.73,0.17999999999999994,Mon,12,4,1,0,1,356,12,22,0,0,0,0,38.69453431116743,-0.23644552348749195,0,-0.07623802008476557,0,0.07623802008476557,0.017374223937929312,-0.02497157553256424,2026-05-13
2025-12-23,61.9900016784668,62.54999923706055,61.72999954223633,62.380001068115234,26231,0.0049943833545220695,0.05872374417339299,-0.0028772426666319184,60.88400039672852,61.924761635916575,63.549682314433745,61.34016925282033,62.034857649693585,-0.6946883968732536,51.662544710387586,64.65024591922705,59.19927735260611,0.08802566893466016,0.645193821330185,-0.18292298369355284,57.95000076293945,58.560001373291016,57.7400016784668,58.380001068115234,183633,4.1897142857142855,0,0,0,0,0,0,0,0,0,0,0,0,0,0,0,0,0,0,0,119.7057,-0.017721205297980713,264.566,19.85299999999998,0.7,0.1499999999999999,Tue,12,4,0,0,1,357,12,23,0,0,0,0,43.431497333841186,-0.23644552348749195,0,-0.07623802008476557,0,0.07623802008476557,0.01728638908294844,-0.018405776452683376,2026-05-13
2025-12-24,62.43000030517578,62.720001220703125,62.02000045776367,62.2400016784668,14966,-0.0022442992505813386,0.04289546515081022,-0.017831738558692134,61.396000671386716,61.87095224289667,63.435714116172186,61.47860501061209,62.050053503676786,-0.5714484930646933,50.87000816780399,64.52014773848815,59.22175674730519,0.08563616364561866,0.39767760107351163,-0.0991427578768893,58.470001220703125,58.75,58.130001068115234,58.349998474121094,111762,4.185428571428571,0,0,0,0,0,0,0,0,0,0,0,0,0,0,0,0,0,0,0,119.4372,-0.02034087096887971,264.566,19.85299999999998,0.68,0.10000000000000009,Wed,12,4,0,0,1,358,12,24,0,0,0,0,47.192397615127426,-0.23644552348749195,0,-0.07623802008476557,0,0.07623802008476557,-0.005591923202873161,-0.018849199608845568,2026-05-13
2025-12-26,62.349998474121094,62.689998626708984,60.59000015258789,60.63999938964844,9687,-0.025706976954853022,0.01370778500514036,-0.02944942647357185,61.560000610351565,61.78333318801153,63.285079229445685,61.349588761233065,61.945605050785794,-0.596016289552729,42.790733422738775,64.46938125567672,59.097285120346335,0.08695057158833884,0.2871183537006465,-0.04043947995363987,58.349998474121094,58.880001068115234,56.650001525878906,56.7400016784668,166669,4.176857142857143,0,0,0,0,0,0,0,0,0,0,0,0,0,0,0,0,0,0,0,119.4723,-0.01776813131250843,264.566,19.85299999999998,0.68,0.10000000000000009,Fri,12,4,0,0,1,360,12,26,0,0,0,0,42.23111966044136,-0.23644552348749195,0,-0.07623802008476557,0,0.07623802008476557,-0.08037614278930838,-0.041796263384727306,2026-05-13
2025-12-29,61.040000915527344,62.150001525878906,60.95000076293945,61.939998626708984,9170,0.021437982357276564,0.024309531607923596,-0.018850030433585352,61.854000091552734,61.72666640508743,63.18936490255689,61.44042104822936,61.945189760113436,-0.5047687118840756,49.771003807901714,64.34268885068657,59.110643959488286,0.08476150091862189,0.3020162963646065,0.02753855946299777,57.040000915527344,58.29999923706055,56.90999984741211,58.08000183105469,178590,4.164,0,0,0,0,0,0,0,0,0,0,0,0,0,0,0,0,0,0,0,119.5899,-0.013640296361790427,271.346,73.173,0.67,0.12,Mon,12,4,1,0,1,363,12,29,0,0,0,0,34.00930897000309,-0.23644552348749195,0,-0.07623802008476557,0,0.07623802008476557,-0.05608052370989469,-0.01977178086493714,2026-05-13
2025-12-30,61.70000076293945,62.33000183105469,61.5099983215332,61.91999816894531,30567,-3.2290051997263536e-4,-0.0024166509846368367,-0.02025320535667996,61.82399978637695,61.665713900611514,63.108412545824805,61.51420214372412,61.943323716323206,-0.4291215725990867,49.67059155310446,64.19579337985489,59.13563442136814,0.08205789957515716,1.049629657609274,0.07923078432187802,57.810001373291016,58.470001220703125,57.599998474121094,57.95000076293945,143802,4.162571428571428,0,0,0,0,0,0,0,0,0,0,0,0,0,0,0,0,0,0,0,119.4939,-0.012877036199936076,271.346,73.173,0.69,0.1399999999999999,Tue,12,4,0,0,1,364,12,30,0,0,0,0,39.59140957200096,-0.23644552348749195,0,-0.07623802008476557,0,0.07623802008476557,-0.038509367984052245,-0.0188313147001844,2026-05-13
2025-12-31,61.27000045776367,61.90999984741211,60.619998931884766,60.849998474121094,30919,-0.017280357339559127,-0.024527133180447858,-0.03672629036048858,61.517999267578126,61.555237724667506,63.036983974396236,61.41201696378519,61.862336661345275,-0.45031969756008294,44.498309140818066,64.01095459185821,59.099520857476804,0.07978904665026104,1.1287437391393234,0.10934061742090731,57.95000076293945,58.54999923706055,57.20000076293945,57.41999816894531,157160,4.161142857142857,0,0,0,0,0,0,0,0,0,0,0,0,0,0,0,0,0,0,0,119.7456,-0.010254062033521194,271.346,73.173,0.71,0.15999999999999992,Wed,12,4,0,0,1,365,12,31,0,0,0,0,43.84059523948538,-0.23644552348749195,0,-0.07623802008476557,0,0.07623802008476557,-0.06269254173779559,-0.03469368872665979,2026-05-13
2026-01-02,60.91999816894531,61.36000061035156,60,60.75,33381,-0.0016433603390084706,-0.023939615011004944,-0.027221789306178912,61.21999893188477,61.474285307384676,62.983650631374786,61.31016820012593,61.77994135309748,-0.4697731529715483,44.036786595797025,63.9181721454544,59.03039846931495,0.07950923954137122,1.2977253554253636,0.11191202520014062,57.40999984741211,57.93000030517578,56.599998474121094,57.31999969482422,189503,4.158285714285714,0,0,0,0,0,0,0,0,0,0,0,0,0,0,0,0,0,0,0,119.6059,-0.012718464473237767,271.346,73.173,0.72,0.14,Fri,1,1,0,0,1,2,1,2,0,0,0,0,40.116016890600704,-0.23644552348749195,0,-0.07623802008476557,0,0.07623802008476557,-0.06639003711518132,-0.0354639753171454,2026-05-13
2026-01-05,60.88999938964844,61.880001068115234,59.7599983215332,61.7599983215332,45681,0.016625486774209053,0.018469639563946982,-0.014520502217966191,61.44399871826172,61.43095198131743,62.93968237014044,61.37937283418859,61.778464091500126,-0.3990912573115395,49.71016304866363,63.81738797440399,59.04451598823086,0.07769490512900842,1.6804122952870026,0.140395472599909,57.470001220703125,58.5099983215332,56.310001373291016,58.31999969482422,301483,4.154,0,0,0,0,0,0,0,0,0,0,0,0,0,0,0,0,0,0,0,119.6192,-0.009230239138069196,298.7,-16.215000000000032,0.71,0.14,Mon,1,1,1,0,1,5,1,5,0,0,0,0,32.89363452290926,-0.23644552348749195,0,-0.07623802008476557,0,0.07623802008476557,-0.04823549233403979,-0.01874308868719199,2026-05-13
2026-01-06,61.790000915527344,62.31999969482422,60.400001525878906,60.70000076293945,48263,-0.017163173371139373,-0.020019339542491243,-0.04046787269234475,61.19599914550781,61.30904733567011,62.86396807716007,61.274854053996414,61.698577919014156,-0.42372386501774173,44.599916009343744,63.56081052567249,59.05728414566773,0.07345614677957275,1.6993834572170012,0.11731863336248599,58.34000015258789,58.869998931884766,56.84000015258789,57.130001068115234,292067,4.146142857142857,0,0,0,0,0,0,0,0,0,0,0,0,0,0,0,0,0,0,0,119.7807,-0.007423974490497698,298.7,-16.215000000000032,0.71,0.12,Tue,1,1,0,0,1,6,1,6,0,0,0,0,38.45822186325208,-0.23644552348749195,0,-0.07623802008476557,0,0.07623802008476557,-0.05803850926088172,-0.034423014970428434,2026-05-13
2026-01-07,60.61000061035156,60.90999984741211,59.45000076293945,59.959999084472656,71788,-0.012191131287738077,-0.0316537329204194,-0.05945099475337012,60.80399932861328,61.12857110159738,62.77682525392563,61.07256867406968,61.56979430164071,-0.4972256275710336,41.40019838766001,63.15489109120621,59.10225111198855,0.066296985291576,2.2388064356173185,0.018417467389788146,57,57.16999816894531,55.7599983215332,55.9900016784668,383128,4.138285714285714,0,0,0,0,0,0,0,0,0,0,0,0,0,0,0,0,0,0,0,119.8719,-0.006748073310723801,298.7,-16.215000000000032,0.68,0.10000000000000009,Wed,1,1,0,0,1,7,1,7,0,0,0,0,42.75909862235939,-0.23644552348749195,0,-0.07623802008476557,0,0.07623802008476557,-0.056045361266301774,-0.04487047820687351,2026-05-13
2026-01-08,60.349998474121094,63.0099983215332,59.95000076293945,61.9900016784668,64136,0.033855947714979795,0.018734646391660004,-0.008001279989920285,61.03199996948242,61.104761577787855,62.70920623294891,61.2137122132077,61.6009207739982,-0.3872085607904978,51.64819308575037,63.07486452751751,59.1346586280582,0.06448279639293472,1.7887203743885227,-0.0020000415843923758,56.41999816894531,58.7400016784668,55.970001220703125,57.7599983215332,334134,4.130428571428571,0,0,0,0,0,0,0,0,0,0,0,0,0,0,0,0,0,0,0,120.0904,-0.005676624494932669,298.7,-16.215000000000032,0.7,0.09999999999999998,Thu,1,1,0,0,1,8,1,8,0,0,0,0,46.60931944507778,-0.23644552348749195,0,-0.07623802008476557,0,0.07623802008476557,-0.02193119858351833,-0.011468883082500603,2026-05-13
2026-01-09,62.66999816894531,63.90999984741211,61.84000015258789,63.34000015258789,56568,0.02177768087704446,0.04263374736770187,0.02260254370227277,61.55,61.17142831711542,62.67936494615343,61.54083343465081,61.729741468708546,-0.18890803405773937,57.03001493132123,63.344530486101824,58.99832614812902,0.07104958078536093,1.4136345461815274,0.01061534671992948,58.400001525878906,59.77000045776367,57.61000061035156,59.119998931884766,360309,4.122571428571429,0,0,0,0,0,0,0,0,0,0,0,0,0,0,0,0,0,0,0,120.2215,-0.003825718907022657,298.7,-16.215000000000032,0.64,0.07000000000000006,Fri,1,1,0,0,1,9,1,9,0,0,0,0,49.960799085234704,-0.23644552348749195,0,-0.07623802008476557,0,0.07623802008476557,-0.004557612928795973,0.010539915441102554,2026-05-13
2026-01-12,63.40999984741211,64.279998779296875,62.7599983215332,63.869998931884766,56900,0.008367520966531261,0.034164518583153614,0.026683810831729105,61.97200012207031,61.25047592889695,62.69746017456055,61.89916658807141,61.888279058573445,0.01088752949796401,58.96125793763794,63.68704319802206,58.81390865977183,0.0795607620079106,1.2718693349844536,0.04432964953747349,59,59.90999984741211,58.45000076293945,59.5,309700,4.099,0,0,0,0,0,0,0,0,0,0,0,0,0,0,0,0,0,0,0,119.9958,-0.00562998859749142,330.963,75.78600000000003,0.65,0.06000000000000005,Mon,1,1,1,0,1,12,1,12,0,0,0,0,38.35728024104209,-0.23644552348749195,0,-0.07623802008476557,0,0.07623802008476557,-0.0029659480791456305,0.018701535182759743,2026-05-13
2026-01-13,64.16999816894531,65.910003662109375,63.849998474121094,65.470001220703125,80180,0.02505092086387406,0.0785832025998261,0.06837471483145352,62.92600021362305,61.4499998546782,62.73158718290783,62.44852576232245,62.15359181132379,0.2949339509986544,64.19324965164256,64.5045641980245,58.395435511331904,0.09941625225614226,1.5467328210994573,0.16156046102335087,59.95000076293945,61.5,59.470001220703125,61.150001525878906,411190,4.098714285714286,0,0,0,0,0,0,0,0,0,0,0,0,0,0,0,0,0,0,0,120.1401,0.001334389064844066,330.963,75.78600000000003,0.65,0.030000000000000027,Tue,1,1,0,0,1,13,1,13,0,0,0,0,43.78557754422307,-0.23644552348749195,0,-0.07623802008476557,0,0.07623802008476557,0.004757482215643538,0.043652873468845055,2026-05-13
2026-01-14,65.44000244140625,66.80999755859375,63.470001220703125,66.5199966430664,96568,0.016037809726376695,0.10940623180050268,0.08835074943636156,64.2379997253418,61.707142602829705,62.79714269486685,63.07490589782152,62.47702920626769,0.5978766915538358,67.15278196303879,65.47169339175446,57.94259181390495,0.1220134535528509,1.6524750848756982,0.30406590556050384,61.119998931884766,62.36000061035156,59.189998626708984,62.02000045776367,410261,4.098428571428571,0,0,0,0,0,0,0,0,0,0,0,0,0,0,0,0,0,0,0,119.9537,-0.0015855946437697277,330.963,75.78600000000003,0.64,-0.030000000000000027,Wed,1,1,0,0,1,14,1,14,0,0,0,0,48.340430059409094,-0.23644552348749195,0,-0.07623802008476557,0,0.07623802008476557,0.06075582226466847,0.05928381114868575,2026-05-13
2026-01-15,65.69000244140625,65.69000244140625,63.279998779296875,63.7599983215332,54944,-0.04149125767914308,0.02855293749219623,0.0528401069299429,64.59199905395508,61.85952340988886,62.82650775001163,63.18030473223871,62.57206395554661,0.6082407766920994,54.42001168043114,65.68757457714658,58.03147224263113,0.12376594439283284,0.9030767131978652,0.34490110795576406,61.060001373291016,61.13999938964844,58.880001068115234,59.189998626708984,113642,4.098142857142857,0,0,0,0,0,0,0,0,0,0,0,0,0,0,0,0,0,0,0,119.9951,3.2511893934517033e-4,330.963,75.78600000000003,0.61,-0.06000000000000005,Thu,1,1,0,0,1,15,1,15,0,0,0,0,51.54305506795416,-0.23644552348749195,0,-0.07623802008476557,0,0.07623802008476557,0.011902872876980997,0.014858227919271938,2026-05-13
2026-01-16,63.79999923706055,64.7699966430664,63.45000076293945,64.12999725341797,35235,0.0058029946929878395,0.01247232552773836,0.08842497023733209,64.7499984741211,62.107618604387554,62.87523784334697,63.3264112739586,62.6874664220556,0.6389448519029983,55.634465346378114,65.80874129328944,58.40649591548567,0.11918417650102665,0.5773740174318286,0.33687907627650626,59.2599983215332,60.18000030517578,58.939998626708984,59.439998626708984,113794,4.097857142857143,0,0,0,0,0,0,0,0,0,0,0,0,0,0,0,0,0,0,0,120.0838,0.0016148108852933607,330.963,75.78600000000003,0.65,-0.020000000000000018,Fri,1,1,0,0,1,16,1,16,0,0,0,0,54.06694134679992,-0.23644552348749195,0,-0.07623802008476557,0,0.07623802008476557,-0.004037927297639743,0.019956336597838575,2026-05-13
2026-01-20,63.560001373291016,65.12000274658203,63.2599983215332,64.91999816894531,78657,0.012318742388301551,0.016439631354626005,0.08780157233536556,64.9599983215332,62.357142312186106,62.93285684736948,63.57157848857194,62.85283914404744,0.7187393445245007,58.195645179269356,66.07736247513806,58.636922149234145,0.11931977717410361,1.2228269741107116,0.37894496708125697,59.0099983215332,60.68000030517578,58.70000076293945,60.34000015258789,499595,4.106000000000001,0,0,0,0,0,0,0,0,0,0,0,0,0,0,0,0,0,0,0,119.4455,-0.005904872872539713,272.436,7.8700000000000045,0.7,0.029999999999999916,Tue,1,1,0,0,1,20,1,20,0,0,0,0,35.04314611393695,-0.23644552348749195,0,-0.07623802008476557,0,0.07623802008476557,4.623020431351321e-4,0.03157557786380538,2026-05-13
2026-01-21,64.01000213623047,65.410003662109375,63.630001068115234,65.23999786376953,52906,0.004929138999533844,-0.0035131106254029376,0.0906051186324941,64.91399765014648,62.61523746308826,62.999999697246245,63.82825839244849,63.02966571587871,0.7985926765697826,59.22252896081399,66.34820085774751,58.88227406842901,0.1192349832374216,0.8165993190117954,0.41639545147235435,59.56999969482422,60.88999938964844,59.220001220703125,60.619998931884766,333062,4.115,0,0,0,0,0,0,0,0,0,0,0,0,0,0,0,0,0,0,0,119.3431,-0.005911565577812361,272.436,7.8700000000000045,0.66,0,Wed,1,1,0,0,1,21,1,21,0,0,0,0,41.09068997072014,-0.23644552348749195,0,-0.07623802008476557,0,0.07623802008476557,0.027239798267318927,0.03555552662361672,2026-05-13
2026-01-22,65.13999938964844,65.37000274658203,63.560001373291016,64.05999755859375,49453,-0.018087068421427488,-0.036981347092853056,0.059368220033399366,64.42199783325195,62.78618966965448,63.04349172682989,63.86391057185545,63.10598659311686,0.7579239787385887,53.95895711064755,66.43438522175212,59.13799411755685,0.11621012745931497,0.7905561052966444,0.3702635209638972,60.68000030517578,60.81999969482422,58.959999084472656,59.36000061035156,324349,4.1240000000000006,0,0,0,0,0,0,0,0,0,0,0,0,0,0,0,0,0,0,0,119.1962,-0.008063898699457006,272.436,7.8700000000000045,0.65,-0.030000000000000027,Thu,1,1,0,0,1,22,1,22,0,0,0,0,45.803821397068866,-0.23644552348749195,0,-0.07623802008476557,0,0.07623802008476557,0.010728881019546055,0.016123882163259884,2026-05-13
2026-01-23,64.279998779296875,66.20999908447266,64.23999786376953,65.87999725341797,34015,0.028410861133104426,0.03324967044688254,0.061382271263511035,64.8459976196289,62.96761812482561,63.09571390303354,64.1740777536343,63.31146886425027,0.8626088893840205,59.88154703068308,66.83838366269454,59.096852586956686,0.12294463894745412,0.5712716609620675,0.3587250426575351,59.65999984741211,61.36000061035156,59.52000045776367,61.06999969482422,283419,4.133,0,0,0,0,0,0,0,0,0,0,0,0,0,0,0,0,0,0,0,118.8976,-0.009114001693457552,272.436,7.8700000000000045,0.64,-0.08999999999999997,Fri,1,1,0,0,1,23,1,23,0,0,0,0,49.82860783789449,-0.23644552348749195,0,-0.07623802008476557,0,0.07623802008476557,0.05306898668874349,0.04412793164783513,2026-05-13
2026-01-26,66.06999969482422,66.51000213623047,65.279998779296875,65.589996337890625,25795,-0.0044019570069471214,0.022766242741337983,0.051458724187424476,65.13799743652343,63.120475042433966,63.089364672464036,64.39191138198142,63.48024867711252,0.9116627048688954,58.58827478439666,67.14428003150374,59.096670053364186,0.12749602997647583,0.45682923848806256,0.34964803339360745,61.220001220703125,61.709999084472656,60.31999969482422,60.630001068115234,281062,4.16,0,0,0,0,0,0,0,0,0,0,0,0,0,0,0,0,0,0,0,118.0525,-0.013810537008680401,231.633,-39.712999999999994,0.66,-0.039999999999999925,Mon,1,1,1,0,1,26,1,26,0,0,0,0,38.637377350568,-0.23644552348749195,0,-0.07623802008476557,0,0.07623802008476557,0.03503230934865709,0.03963634248670789,2026-05-13
2026-01-27,65.7300033569336,67.779998779296875,65,67.56999969482422,34327,0.030187581452718604,0.040819494772360354,0.08563621260636056,65.66799774169922,63.37428447178432,63.11523764474051,64.8808480454957,63.78319319694302,1.0976548485526791,64.26324178806908,67.81557404763765,58.932994895930996,0.14016062233667323,0.6332460153482881,0.3453624180385043,60.779998779296875,62.630001068115234,60.13999938964844,62.38999938964844,360208,4.179142857142857,0,0,0,0,0,0,0,0,0,0,0,0,0,0,0,0,0,0,0,117.4523,-0.016618775389912077,231.633,-39.712999999999994,0.71,0.029999999999999916,Tue,1,1,0,0,1,27,1,27,0,0,0,0,44.43669270573069,-0.23644552348749195,0,-0.07623802008476557,0,0.07623802008476557,0.08146607218117952,0.0705814034189085,2026-05-13
2026-01-28,67.7699966430664,68.69999694824219,67.12999725341797,68.4000015258789,23555,0.012283584946031434,0.048436599717675,0.12796837424696839,66.2999984741211,63.74380838303339,63.159364609491256,65.42225627324696,64.12517899908642,1.297077274160543,66.34525792349316,68.50908436957735,58.978532396489435,0.14951337572771464,0.4852149014841746,0.3101976834810692,62.58000183105469,63.56999969482422,62.06999969482422,63.209999084472656,354864,4.198285714285714,0,0,0,0,0,0,0,0,0,0,0,0,0,0,0,0,0,0,0,117.5117,-0.016410498500489257,231.633,-39.712999999999994,0.7,0.019999999999999907,Wed,1,1,0,0,1,28,1,28,0,0,0,0,49.24506846226116,-0.23644552348749195,0,-0.07623802008476557,0,0.07623802008476557,0.08347854219228523,0.0829748201045093,2026-05-13
2026-01-29,68.66999816894531,71.87999725341797,68.61000061035156,70.70999908447266,26980,0.03377189337809838,0.10380895690475711,0.14158864469173538,67.62999877929687,64.16142745245071,63.259523300897506,66.23575516728168,64.61294344985578,1.622811717425904,71.34832285830618,69.73190032217208,58.59095458272933,0.17363930607215955,0.6487651099991103,0.37085712977817953,63.5,66.4800033569336,63.279998779296875,65.41999816894531,560007,4.217428571428571,0,0,0,0,0,0,0,0,0,0,0,0,0,0,0,0,0,0,0,117.4396,-0.017980615419864066,231.633,-39.712999999999994,0.71,0.039999999999999925,Thu,1,1,0,0,1,29,1,29,0,0,0,0,53.5542898869651,-0.23644552348749195,0,-0.07623802008476557,0,0.07623802008476557,NA,0.11777635041820567,2026-05-13
2026-01-30,70.160003662109375,70.91999816894531,69.11000061035156,70.69000244140625,85305,-2.8279795397134766e-4,0.07301161791925748,0.1416344401130707,68.59199981689453,64.57904670352028,63.35111067030165,66.92102397868545,65.06309596774841,1.8579280109370444,71.24958073920999,70.72862560778401,58.42946779925654,0.19045121345616003,1.9116908844805793,0.43712102869054653,65.5199966430664,66.11000061035156,63.63999938964844,65.20999908447266,449325,4.236571428571429,0,0,0,0,0,0,0,0,0,0,0,0,0,0,0,0,0,0,0,117.8996,-0.01334210365550037,231.633,-39.712999999999994,0.74,0.050000000000000044,Fri,1,1,0,0,1,30,1,30,0,0,0,0,56.99511697693366,-0.23644552348749195,0,-0.07623802008476557,0,0.07623802008476557,0.11851268335520238,0.11584472148086578,2026-05-13
2026-02-02,68.720001220703125,68.80999755859375,65.45999908447266,66.30000305175781,80104,-0.06210212530813297,0.01082492382236988,0.08956458035006443,68.73400115966797,64.83857073102679,63.37174563937717,66.82548229761966,65.15471871471208,1.6707635829075826,53.68421094361412,70.78378874916986,58.89335271288373,0.1833852273766465,1.6311237902084519,0.3631211584740916,64.720001220703125,64.73999786376953,61.38999938964844,62.13999938964844,414083,4.294,0,0,0,0,0,0,0,0,0,0,0,0,0,0,0,0,0,0,0,118.3609,-0.011563681671810877,252.952,-45.74799999999999,0.72,0.010000000000000009,Mon,2,1,1,0,1,33,2,2,0,0,0,0,42.44602479821352,-0.23644552348749195,0,-0.07623802008476557,0,0.07623802008476557,0.0495489152056241,0.046207617966596226,2026-05-13
2026-02-03,66.30000305175781,68.2699966430664,65.19000244140625,67.33000183105469,83736,0.015535425820309534,-0.003551840533572048,0.10831278734246408,68.68600158691406,65.1519041515532,63.4076186891586,66.9031006873789,65.31585079740412,1.5872498899747711,56.40013170491831,70.881776231086,59.4220320720204,0.1758926973555292,1.68762697107478,0.3606158162211325,62.279998779296875,64.20999908447266,61.119998931884766,63.209999084472656,381144,4.313428571428571,0,0,0,0,0,0,0,0,0,0,0,0,0,0,0,0,0,0,0,117.9764,-0.013623909857289673,252.952,-45.74799999999999,0.71,-0.010000000000000009,Tue,2,1,0,0,1,34,2,3,0,0,0,0,47.426283241178425,-0.23644552348749195,0,-0.07623802008476557,0,0.07623802008476557,0.07814253016008355,0.06185980837925298,2026-05-13
2026-02-04,67.94000244140625,69.75,66.98999786376953,69.45999908447266,98236,0.03163518781363739,0.015497039984607275,0.12467618154475857,68.89800109863282,65.51857085455032,63.480158366854226,67.29646967154717,65.62282474459438,1.6736449269527895,61.43623338846705,71.32181982624795,59.71532188285269,0.17714821602506267,1.814125789926612,0.4454069451971358,63.79999923706055,65.529998779296875,62.86000061035156,65.13999938964844,446588,4.332857142857143,0,0,0,0,0,0,0,0,0,0,0,0,0,0,0,0,0,0,0,118.2602,-0.011361052406302696,252.952,-45.74799999999999,0.72,0.010000000000000009,Wed,2,1,0,0,1,35,2,4,0,0,0,0,51.83850024431035,-0.23644552348749195,0,-0.07623802008476557,0,0.07623802008476557,0.10834531855614404,0.09420015437045226,2026-05-13
2026-02-05,68.83000183105469,68.94000244140625,66.91999816894531,67.55000305175781,65248,-0.027497783730057845,-0.04468952161829054,0.1128501186609645,68.26600189208985,65.84476143973214,63.52952345590743,67.3354748069642,65.76557869327316,1.569896113691044,55.271061065284684,71.26808488438387,60.4214379950804,0.16473059742545237,1.1707856257211096,0.371714715643244,64.48999786376953,64.66999816894531,62.650001525878906,63.290000915527344,389763,4.352285714285714,0,0,0,0,0,0,0,0,0,0,0,0,0,0,0,0,0,0,0,118.5034,-0.010663654495256747,252.952,-45.74799999999999,0.74,0.030000000000000027,Thu,2,1,0,0,1,36,2,5,0,0,0,0,54.98785721441137,-0.23644552348749195,0,-0.07623802008476557,0,0.07623802008476557,0.06781544173333187,0.06328521570983914,2026-05-13
2026-02-06,67.410003662109375,68.81999969482422,66.58000183105469,68.05000305175781,79538,0.007401924165967744,-0.03734614936301195,0.13492335041379544,67.73800201416016,66.22999972388858,63.6014282589867,67.44540222924013,65.93479531242016,1.5106069168199667,56.50165727152888,71.00866625899857,61.45133318877859,0.14430519568268602,1.3194232479131554,0.30784660590873814,63.099998474121094,64.58000183105469,62.20000076293945,63.54999923706055,448924,4.371714285714285,0,0,0,0,0,0,0,0,0,0,0,0,0,0,0,0,0,0,0,118.2407,-0.013607859723588245,252.952,-45.74799999999999,0.72,0.039999999999999925,Fri,2,1,0,0,1,37,2,6,0,0,0,0,57.6075848325797,-0.23644552348749195,0,-0.07623802008476557,0,0.07623802008476557,0.06745102826286775,0.0699445738019655,2026-05-13
2026-02-09,67.51000213623047,69.44000244140625,67.029998779296875,69.04000091552734,51346,0.014548094333170836,0.04132726602788428,0.11372800526168514,68.28600158691407,66.56571397327241,63.69126952640594,67.69072510405354,66.16481054227995,1.5259145617735896,58.91206351294637,71.07636819053857,62.05505975600625,0.13552485049817953,0.8171235329222201,0.28107734093299047,62.9900016784668,64.87999725341797,62.619998931884766,64.36000061035156,298005,4.43,0,0,0,0,0,0,0,0,0,0,0,0,0,0,0,0,0,0,0,117.6392,-0.020411290161411744,250.374,-80.58900000000003,0.74,0.040000000000000036,Mon,2,1,1,0,1,40,2,9,0,0,0,0,43.43162553004277,-0.23644552348749195,0,-0.07623802008476557,0,0.07623802008476557,0.10481675565897097,0.08397903557101905,2026-05-13
2026-02-10,69.1500015258789,69.5,68.48999786376953,68.80000305175781,45779,-0.003476214666670918,0.021832781534622203,0.0862014980425736,68.58000183105469,66.825714111328125,63.77333304995582,67.8613832498542,66.36000998742645,1.501373262427748,58.071942804318994,71.18225457055539,62.46917365210087,0.13038515239715928,0.7154902809665739,0.23989053244119,64.44000244140625,64.70999908447266,63.650001525878906,63.959999084472656,276292,4.444571428571428,0,0,0,0,0,0,0,0,0,0,0,0,0,0,0,0,0,0,0,117.5216,-0.022457713470552254,250.374,-80.58900000000003,0.71,0.06999999999999995,Tue,2,1,0,0,1,41,2,10,0,0,0,0,48.512525009503676,-0.23644552348749195,0,-0.07623802008476557,0,0.07623802008476557,0.11075241487155507,0.07882087639773228,2026-05-13
2026-02-11,69.11000061035156,70.720001220703125,69.01000213623047,69.4000015258789,49482,0.008720907667252753,-8.637713703506522e-4,0.08658216199270186,68.56800231933593,67.089047568185,63.85809501769051,68.098093753858,66.58519454583033,1.5128992080276618,59.62221307989269,71.36296129299599,62.815133843374,0.1274101773606866,0.7432475058354888,0.16129705408117137,64.19999694824219,65.83000183105469,64.1500015258789,64.62999725341797,340194,4.459142857142857,0,0,0,0,0,0,0,0,0,0,0,0,0,0,0,0,0,0,0,117.4601,-0.02113157293838619,250.374,-80.58900000000003,0.66,0.010000000000000009,Wed,2,1,0,0,1,42,2,11,0,0,0,0,52.697765602759816,-0.23644552348749195,0,-0.07623802008476557,0,0.07623802008476557,0.11557631485644637,0.08678471392942644,2026-05-13
2026-02-12,69.63999938964844,69.839996337890625,67.089996337890625,67.5199966430664,48058,-0.02708940693771389,-4.44210323253702e-4,0.031311980817789076,68.56200103759765,67.18666639782134,63.895555223737446,68.00915573681314,66.6544391456256,1.3547165911875396,53.008549276509214,71.39845890248239,62.9748738931603,0.1253758440617503,0.6997053136720479,0.06551659552605743,64.87000274658203,65.0999984741211,62.38999938964844,62.84000015258789,369303,4.473714285714285,0,0,0,0,0,0,0,0,0,0,0,0,0,0,0,0,0,0,0,117.5376,-0.02166220937055996,250.374,-80.58900000000003,0.62,-0.030000000000000027,Thu,2,1,0,0,1,43,2,12,0,0,0,0,55.66865379943947,-0.23644552348749195,0,-0.07623802008476557,0,0.07623802008476557,0.10182764340846684,0.05672446865259362,2026-05-13
2026-02-13,67.589996337890625,68.05000305175781,66.88999938964844,67.75,42167,0.0034064479912443435,-0.004408567792857143,0.018490730893050866,68.50200042724609,67.24523798624675,63.97555523826962,67.96928562345727,66.73559180150518,1.2336938219520874,53.68542906740771,71.45229951293373,63.038176459559764,0.12512593166961292,0.6550783446793041,-0.04046159681383074,62.9900016784668,63.2599983215332,62.13999938964844,62.88999938964844,255793,4.488285714285714,0,0,0,0,0,0,0,0,0,0,0,0,0,0,0,0,0,0,0,117.5258,-0.020240309386038047,250.374,-80.58900000000003,0.64,0,Fri,2,1,0,0,1,44,2,13,0,0,0,0,58.088404698394726,-0.23644552348749195,0,-0.07623802008476557,0,0.07623802008476557,0.10847515026143961,0.0589982337421362,2026-05-13
2026-02-17,68.05999755859375,69.029998779296875,66.83000183105469,67.41999816894531,74745,-0.004870875735124569,-0.023464697640490417,0.0574027594692712,68.1779998779297,67.41952369326637,64.0455552358476,67.88477986122466,66.78628856946371,1.0984912917609506,52.51658643755972,71.31163349096005,63.5274138955727,0.11545942731370572,1.1709368905042024,-0.10008809854696027,63.29999923706055,64.13999938964844,61.869998931884766,62.33000183105469,328727,4.535857142857143,0,0,0,0,0,0,0,0,0,0,0,0,0,0,0,0,0,0,0,117.7375,-0.018814101575814313,209.876,-62.559999999999974,0.62,0.010000000000000009,Tue,2,1,0,0,1,48,2,17,0,0,0,0,37.17903609254957,-0.23644552348749195,0,-0.07623802008476557,0,0.07623802008476557,0.14426341249413088,0.05268816736261139,2026-05-13
2026-02-18,67.51000213623047,70.68000030517578,67.339996337890625,70.3499984741211,56115,0.04345891997554796,0.022529002232706707,0.09699051125987079,68.48799896240234,67.71571422758556,64.14015839591859,68.26404426320872,67.05026708091981,1.2137771822889079,60.69834177163867,71.50166156330626,63.92976689186487,0.11181887037317548,0.9188425351310106,-0.04797826075291773,62.29999923706055,65.55999755859375,62.119998931884766,65.19000244140625,115379,4.539714285714286,0,0,0,0,0,0,0,0,0,0,0,0,0,0,0,0,0,0,0,117.8426,-0.018663633229461407,209.876,-62.559999999999974,0.62,-0.030000000000000027,Wed,2,1,0,0,1,49,2,18,0,0,0,0,43.81685916466453,-0.23644552348749195,0,-0.07623802008476557,0,0.07623802008476557,0.17878683167533338,0.09681672502071104,2026-05-13
2026-02-19,70.05000305175781,72.12999725341797,70.05000305175781,71.660003662109375,73081,0.018621253964492768,0.03256487156398302,0.10382017380259523,68.93999938964843,68.03666687011719,64.2585712009006,68.78649955534728,67.39172904989681,1.3947705054504667,63.70920527816471,71.96719239307977,64.1061413471546,0.11554138977636877,1.2480552770941955,0.10914264720874776,65.0999984741211,66.9000015258789,64.87999725341797,66.43000030517578,113408,4.543571428571429,0,0,0,0,0,0,0,0,0,0,0,0,0,0,0,0,0,0,0,118.2354,-0.010130980237849085,209.876,-62.559999999999974,0.61,-0.08999999999999997,Thu,2,1,0,0,1,50,2,19,0,0,0,0,49.387256827244784,-0.23644552348749195,0,-0.07623802008476557,0,0.07623802008476557,0.19792718200748483,0.11518202666020438,2026-05-13
2026-02-20,71.73999786376953,72.31999969482422,71.08000183105469,71.76000213623047,40579,0.0013954572845489288,0.0627962930089907,0.09993875668229846,69.78800048828126,68.3471432640439,64.36761886354476,69.24396149086778,67.71530483406967,1.5286566567981055,63.93632519074919,72.37858754596616,64.31569898212163,0.11796964991931497,0.7234751912139635,0.2642855801425149,66.66999816894531,67.05000305175781,65.94000244140625,66.38999938964844,351351,4.547428571428571,0,0,0,0,0,0,0,0,0,0,0,0,0,0,0,0,0,0,0,117.9917,-0.011323654237237135,209.876,-62.559999999999974,0.6,-0.06000000000000005,Fri,2,1,0,0,1,51,2,20,0,0,0,0,53.863798064671855,-0.23644552348749195,0,-0.07623802008476557,0,0.07623802008476557,0.18670416218979646,0.11484630631369308,2026-05-13
2026-02-23,71.23999786376953,72.4800033569336,70.73999786376953,71.48999786376953,28933,-0.0037626012322067304,0.05520292049844322,0.11598502323356752,70.53600006103515,68.7009528023856,64.49428552294535,69.58950554823727,67.99491172515854,1.5945938230787249,62.79361483047193,72.4461317500094,64.9557738547618,0.10902844268831596,0.5669968742957366,0.26228555532601994,65.88999938964844,67.279998779296875,65.37999725341797,66.30999755859375,270365,4.559,0,0,0,0,0,0,0,0,0,0,0,0,0,0,0,0,0,0,0,117.9395,-0.010543121341116679,194.27,-37.363,0.6,-0.050000000000000044,Mon,2,1,1,0,1,54,2,23,0,0,0,0,41.88592715769102,-0.23644552348749195,0,-0.07623802008476557,0,0.07623802008476557,0.15176410851071442,0.10847026653757252,2026-05-13
2026-02-24,71.470001220703125,72.23999786376953,70.70999908447266,70.7699966430664,37988,-0.010071356024868638,0.049688498444133034,0.07422585903940271,71.20599975585938,68.93380991617839,64.61158704000806,69.77111956282637,68.20047357092949,1.5706459918968818,59.728025797662404,72.5481233450251,65.31949648733168,0.10486330099095405,0.7644583610872422,0.25085690676510847,66.30999755859375,67.1500015258789,65.55000305175781,65.62999725341797,312124,4.563714285714286,0,0,0,0,0,0,0,0,0,0,0,0,0,0,0,0,0,0,0,117.9463,-0.00800100254336511,194.27,-37.363,0.61,-0.030000000000000027,Tue,2,1,0,0,1,55,2,24,0,0,0,0,47.669145798491485,-0.23644552348749195,0,-0.07623802008476557,0,0.07623802008476557,0.13449816337434495,0.09531432186064404,2026-05-13
2026-02-25,71.220001220703125,71.76000213623047,70.44999694824219,70.8499984741211,18491,0.00113044842234733,0.0071073206943128575,0.08019518874697384,71.305999755859375,69.18428620837983,64.7431742955768,69.9371009337948,68.3967346748696,1.5403662589251894,59.961921934438394,72.54552084228752,65.82305157447215,0.09716757426054246,0.39372794848809406,0.2968128581623439,66.06999969482422,66.5999984741211,65.12000274658203,65.41999816894531,306780,4.568428571428571,0,0,0,0,0,0,0,0,0,0,0,0,0,0,0,0,0,0,0,117.769,-0.0024014739205013846,194.27,-37.363,0.6,-0.06000000000000005,Wed,2,1,0,0,1,56,2,25,0,0,0,0,52.30790429969167,-0.23644552348749195,0,-0.07623802008476557,0,0.07623802008476557,0.13833542036412094,0.09432383019504664,2026-05-13
2026-02-26,71.11000061035156,72.589996337890625,69.31999969482422,70.75,17725,-0.0014114110977380134,-0.012698906162497803,0.04706231048598575,71.1239990234375,69.33571479434059,64.86031716967386,70.06216232859559,68.57105062487926,1.491111703716328,59.49677338395971,72.67797412302103,65.99345546566015,0.09640801536680048,0.4047894181537492,0.270834920694538,65.6500015258789,66.70999908447266,63.599998474121094,65.20999908447266,498542,4.573142857142857,0,0,0,0,0,0,0,0,0,0,0,0,0,0,0,0,0,0,0,117.9042,0.0038475193759510695,194.27,-37.363,0.6,-0.10999999999999999,Thu,2,1,0,0,1,57,2,26,0,0,0,0,56.00228134419667,-0.23644552348749195,0,-0.07623802008476557,0,0.07623802008476557,NA,0.09080564337850516,2026-05-13
2026-02-27,70.5,72.98999786376953,70.44000244140625,72.4800033569336,79435,0.024452344267612558,0.010033461528279553,0.05964914824615941,71.26799926757812,69.53000059581939,65.01904738895477,70.43413787141682,68.86060267910551,1.5735351923113114,64.61143941964593,73.10971544253704,65.95028574910174,0.10296892898151036,1.692775205163886,0.29670324639959456,65.3499984741211,67.83000183105469,64.8499984741211,67.0199966430664,437053,4.577857142857143,0,0,0,0,0,0,0,0,0,0,0,0,0,0,0,0,0,0,0,117.8223,0.002643141065953314,194.27,-37.363,0.59,-0.10999999999999999,Fri,2,1,0,0,1,58,2,27,0,0,0,0,59.30607372914186,-0.23644552348749195,0,-0.07623802008476557,0,0.07623802008476557,0.1952507270194055,0.1147503119100799,2026-05-13
2026-03-02,77,82.11000061035156,75.79000091552734,77.73999786376953,143671,0.0725716647794934,0.0874248172717802,0.09942015090254186,72.51799926757812,69.86476244245257,65.2509520999969,71.55811633177878,69.5183356557473,2.0397806760314836,74.96345782656351,74.91906902698803,64.81045585791712,0.14468829229037092,2.5171743788577743,0.4860218928410438,75,75.33000183105469,69.19999694824219,71.2300033569336,881329,4.592,0,0,0,0,0,0,0,0,0,0,0,0,0,0,0,0,0,0,0,118.667,0.010451329875101889,214.269,-38.68299999999999,0.58,-0.13,Mon,3,1,1,0,0,61,3,2,0,0,1,0,45.92890738454562,-0.23644552348749195,0,-0.07623802008476557,0,0.07623802008476557,0.2550855600156159,0.1914002073813914,2026-05-13
2026-03-03,78.05000305175781,85.05000305175781,77.37000274658203,81.4000015258789,229556,0.04708005869157739,0.1502049651976911,0.151506559832842,74.64400024414063,70.37476239885602,65.53984100099593,73.0722525154865,70.39845905353481,2.673793461951689,79.46479965617335,77.51126988980933,63.238254907902714,0.20281439674371998,3.163784810370824,0.7337583101712731,71.2300033569336,77.9800033569336,70.410003662109375,74.55999755859375,1009753,4.680571428571429,0,0,0,0,0,0,0,0,0,0,0,0,0,0,0,0,0,0,0,119.4341,0.01301531133269318,214.269,-38.68299999999999,0.55,-0.18999999999999995,Tue,3,1,0,0,0,62,3,3,0,0,1,0,53.04658548108943,-0.23644552348749195,0,-0.07623802008476557,0,0.07623802008476557,0.31459954672129475,0.24199266099290595,2026-05-13
2026-03-04,81.9000015258789,84.44999694824219,80.30000305175781,81.4000015258789,152390,0,0.14890618601228822,0.2277526060192352,76.75400085449219,71.09380994524274,65.82920613364568,74.35344467093148,71.21338812556029,3.140056545371195,79.46479965617337,79.44537642178085,62.742243468704636,0.23494496871023168,1.8542335635864984,0.9458902883005648,74.73999786376953,77.2300033569336,73.279998779296875,74.660003662109375,617822,4.769142857142857,0,0,0,0,0,0,0,0,0,0,0,0,0,0,0,0,0,0,0,119.0705,0.005995223084650281,214.269,-38.68299999999999,0.55,-0.16999999999999993,Wed,3,1,0,0,0,63,3,4,0,0,1,0,58.73961085301695,-0.23644552348749195,0,-0.07623802008476557,0,0.07623802008476557,0.33771575295104617,0.2365332396781692,2026-05-13
2026-03-05,82.43000030517578,86.279998779296875,81.5199966430664,85.410003662109375,146018,0.049262924583061585,0.20720853232663416,0.26852816485021425,79.68600158691406,71.95476241338821,66.1936506241087,76.0544537464973,72.26498927641576,3.7894644700815405,83.28371380484884,82.1916021784532,61.71792264832323,0.28453543370077955,1.6318762251532768,1.1578683203393256,76.1500015258789,82.160003662109375,74.970001220703125,81.01000213623047,707030,4.857714285714286,0,0,0,0,0,0,0,0,0,0,0,0,0,0,0,0,0,0,0,119.5683,0.013493376641430022,214.269,-38.68299999999999,0.56,-0.1499999999999999,Thu,3,1,0,0,0,64,3,5,0,0,1,0,64.10699786919771,-0.23644552348749195,0,-0.07623802008476557,0,0.07623802008476557,NA,0.290305079970945,2026-05-13
2026-03-06,84.839996337890625,94.55000305175781,83.16999816894531,92.69000244140625,197523,0.08523590290544059,0.27883551529305106,0.3344371388298293,83.72800140380859,73.06095304943267,66.67015862843347,78.61376893032946,73.7779532145632,4.835815715766259,87.74097637886402,86.64030476180523,59.48160133706012,0.3717266513943456,1.8780770730130356,1.5067914522611154,79.08000183105469,92.61000061035156,78.23999786376953,90.9000015258789,996251,4.946285714285714,0,0,0,0,0,0,0,0,0,0,0,0,0,0,0,0,0,0,0,119.491,0.010407558925149774,214.269,-38.68299999999999,0.59,-0.13,Fri,3,1,0,0,0,65,3,6,0,0,1,0,69.87003325022349,-0.23644552348749195,0,-0.07623802008476557,0,0.07623802008476557,0.5257613570601851,0.390277214697909,2026-05-13
2026-03-09,98.36000061035156,119.4000015258789,83.87999725341797,98.95999908447266,235965,0.06764479963230086,0.272961175762942,0.46498881737500497,87.97200164794921,74.5566671462286,67.23682530721028,81.74395818481302,75.6432899456676,6.100668239145421,90.1716637846279,91.96588083578615,57.14745345667106,0.4670062210643808,1.8745799444215825,1.9143517798119818,98,119.4800033569336,81.19000244140625,94.7699966430664,1107193,5.212,0,0,0,0,0,0,0,0,0,0,0,0,0,0,0,0,0,0,0,119.5151,0.008537307790325022,207.252,-43.121999999999986,0.56,-0.17999999999999994,Mon,3,1,1,0,0,68,3,9,0,0,1,0,55.74970520992725,-0.23644552348749195,0,-0.07623802008476557,0,0.07623802008476557,0.6023316349406267,0.4718124871648346,2026-05-13
2026-03-10,92.44999694824219,95.08000183105469,81.160003662109375,87.80000305175781,144614,-0.11277279846363608,0.07862409589567632,0.290227760680311,89.252001953125,75.4971433367048,67.61857138739691,82.67565739511222,76.5437872127854,6.131870182326821,65.33884176787049,93.55194031673139,57.4423463566782,0.4782908645829202,1.0591421632532292,1.9610111278492002,85.75,91.4800033569336,76.7300033569336,83.44999694824219,801564,5.253,0,0,0,0,0,0,0,0,0,0,0,0,0,0,0,0,0,0,0,118.7255,0.004100111044674115,207.252,-43.121999999999986,0.58,-0.14,Tue,3,1,0,0,0,69,3,10,0,0,1,0,62.19770922749449,-0.23644552348749195,0,-0.07623802008476557,0,0.07623802008476557,0.44645802221083897,0.29845989423140074,2026-05-13
2026-03-11,91.30000305175781,93.25,86.31999969482422,91.9800033569336,101940,0.04760820227661822,0.12997545003351219,0.3322711781170755,91.36800231933594,76.5895244053432,68.08666665213448,84.10709523539244,77.68721063087045,6.419884604521982,68.80420675243494,95.74577263806071,57.43327617262568,0.5002315494566799,0.7035988175343395,2.0935827234289146,86.88999938964844,88.98999786376953,81.79000091552734,87.25,538020,5.294,0,0,0,0,0,0,0,0,0,0,0,0,0,0,0,0,0,0,0,119.2885,0.014019986535100504,207.252,-43.121999999999986,0.57,-0.17000000000000004,Wed,3,1,0,0,0,70,3,11,0,0,1,0,68.19443981122612,-0.23644552348749195,0,-0.07623802008476557,0,0.07623802008476557,0.534022761197021,0.350925340887577,2026-05-13
2026-03-12,93.73999786376953,101.80000305175781,93.69999694824219,100.45999908447266,92219,0.09219390539302297,0.17620881368771024,0.4601743405286949,94.3780014038086,78.0971432640439,68.69809523082915,86.6229265967894,79.3740838496558,7.248842747133594,74.39670414051174,99.52703333922231,56.66725318886547,0.5488008697763671,0.6053772948886355,2.3824178842397834,89.31999969482422,97.19000244140625,88.61000061035156,95.7300033569336,548999,5.335,0,0,0,0,0,0,0,0,0,0,0,0,0,0,0,0,0,0,0,119.8227,0.019580230357653328,207.252,-43.121999999999986,0.51,-0.19999999999999996,Thu,3,1,0,0,0,71,3,12,0,0,1,0,74.70117284847967,-0.23644552348749195,0,-0.07623802008476557,0,0.07623802008476557,0.6205839065071201,0.46234038581305437,2026-05-13
2026-03-13,101.66000366210938,103.9000015258789,97.55000305175781,103.13999938964844,71698,0.02667728777224343,0.1127413601574574,0.4861671055034207,96.46800079345704,79.7038098289853,69.34777777535575,89.16401471876772,81.134522037803407,8.02949268096431,75.86904434569698,103.3406301955923,56.0669894623783,0.5931164499494519,0.47306864503290463,2.612769409850403,96.73999786376953,99.31999969482422,92.04000091552734,98.70999908447266,436700,5.3759999999999994,0,0,0,0,0,0,0,0,0,0,0,0,0,0,0,0,0,0,0,120.5518,0.026321278459664255,207.252,-43.121999999999986,0.55,-0.10999999999999999,Fri,3,1,0,0,0,72,3,13,0,0,1,0,80.44736290776528,-0.23644552348749195,0,-0.07623802008476557,0,0.07623802008476557,0.6283548964506032,0.48728629378375676,2026-05-13
2026-03-16,105.51000213623047,106.51000213623047,99.55999755859375,100.20999908447266,77839,-0.028407992267933335,0.01263136632542805,0.484152903831093,96.71800079345704,81.26047661190941,69.96571428813631,90.86339692887617,82.54752033755669,8.31587659131948,71.0579644963981,105.8151805943014,56.705772629517426,0.6043455565652758,0.5369088167575091,2.5965494512201643,100.93000030517578,102.44000244140625,92.93000030517578,93.5,455454,5.499,0,0,0,0,0,0,0,0,0,0,0,0,0,0,0,0,0,0,0,120.097,0.021775159608499628,190.982,-18.894000000000005,0.55,-0.06999999999999995,Mon,3,1,1,0,0,75,3,16,0,0,1,0,61.2845218713171,-0.23644552348749195,0,-0.07623802008476557,0,0.07623802008476557,0.5689682285941995,0.4322729368813818,2026-05-13
2026-03-17,101.37000274658203,104.9800033569336,100.76000213623047,103.41999816894531,65199,0.03203272242091093,0.17790426622171718,0.5264944379180121,99.84199981689453,82.95904795328777,70.63714284745474,92.79518173504066,84.09362980654845,8.701551928492208,73.07259057447067,108.50348303818829,57.41461286838724,0.6158324068348514,0.5072253492090042,2.545274571010043,94.410003662109375,98.41999816894531,93.83000183105469,96.20999908447266,308425,5.5368571428571425,0,0,0,0,0,0,0,0,0,0,0,0,0,0,0,0,0,0,0,119.8328,0.019629732365148866,190.982,-18.894000000000005,0.52,-0.12,Tue,3,1,0,0,0,76,3,17,0,0,1,0,69.77240643543023,-0.23644552348749195,0,-0.07623802008476557,0,0.07623802008476557,0.5796547463060306,0.4641022272416535,2026-05-13
2026-03-18,103.44999694824219,111.86000061035156,100.33999633789062,107.37999725341797,73104,0.03829045788613983,0.16742762920679422,0.5927024646950947,102.9219985961914,84.86190505254837,71.38031738523453,95.0389995070987,85.81854591372397,9.220453593374728,75.3519980074755,111.47571104721364,58.248099057883095,0.6272262207214276,0.6061093474192846,2.4606810349684474,96,100.55000305175781,91.95999908447266,96.31999969482422,157222,5.574714285714285,0,0,0,0,0,0,0,0,0,0,0,0,0,0,0,0,0,0,0,119.9276,0.018601550058392702,190.982,-18.894000000000005,0.5,-0.12,Wed,3,1,0,0,0,77,3,18,0,0,1,0,77.36193786452839,-0.23644552348749195,0,-0.07623802008476557,0,0.07623802008476557,0.6142513931502209,0.5043362258239299,2026-05-13
2026-03-19,109.66000366210938,119.12000274658203,103.75,108.6500015258789,87485,0.011827195985707695,0.08152501011392221,0.5444208085640092,104.55999908447265,86.68571472167969,72.16968251788427,97.13299981768026,87.50976484795765,9.623234969722603,76.05214430844767,114.35121501716804,59.02021442619134,0.6382943345235946,0.7623393802294556,2.3083954360458847,99.12999725341797,101.4800033569336,92.80000305175781,96.13999938964844,118719,5.612571428571428,0,0,0,0,0,0,0,0,0,0,0,0,0,0,0,0,0,0,0,120.1802,0.01983662953804477,190.982,-18.894000000000005,0.46,-0.15999999999999998,Thu,3,1,0,0,0,78,3,19,0,0,1,0,83.69011459768518,-0.23644552348749195,0,-0.07623802008476557,0,0.07623802008476557,0.7040464928805579,0.5054798321851353,2026-05-13
2026-03-20,107.66999816894531,113.11000061035156,105.0999984741211,112.19000244140625,57217,0.032581692276222984,0.08774484298344976,0.5655874505728966,106.36999969482422,88.61571466355096,73.00317461528475,99.44946175979196,89.3379305956205,10.111531164171453,77.9337095605639,117.50645136912891,59.72497795797301,0.6520454484911166,0.568034707330633,2.2716701297969593,95,99.66999816894531,93.41999816894531,98.31999969482422,461845,5.650428571428572,0,0,0,0,0,0,0,0,0,0,0,0,0,0,0,0,0,0,0,120.2757,0.017256253203355332,190.982,-18.894000000000005,0.51,-0.09999999999999998,Fri,3,1,0,0,0,79,3,20,0,0,1,0,89.46402610568515,-0.23644552348749195,0,-0.07623802008476557,0,0.07623802008476557,0.7494153632670988,0.5367825170977827,2026-05-13
2026-03-23,114.9000015258789,115.0999984741211,96.25,99.94000244140625,113332,-0.10918976498282762,-0.002694308407675039,0.3926978743907834,106.31600036621094,89.95761943998791,73.6400000557067,99.52492955696339,90.12326925086388,9.401660306099501,60.28291393667081,118.16996747703598,61.74527140293984,0.6272364300584667,1.281098562477463,1.8541756933862026,100.51000213623047,101.66999816894531,84.37000274658203,88.12999725341797,666790,5.764,0,0,0,0,0,0,0,0,0,0,0,0,0,0,0,0,0,0,0,119.9371,0.016487600399011093,186.777,-7.493000000000023,0.51,-0.08999999999999997,Mon,3,1,1,0,0,82,3,23,0.03442161162274574,0,1,0,65.83491486440872,-0.23644552348749195,0,-0.07623802008476557,0,0.07623802008476557,NA,0.35714288926947724,2026-05-13
2026-03-24,100.5,105.04000091552734,98.089996337890625,104.48999786376953,68614,0.04552726947381158,0.010346158516424397,0.4616030351949989,106.53000030517578,91.52904801141648,74.33873016115218,100.28878621954895,91.18747137033837,9.101314849210581,63.5821458485319,119.08975461313514,63.968341409697814,0.6022286301564286,0.8485037352515993,1.4851866166670242,88.779998779296875,93.36000061035156,86.339996337890625,92.3499984741211,420067,5.773000000000001,0,0,0,0,0,0,0,0,0,0,0,0,0,0,0,0,0,0,0,120.1295,0.018568842499756322,186.777,-7.493000000000023,0.49,-0.10999999999999999,Tue,3,1,0,0,0,83,3,24,0.051619667223253764,0,1,0,73.60892150270999,-0.23644552348749195,0,-0.07623802008476557,0,0.07623802008476557,0.6095194209933397,0.40559298816720646,2026-05-13
2026-03-25,99.98999786376953,103.4000015258789,97.1500015258789,102.22000122070312,53714,-0.021724535261508526,-0.048053605556882206,0.44439742927016224,105.49800109863281,93.02666727701823,74.97603177267408,100.58589621972652,92.00469580369872,8.581200416027798,60.865664229011884,119.23437940906334,66.81895514497313,0.5634451474866409,0.7063718650589607,1.0820438762287492,88.48999786376953,91.7300033569336,86.45999908447266,90.31999969482422,405170,5.782,0,0,-0.17857142857142858,0,0,-0.17857142857142858,-1.25,1,0,0,0,0,0,0,0,-1.25,0,0,0,120.1282,0.01849909662278515,186.777,-7.493000000000023,0.49,-0.12,Wed,3,1,0,0,0,84,3,25,0.06880242680231986,0,1,0,79.36990109849273,-0.23644552348749195,0,-0.07623802008476557,0,0.07623802008476557,0.5668302355581485,0.36336905013367815,2026-05-13
2026-03-26,103.08000183105469,109.05999755859375,102.77999877929688,108.01000213623047,28970,0.05664254398731772,-0.005890468298760165,0.5244884186649992,105.37000122070313,94.7961912609282,75.70031750391401,101.72806636072713,93.19027405055292,8.537792310174211,64.97598419728205,119.70065287955521,69.89172964230119,0.5254316927159455,0.41553590792516054,1.0104395939753588,91.37999725341797,95.44000244140625,89.51000213623047,94.4800033569336,350768,5.791,-0.07142857142857142,0,-0.17857142857142858,0,0,-0.17857142857142858,-0.5,1,0,-0.18749999999999997,0,0,0,0,0,-0.78125,0,0,0,120.389,0.022246941045606095,186.777,-7.493000000000023,0.46,-0.13999999999999996,Thu,3,1,0,0,0,85,3,26,0.08596479873744647,0,1,0,85.13999904345879,-0.23644552348749195,0,-0.07623802008476557,0,0.07623802008476557,0.686075651773745,0.4268104242844941,2026-05-13
2026-03-27,106.22000122070312,114.80999755859375,105.25,112.56999969482422,18402,0.042218289680638454,0.003387086595496136,0.5910954020469854,105.44600067138671,96.78761981782459,76.4992063613165,103.39605610443436,94.6258092834619,8.77024682097246,67.84078096951275,120.26343057278831,73.31180906286087,0.4850994538175505,0.2858003715001025,1.2084834842891476,93.30999755859375,101.23999786376953,92.08000183105469,99.63999938964844,374920,5.8,-0.32142857142857145,0,-0.17857142857142858,0,0,-0.17857142857142858,-1.75,2,0.8485281374238571,-0.5,0,0,0,0,0,-0.625,0,0,0,120.8851,0.025282390279565803,186.777,-7.493000000000023,0.56,-0.039999999999999925,Fri,3,1,0,0,0,86,3,27,0.10310169744743485,0,1,0,90.66301268527117,-0.23644552348749195,0,-0.07623802008476557,0,0.07623802008476557,0.7087128777769325,0.47151853005036815,2026-05-13
2026-03-30,116.13999938964844,116.87000274658203,111.5,112.77999877929688,15053,0.0018654977795324879,0.1284770464701417,0.5560153636293685,108.01399993896484,98.7066672188895,77.32682539924743,104.83973959287475,95.97056406093115,8.869175531943597,67.9707119269318,120.35442376950556,77.05891066827346,0.4386280513880691,0.2590476518267394,0.9847912128155036,102.5999984741211,105.36000061035156,99.43000030517578,102.87999725341797,374075,5.827,-0.425,0,-0.17857142857142858,0,0,-0.17857142857142858,-1.1,2,0.5303300858899107,-0.14500000000000002,0,0,0,0,0,0,0,0,0,121.2851,0.029390022092592005,186.258,-28.010999999999996,0.53,-0.05999999999999994,Mon,3,1,1,0,0,89,3,30,0.15430882066428117,0,1,0,69.00119297450338,-0.23644552348749195,0,-0.07623802008476557,0,0.07623802008476557,0.71946950870837445,0.45848479097648953,2026-05-13
2026-03-31,114.7300033569336,119.2699966430664,111,118.3499984741211,69949,0.049388187223909696,0.13264428073222612,0.5223823221800952,110.78600006103515,100.64047677176339,78.22222222222223,106.91824095922034,97.62829994338966,9.289941015830678,71.28464537505621,121.66833472357112,79.61261881995566,0.4178807300266586,1.1939949474259184,0.9482418186061988,105.06999969482422,106.86000061035156,99.62000274658203,101.37999725341797,495395,5.8348571428571425,-0.425,0,-0.17857142857142858,0,0,-0.17857142857142858,0,0,0,-0.21750000000000003,0,0,0,0,0,0,0,0,0,121.035,0.019955000126404165,186.258,-28.010999999999996,0.51,-0.06999999999999995,Tue,3,1,0,0,0,90,3,31,0.1712931441814776,0,1,0,78.9278334891309,-0.23644552348749195,0,-0.07623802008476557,0,0.07623802008476557,0.7515169307183904,0.5129971395839343,2026-05-13
2026-04-01,103.9000015258789,105.9000015258789,98.45999908447266,101.16000366210938,61629,-0.14524710632565452,-0.010369766639946598,0.24275186444496955,110.57400054931641,101.58142925444103,78.84507945227244,106.03235829812634,97.8899076262578,8.142450671868545,53.0440681064871,120.67244728723078,82.49041122165129,0.3758761453330331,1.0729936538612206,0.5841979477431748,101.72000122070312,103.30999755859375,96.5,100.12000274658203,434561,5.842714285714286,-0.425,0,0,0,0,0,0,0,0,-0.36250000000000004,0,0,0,0,0,0,0,0,0,120.1198,0.0057412414042554705,186.258,-28.010999999999996,0.52,-0.030000000000000027,Wed,4,2,0,0,0,91,4,1,0.1882267098432442,0,1,0,83.39135927896656,-0.23644552348749195,0,-0.07623802008476557,0,0.07623802008476557,0.478947388968052,0.28302240754725716,2026-05-13
2026-04-02,100.30000305175781,109.70999908447266,99.0199966430664,109.02999877929688,0,0.07779749735354446,0.00944353877319526,0.3394348493302395,110.77799987792969,102.8971434093657,79.60984136187841,106.49353375676796,98.71509956351996,7.778434193248003,58.30443298981303,119.83333443307643,85.96095238565496,0.3291868066022366,0,0.5302857954423515,98.91999816894531,113.97000122070312,97.5,111.54000091552734,0,5.8505714285714285,-0.3535714285714286,0,0,0,0,0,0,0,0,0,0,0,0,0,0,0,0,0,0,120.503,0.012030687701823695,186.258,-28.010999999999996,0.52,-0.030000000000000027,Thu,4,2,0,0,0,92,4,2,0.2051044998686192,0.01291029607500882,1,0,88.53504320651858,-0.23644552348749195,0,-0.07623802008476557,0,0.07623802008476557,0.5419318369534385,0.36955427763867466,2026-05-13
2026-04-06,109.19999694824219,111.87000274658203,106.8499984741211,109.7699966430664,27863,0.006787103293172336,-0.024873439276437592,0.28521240998100916,110.21799926757812,104.05714307512555,80.38793654668899,106.99760497004463,99.53398082867155,7.463624141373089,58.77212190376462,119.20541890621732,88.90886724403379,0.291153021953625,0.6089927129824316,0.37503291538783484,112.95999908447266,115.4800033569336,108.88999938964844,112.41000366210938,271742,5.882,0.1464285714285714,0,0.2571428571428572,0,0,0,-0.75,4,1.0695598783300229,0,0,0,0,0,0,0,0,0,0,120.4302,0.007860006192935032,201.757,-5.4950000000000045,0.5,-0.08999999999999997,Mon,4,2,1,0,0,96,4,6,0.2719581575341055,0.08167639533042241,1,0,58.137432462488064,-0.23644552348749195,0,-0.07623802008476557,0,0.07623802008476557,0.6556559817557366,0.3655033498628546,2026-05-13
2026-04-07,109.58999633789062,111.80000305175781,104.56999969482422,109.2699966430664,65194,-0.004554978730898829,-0.0311225587357854,0.1788757553668332,109.51599884033203,104.84666660853794,81.14206350417365,107.34720368897106,100.25516718529339,7.092036503677676,58.29631306870994,119.21484647797293,90.47848673910296,0.2740798603179425,1.5924746206532676,0.26929649939903866,112.62000274658203,117.62999725341797,109.19999694824219,112.94999694824219,429331,5.8757142857142854,0.1464285714285714,0,0.2571428571428572,0,0,0,-2.7755575615628914e-17,1,0,-5.551115123125783e-18,0.0732142857142857,0,0,0,0,0,0.1285714285714286,0,0,120.32,0.006734713856240582,201.757,-5.4950000000000045,0.52,-0.040000000000000036,Tue,4,2,0,0,0,97,4,7,0.288482432880609,0.09882013873287143,1,0,68.37483710021047,-0.23644552348749195,0,-0.07623802008476557,0,0.07623802008476557,0.6229020298744101,0.3466504538357711,2026-05-13
2026-04-08,103.4000015258789,104,90.01000213623047,94.75,82140,-0.13288182565335294,-0.19940852368732032,-0.04254243253255274,104.7959991455078,104.64619046165829,81.68253968253968,105.40917235220628,99.84737702341981,5.561795328786474,46.518427040430886,119.46960964531793,89.82277127799865,0.2833054718621763,1.9422388476144086,-0.14646182217440742,108.73999786376953,109.19000244140625,91.05000305175781,94.410003662109375,599576,5.869428571428571,0.21785714285714283,0,0.32857142857142857,0,0,0,0,1,0,-8.326672684688674e-18,0.10892857142857142,0,0,0,0,0,0.16428571428571428,0,0,119.0596,0.0028140542680386016,201.757,-5.4950000000000045,0.5,-0.07999999999999996,Wed,4,2,0,0,0,98,4,8,0.30492122465628907,0.11593459959550041,1,0,73.62635455875656,-0.23644552348749195,0,-0.07623802008476557,0,0.07623802008476557,0.3640944608244425,0.1599786241741159,2026-05-13
2026-04-09,96.529998779296875,99.5199966430664,94.339996337890625,95.91999816894531,54501,0.012348265635306666,-0.051799182517494935,0.09248285689011637,103.747998046875,105.03285689581008,82.25333331880115,103.94929940093536,99.55646007123651,4.392839329698845,47.43990666329268,118.35863232236642,91.70708146925375,0.25374489127293115,1.286308033259303,-0.43140688047304465,96.779998779296875,102.69999694824219,95.25,97.87000274658203,427201,5.863142857142857,0.21785714285714283,0,0.32857142857142857,0,0,0,0,0,0,-1.3877787807814457e-17,0.10892857142857142,0,0,0,0,0,0.16428571428571428,0,0,118.8998,-0.0032584867778536752,201.757,-5.4950000000000045,0.51,-0.05999999999999994,Thu,4,2,0,0,0,99,4,9,0.32126966169236443,0.1330147065341959,1,0,78.06138196332726,-0.23644552348749195,0,-0.07623802008476557,0,0.07623802008476557,0.41998510489259333,0.16615332532694183,2026-05-13
2026-04-10,96.37999725341797,98.25,94.23999786376953,95.19999694824219,35012,-0.007506268082230094,-0.12684584046497116,0.035007539397593046,100.98199768066407,105.18618992396763,82.78047610086108,102.6032528697518,99.23375909916287,3.3694937705889316,46.90432318473978,117.94311644620005,92.42926340173521,0.24255896199783614,0.8147194951401185,-0.5642640166230267,98.2300033569336,100.41999816894531,95.51000213623047,96.56999969482422,314855,5.856857142857143,0.13214285714285715,0,0.32857142857142857,0,0,0,-0.6,1,0,-0.12,0.10892857142857142,0,0,0,0,0,0.16428571428571428,0,0,118.8552,-0.008074429970281072,201.757,-5.4950000000000045,0.5,-0.010000000000000009,Fri,4,2,0,0,0,100,4,10,0.3375228995941133,0.1500553983446526,1,0,81.45747217101164,-0.23644552348749195,0,-0.07623802008476557,0,0.07623802008476557,0.3989712370157352,0.15002958949220058,2026-05-13
2026-04-13,99.70999908447266,103.86000061035156,97.63999938964844,99.36000061035156,50559,0.04369751885991202,-0.09483462103551399,-0.01094961660507432,98.89999847412109,105.13380904424758,83.3522221398732,102.10429098369023,99.24311032221388,2.8611806614763537,50.38932977392788,117.98095545617258,92.28666263232259,0.24439609919427588,1.0945875730677637,-0.90742871630323,102,105.62999725341797,97.029998779296875,99.08000183105469,344337,5.838,-0.014285714285714287,0,0.07142857142857142,0,0,0,0,0,0,0,0.10892857142857142,0,0,0,0,0,0.16428571428571428,0,0,118.9916,-0.012942154327019506,215.042,24.060000000000002,0.52,-0.030000000000000027,Mon,4,2,1,0,0,103,4,13,0.38566340624360707,0.20089055513063506,1,0,61.577145999008934,-0.23644552348749195,0,-0.07623802008476557,0,0.07623802008476557,0.43916569079889944,0.19204981054513137,2026-05-13
2026-04-14,98.41999816894531,99.410003662109375,94.43000030517578,94.79000091552734,40991,-0.045994360575196125,-0.13251575155473272,-0.08095790695689242,96.00399932861328,104.73619006928944,83.84301582215325,100.97901558858825,98.91325036616301,2.0657652224252416,46.75845138544419,118.33725492817464,91.13512521040423,0.25972044333266786,0.8402584464514858,-1.228615528148611,97.98999786376953,98,91.05999755859375,91.279998779296875,315821,5.826428571428571,-0.014285714285714282,0,0.07142857142857142,0,0,0,0,0,0,0,0.10892857142857142,0,0,0,0,0,0.16428571428571428,0,0,118.3581,-0.014479129370425614,215.042,24.060000000000002,0.5,-0.050000000000000044,Tue,4,2,0,0,0,104,4,14,0.401487989205973,0.21772323039653177,1,0,68.2016570729274,-0.23644552348749195,0,-0.07623802008476557,0,0.07623802008476557,0.37776158010076566,0.13056525920530704,2026-05-13
2026-04-15,95.5199966430664,96.88999938964844,91,94.93000030517578,41928,0.0014769425920060364,0.0018997393686097652,-0.05268934065996811,96.03999938964844,104.48476155598958,84.31063485524011,100.04839785267865,98.61819480608987,1.4302030465887725,46.88471763191934,118.62189165437573,90.34763145760343,0.2706065437266769,0.9118410150124941,-1.5780000623765902,92.0199966430664,93.30000305175781,86.95999908447266,91.29000091552734,240397,5.814857142857143,-0.08571428571428572,0,0,0,0,0,0,0,0,0,0.10892857142857142,0,0,0,0,0,0.16428571428571428,0,0,118.3623,-0.012271264628715972,215.042,24.060000000000002,0.53,0.010000000000000009,Wed,4,2,0,0,0,105,4,15,0.4171936026123168,0.23449138957040985,1,0,73.53375285366846,-0.23644552348749195,0,-0.07623802008476557,0,0.07623802008476557,0.3678674094809187,0.12595523053727375,2026-05-13
2026-04-16,94.910003662109375,99.839996337890625,94.41999816894531,99.38999938964844,36540,0.046981976931790737,0.03617599340015998,-0.03896730662007486,96.73399963378907,104.29285685221355,84.83238093058269,99.94710578144323,98.6753655159831,1.2717402654601244,50.881197862368325,118.59909144998741,89.98662225443968,0.2743473528210331,0.8405255700115934,-1.5770329402043302,91.470001220703125,95.44000244140625,90.5199966430664,94.69000244140625,194354,5.803285714285714,0.11428571428571428,0,0,0,0,0,0,1,0,0,0.2089285714285714,0,0,0,0,0,0.16428571428571428,0,0,118.3616,-0.013057878253212807,215.042,24.060000000000002,0.54,0.040000000000000036,Thu,4,2,0,0,0,106,4,16,0.4327755925504312,0.25119006388481935,1,0,78.68895303535089,-0.23644552348749195,0,-0.07623802008476557,0,0.07623802008476557,0.4720083579840453,0.1716045017170751,2026-05-13
2026-04-17,98.25,98.970001220703125,86.08000183105469,90.37999725341797,85233,-0.09065300524761721,-0.05063025051822989,-0.15831626406061283,95.76999969482422,103.48333304268974,85.25492059616815,98.4752429309778,98.06089379283013,0.4143491381476707,43.72386058610854,118.93400981382086,88.03265627155861,0.2986118888296205,1.6392190952782997,-1.6452747386890454,93.18000030517578,94.04000091552734,80.55999755859375,83.8499984741211,116624,5.791714285714286,0.07857142857142856,0,0,0,0,0,-0.85,2,1.131370849898476,-0.17,0.2089285714285714,0,0,0,0,0,0.16428571428571428,0,0,118.0795,-0.017479584823456795,215.042,24.060000000000002,0.55,0.09000000000000002,Fri,4,2,0,0,0,107,4,17,0.4482293417404106,0.2678143051621742,1,0,80.98584749139411,-0.23644552348749195,0,-0.07623802008476557,0,0.07623802008476557,0.334022099681446,0.06011473145961932,2026-05-13
2026-04-20,96.20999908447266,97.80999755859375,92.7699966430664,95.4800033569336,46389,0.05642848261231559,-0.03904989160209149,-0.1212148917071888,94.99400024414062,102.85619027273995,85.7525397406684,98.01443684266332,97.86971672350445,0.14472011915886185,48.16832925834237,118.49407003402264,87.21831051145726,0.3040727003365826,0.8614692648104783,-1.4633405580625458,89,91.19999694824219,87.0199966430664,89.61000061035156,115578,5.757,0.07857142857142856,0,0,0,0,0,0,0,0,0,0.1357142857142857,0,0,0,0,0,0.03571428571428571,0,0,118.2374,-0.01694689783555625,206.433,19.656000000000006,0.54,0.030000000000000027,Mon,4,2,1,0,0,110,4,20,0.4937755501599772,0.3171912885891061,1,0,60.528544643888814,-0.23644552348749195,0,-0.07623802008476557,0,0.07623802008476557,NA,0.1134364491790314,2026-05-13
2026-04-21,93.98999786376953,101.1500015258789,93.87000274658203,98.4800033569336,50039,0.03142019160582854,0.03892818235854456,-0.12220339411823267,95.73200073242188,102.20333317347935,86.28523823571584,98.08606246024335,97.9149231407955,0.17113931944786032,50.63791598132385,117.34134301117368,87.06532333578502,0.29623319255154146,0.9561616717494822,-0.9360217922336455,87.88999938964844,94.44999694824219,87.76000213623047,92.12999725341797,383596,5.777285714285714,0.07857142857142856,0,0,0,0,0,0,0,0,0,0.1357142857142857,0,0,0,0,0,0.03571428571428571,0,0,118.4331,-0.01253990633423685,206.433,19.656000000000006,0.52,0.010000000000000009,Tue,4,2,0,0,0,111,4,21,0.5086709438521044,0.3334687789181868,1,0,68.08184149740494,-0.23644552348749195,0,-0.07623802008476557,0,0.07623802008476557,0.4606942454990306,0.14133083909328548,2026-05-13
2026-04-22,98.9000015258789,102.30999755859375,96.54000091552734,101.91000366210938,39837,0.03482940889780428,0.07352789776145219,0.019711838829082673,97.1280014038086,102.2971427554176,86.86730181981646,98.67436110668427,98.2108550312632,0.4635060754210798,53.37331805649697,117.40062103321317,87.19366447762202,0.2952864150645244,0.828162127439302,-0.7900655054784083,90,93.7300033569336,87.63999938964844,92.95999908447266,299675,5.797571428571429,0.07857142857142856,0,0,0,0,0,0,0,0,0,0.09999999999999999,0,0,0,0,0,0,0,0,118.6004,-0.012728763542676824,206.433,19.656000000000006,0.51,0.020000000000000018,Wed,4,2,0,0,0,112,4,22,0.5234156073655503,0.3496474552512284,1,0,74.84887031553143,-0.23644552348749195,0,-0.07623802008476557,0,0.07623802008476557,0.44861415597042154,0.17316874735553633,2026-05-13
2026-04-23,101.58000183105469,107.36000061035156,101.27999877929688,105.06999969482422,54489,0.031007711894428525,0.05714860992108384,0.005550788045865174,98.26400146484374,102.32476189022972,87.51825423467727,99.65830550485965,98.71893982115661,0.9393656837030449,55.803255153687296,117.44719147922528,87.20233230123416,0.29557712736665537,1.1327874066820924,-0.297669932606455,92.9000015258789,98.38999938964844,92.30000305175781,95.8499984741211,365210,5.817857142857143,-0.12142857142857143,0,0,0,0,0,0,0,0,0,0.09999999999999999,0,0,0,0,0,0,0,0,118.7155,-0.011759936467873544,206.433,19.656000000000006,0.51,0.020000000000000018,Thu,4,2,0,0,0,113,4,23,0.5380051715382996,0.36572252349726897,1,0,80.88572327931458,-0.23644552348749195,0,-0.07623802008476557,0,0.07623802008476557,0.4662293375011446,0.20054953807787945,2026-05-13
2026-04-24,106.27999877929688,107.45999908447266,103.4000015258789,105.33000183105469,52646,0.002474561121020624,0.16541275760075713,0.030424580054903005,101.25400238037109,102.47285715738933,88.14444478352864,100.53087417042812,99.20864811818609,1.32222605224203,56.00640897488384,117.6517853099529,87.29392900482576,0.296252657994108,1.0557684633140212,0.24395639608194672,96.62000274658203,97.8499984741211,92.68000030517578,94.4000015258789,330280,5.838142857142857,0,0,0,0,0,0,0,0,0,0,0.09999999999999999,0,0,0,0,0,0,0,0,118.7294,-0.013785312611617306,206.433,19.656000000000006,0.53,0.07,Fri,4,2,0,0,0,114,4,24,0.5524353131676196,0.3816892202666588,1,0,85.97068732853766,-0.23644552348749195,0,-0.07623802008476557,0,0.07623802008476557,0.46780934636950455,0.19497039308298492,2026-05-13
2026-04-27,106.5,109.79000091552734,105.8499984741211,108.2300033569336,29439,0.027532530859824655,0.13353581432477113,0.0020368597014344125,103.80400238037109,102.48333340599423,88.82127029176742,101.71535558373665,99.87689665438961,1.8384589293470412,58.3083278746,117.67860735786607,87.28805945412239,0.29654136817885884,0.6164835371944439,0.8714728554526512,95.5999984741211,97.66999816894531,94.589996337890625,96.37000274658203,219055,5.899,-0.19999999999999998,0,0,0,0,0,-1.55,2,0.21213203435596428,-0.27999999999999997,0.09999999999999999,0,0,0,0,0,0,0,0,118.5458,-0.019351433716810362,180.669,-5.588999999999999,0.57,0.009999999999999898,Mon,4,2,1,0,0,117,4,27,0.5947266869607634,0.4288919379124835,1,0,65.66012535185043,-0.23644552348749195,0,-0.07623802008476557,0,0.07623802008476557,0.5139181226886504,0.21851447295688042,2026-05-13
2026-04-28,108.30000305175781,112.69000244140625,107.91999816894531,111.26000213623047,23451,0.027995922436629517,0.12977252582919507,-0.011637181861465229,106.36000213623046,102.42095256987072,89.51476239401197,103.18376274565877,100.72008965304448,2.463673092614286,60.62643879563212,117.45218080177006,87.38972433797139,0.2935186181098082,0.5098143224541349,1.1114508995643018,96.66999816894531,101.8499984741211,96.23999786376953,99.93000030517578,281078,5.924571428571428,-0.2517857142857143,0.028571428571428574,0,0,0,0,-0.75,7,0.5871642911161277,-0.4925,0.09999999999999999,0,0.014285714285714287,0,0,0,0,0,0,118.7717,-0.020723073155729854,180.669,-5.588999999999999,0.52,-0.010000000000000009,Tue,4,2,0,0,0,118,4,28,0.6084768701151261,0.4443781781046132,1,0,74.78380579431298,-0.23644552348749195,0,-0.07623802008476557,0,0.07623802008476557,0.5721351902470524,0.2429235040194122,2026-05-13
2026-04-29,111.01000213623047,120.30000305175781,110.20999908447266,118.02999877929688,18031,0.0608484317192175,0.1581787316055312,0.04655080738450712,109.58400115966796,102.67095256987072,90.3025401281932,105.46779905852617,102.002305143878,3.465493914648164,65.27253940165554,118.57509728749834,86.7668078522431,0.3098080678038778,0.4134659041399331,1.5108573494376694,99.70999908447266,108.5999984741211,98.41999816894531,106.87999725341797,318841,5.950142857142858,-0.35178571428571426,-0.12142857142857144,0,0,0,0,-1.1,7,1.1536174987114807,-0.94875,0.09999999999999999,-0.21000000000000002,0.014285714285714287,0,0,0,0,0,0,119.0975,-0.016007766348576813,180.669,-5.588999999999999,0.5,-0.010000000000000009,Wed,4,2,0,0,0,119,4,29,0.6220467484408675,0.45973273945210397,1,0,83.47638818519808,-0.23644552348749195,0,-0.07623802008476557,0,0.07623802008476557,0.6659139212601239,0.30705070545902546,2026-05-13
2026-04-30,119.9800033569336,126.0999984741211,113,114.01000213623047,58572,-0.03405910941830437,0.08508615653728446,-0.036670860953493145,111.37200164794922,102.46428607759022,90.98984176393539,106.78198414740376,102.89176418034856,3.8902199670552022,60.692778030627025,117.6072958760241,87.32127627915634,0.2955763491479746,1.2785128981983123,1.6744836325173817,109.06999969482422,110.93000030517578,103.33999633789062,105.06999969482422,341994,5.975714285714286,-0.7375,-0.12142857142857144,0,0,0,0,-2.7,4,1.8898853580751047,-0.9312500000000001,0,-0.315,0.014285714285714287,0,0,0,0,0,0,118.671,-0.012061292143343505,180.669,-5.588999999999999,0.52,0,Thu,4,2,0,0,0,120,4,30,0.6354323008901774,0.47495107206704995,1,0,89.61679179346775,-0.23644552348749195,0,-0.07623802008476557,0,0.07623802008476557,0.6114487934449537,0.2529970370980392,2026-05-13
2026-05-01,111.01000213623047,112.43000030517578,106.2699966430664,108.16999816894531,40576,-0.051223610717127555,0.026962843335423647,0.06929610768155414,111.94000091552735,102.79809533982049,91.58476233103919,106.99552476610246,103.28274447580017,3.712780290302291,54.68950035958854,118.12824684287395,87.46794383676703,0.29825750082968855,0.9813553132157429,1.7257142957750242,105.13999938964844,106.6500015258789,99.30000305175781,101.94000244140625,268707,6.001285714285714,-0.8546428571428571,-0.12142857142857144,-0.2714285714285714,0,0.34285714285714286,-0.2714285714285714,-3.05,9,1.909188309203678,-1.324,0,-0.525,0.014285714285714287,0,0.17142857142857143,-0.38,0,0,0,118.3926,-0.017513256931362742,180.669,-5.588999999999999,0.51,-0.010000000000000009,Fri,5,2,0,1,0,121,5,1,0.6486295610349814,0.49002866642905923,0,0,93.35158122531236,-0.23644552348749195,0,-0.07623802008476557,0,0.07623802008476557,0.4924116053948491,0.18109165122859294,2026-05-13
2026-05-04,107.12999725341797,115.25,105.66000366210938,114.44000244140625,67567,0.05796435590826321,0.057377796284386884,0.04961940495900152,113.18200073242187,103.05571456182571,92.34888930547805,108.1408290238415,104.10920802880803,4.031620995033478,59.339601736446056,118.99542211925208,87.11600700439934,0.309341556170837,1.5545258566146782,1.7667033436534127,99.7300033569336,107.45999908447266,99.11000061035156,106.41999816894531,342843,6.078,-0.4990436609426379,0.36938775510204086,-0.19285714285714284,0,0.34285714285714286,-0.2714285714285714,-2.95,37,1.9789460521897704,-0.4875,0.14744245524296673,0,0.2596938775510204,0,0.17142857142857143,0,0.03928571428571429,0,0,118.8264,-0.015167852540061921,180.968,-20.789000000000016,0.5,-0.010000000000000009,Mon,5,2,1,1,0,124,5,4,0.6870527672236669,0.5343725582809786,0,0,70.7120867305155,-0.23644552348749195,0,-0.07623802008476557,0,0.07623802008476557,0.4720865138425818,0.23921363106873628,2026-05-13
2026-05-05,113.81999969482422,114.44999694824219,109.5999984741211,109.87000274658203,39713,-0.0399335861353558,-0.012493253307208074,9.110513489474226e-4,112.90400085449218,103.06047675723121,93.02412741524833,108.40685575041697,104.53593356345795,3.870922186959021,54.91581652081839,119.0086669268474,87.11228658761503,0.3094918764481105,0.9359187973256097,1.5953627030928028,104.93000030517578,105.4800033569336,101.08000183105469,102.2699966430664,241150,6.079285714285715,-0.4316967221671277,0.30938775510204086,-0.3175324675324675,0,0.34285714285714286,-0.3714285714285714,-5.55,98,1.9137834420089535,0,0.1552230674878647,-0.043999999999999984,0.2596938775510204,0,0.17142857142857143,-0.17454545454545456,0.03928571428571429,0,0,118.6207,-0.015025300962715371,180.968,-20.789000000000016,0.5,0,Tue,5,2,0,1,0,125,5,5,0.6994583270516471,0.548842958284719,0,0,78.5717465886031,-0.23644552348749195,0,-0.07623802008476557,0,0.07623802008476557,0.34975430819435394,0.18109146303663537,2026-05-13
2026-05-06,110.44999694824219,110.44999694824219,96.7300033569336,101.2699966430664,61814,-0.07827437779674729,-0.14199781673784329,-0.07321314400816015,109.5520004272461,102.67952437627883,93.52904801141648,107.30887742620918,104.29401231009561,3.014865116113569,47.70793994555314,118.3850897033228,86.97395904923486,0.3059142593900112,1.3850386961178405,1.2596701988807057,102.69999694824219,102.69999694824219,88.660003662109375,95.08000183105469,423491,6.080571428571429,-0.2267786893802425,0.5593877551020409,-0.44610389610389606,0,0.05000000000000001,-0.3714285714285714,-6.55,106,2.0686297664183724,0,0.20768208388130732,-0.06599999999999998,0.30969387755102046,-0.41,0.17142857142857143,-0.4418181818181818,0.03928571428571429,0,0,118.0982,-0.018465757978723296,180.968,-20.789000000000016,0.49,-0.030000000000000027,Wed,5,2,0,1,0,126,5,6,0.7116566222817746,0.5631507242749186,0,0,83.1232007021131,-0.23644552348749195,0,-0.07623802008476557,0,0.07623802008476557,0.24410312954196178,0.08276518147287293,2026-05-13
2026-05-07,101.52999877929688,103.41000366210938,96.06999969482422,100.05999755859375,62847,-0.011948248489998314,-0.12235772578065451,0.05604219059201854,106.76199951171876,102.93238140287853,94.04507967025515,106.19366513888373,103.98038158776214,2.2132835511215916,46.777648037197515,118.26839004222718,87.59637276352989,0.29798219822241034,1.3822978251689189,0.5841095306061094,96.30000305175781,97.98999786376953,89.8499984741211,94.80999755859375,392091,6.081857142857143,0.1106239080223549,0.2593877551020408,-0.4971243042671614,0,0.05000000000000001,-1.2071428571428573,-5.85,106,1.8444786600563896,-0.06763636363636365,0.20768208388130732,-0.53,0.30969387755102046,-0.6149999999999999,0.17142857142857143,-0.7777922077922077,0.03928571428571429,0,0,118.0116,-0.00880231413510546,180.968,-20.789000000000016,0.49,-0.010000000000000009,Thu,5,2,0,1,0,127,5,7,0.7236440382959124,0.5772916165517272,0,0,86.51180750743255,-0.23644552348749195,0,-0.07623802008476557,0,0.07623802008476557,0.17152550366864783,0.06395781586265192,2026-05-13
2026-05-08,103.55999755859375,103.95999908447266,99.54000091552734,101.29000091552734,34316,0.012292658274484891,-0.06360356263177935,0.0559841831640131,105.38600006103516,103.18809581938244,94.57269868396577,105.43925525836735,103.78109413055955,1.6581611278078014,47.890033518291496,118.20885820254794,88.16733343621694,0.2911336286204453,0.7864761669027287,0.06927443284254596,98.25,98.63999938964844,93.81999969482422,95.41999816894531,243423,6.083142857142857,0.15702943797627197,0.341530612244898,-0.24236239950525662,0,-0.35357142857142854,-0.9357142857142858,-2.8,61,1.4424393046298287,-0.20048680351906156,0.20768208388130732,-0.63,0.350765306122449,-1.1099999999999999,0.17142857142857143,-0.5804761904761905,0.03928571428571429,0,0,118.0392,-0.007238027313755002,180.968,-20.789000000000016,0.48,-0.030000000000000027,Fri,5,2,0,1,0,128,5,8,0.7354170229639855,0.5912614448635781,0,0,89.48775894570302,-0.23644552348749195,0,-0.07623802008476557,0,0.07623802008476557,0.09278237401663203,0.07102792164162341,2026-05-13
2026-05-11,104,106,102.81999969482422,104.20999908447266,35359,0.028828098949080783,-0.0893918484681211,0.09464288261615161,103.33999938964844,103.61714354015533,95.13095262315538,105.25013892392202,103.81286486788645,1.4372740560355766,50.53326651838085,118.1875612053081,89.04672587500255,0.2812356559415522,0.7995323869520584,-0.28876949771420074,98.19000244140625,100.37000274658203,96.12999725341797,98.06999969482422,256251,6.087,-0.385565556543275,-0.9183333333333333,-1.0899814471243041,0.08571428571428573,-0.5928571428571427,-1.2,-3.2,73,1.534400995673919,-0.9881911764705883,0.20768208388130732,-2.7550000000000003,0.45195578231292516,-0.5725,0.17142857142857143,-2.0166666666666666,0.03928571428571429,0,0.042857142857142864,118.0392,-0.007238027313755002,180.968,-20.789000000000016,0.47,-0.030000000000000027,Mon,5,2,1,1,0,131,5,11,0.7694148268839378,0.6321034111873487,0,0,66.67598631270022,-0.23644552348749195,0,-0.07623802008476557,0,0.07623802008476557,0.0530517385667979,0.095437354625074855,2026-05-13
2026-05-12,104.5,108.41999816894531,104.11000061035156,107.7699966430664,35359,0.03416176556827355,-0.019113552844440607,0.08464166647598304,102.91999816894531,104.01761954171317,95.74952395000155,105.63780934225193,104.105985740122,1.5318236021299327,53.621986922169164,118.55887310576509,89.47636597766126,0.27959212349058954,0.7785685031949515,-0.4572090735802283,98.38999938964844,102.72000122070312,98,102.18000030517578,256251,NA,-0.48629161619790606,-0.9154761904761904,-1.1285714285714286,-0.4857142857142857,-0.6071428571428571,-1.1,-4.85,49,2.0286992749787536,-0.8234660633484163,0.20768208388130732,-0.6849999999999999,0.43767006802721087,-0.6825,0.17142857142857143,-1.5860714285714286,0.03928571428571429,-0.8,0.042857142857142864,118.0392,-0.007238027313755002,180.968,-20.789000000000016,0.46,-0.06,Tue,5,2,0,1,0,132,5,12,0.7802958510707755,0.6453481132295501,0,0,74.91208492410557,-0.23644552348749195,0,-0.07623802008476557,0,0.07623802008476557,0.22744866625501547,0.12554080894795572,2026-05-13
