date,text,source,fetched_on
2026-03-25,"Top tips for travelers navigating airport delays, rising airfare The partial government shutdown has wrought havoc at airports, with hours-long lines and severe understaffing. One of the biggest developments this week is President Trump's deployment of Immigration and Customs Enforcement (ICE) agents to provide support to Transportation Security Administration (TSA) employees. Things are reaching an inflection point as Congress's two-week recess begins this Friday. Additionally, rising oil (CL=F, BZ=F) prices are causing fuel prices to spike, leading to higher airfare. Hopper lead economist Hayley Berg sits down with Asking for a Trend host Josh Lipton to offer her best tips for travelers navigating delays and rising costs.",yahoo_brent,2026-05-03
2026-03-26,Oil prices higher as Iran says it has 'legal right' to control Strait of Hormuz President Donald Trump doubled down on his claims that US and Iran had engaged in talks to try to end conflict,yahoo_brent,2026-05-03
2026-03-27,"Stock market today: S&P 500 clinches longest losing streak since 2022 as oil surges, 'Magnificent 7' stocks shed $300 billion The market sell-off continued on Friday even as Trump has postponed attacks against Iran's energy infrastructure.",yahoo_brent,2026-05-03
2026-03-27,The market is starting to think the Federal Reserve's next move is raising interest rates The bond market is flashing signs that investors are expecting a more hawkish Federal Reserve amid concerns that oil prices will drive inflation higher.,yahoo_brent,2026-05-03
2026-03-30,"Americans have spent an extra $8 billion in gasoline since the start of Iran war As gasoline prices near $4 per gallon, Americans have already shelled out an extra $8 billion at the pump since the Iran war started.",yahoo_brent,2026-05-03
2026-03-30,The 2 reasons oil prices are surging as the Iran War enters its 5th week The entrance of the Houthi militia group and renewed threats from President Trump drove oil prices north on Monday.,yahoo_brent,2026-05-03
2026-04-06,US gas prices risk topping $5 per gallon if Strait of Hormuz stays closed: JPMorgan JPMorgan sees $5 gasoline if the Strait of Hormuz stays closed for much longer.,yahoo_brent,2026-05-03
2026-04-06,"Stock market today: Dow, S&P 500, Nasdaq gain ahead of Trump deadline for Iran deal Reports of a ceasefire proposal are lifting hopes for an end to US-Iran hostilities.",yahoo_brent,2026-05-03
2026-04-06,Citrini Research sent an analyst to the Strait of Hormuz. Here's what they found. Financial research publication Citrini Research sent an analyst to the Strait of Hormuz to document traffic through the waterway.,yahoo_brent,2026-05-03
2026-04-06,"Goldman Sachs warning on Strait Hormuz: Countries could face oil shortages Oil remains the main market driver, and with good reason.",yahoo_brent,2026-05-03
2026-04-07,"Stock market today: S&P 500, Nasdaq close slightly higher on hopes of Iran deadline extension Markets are facing volatility as a Trump deadline to launch strikes on Iran fast approaches.",yahoo_brent,2026-05-03
2026-04-08,"Stock market today: Dow, S&P 500, Nasdaq surge, oil plunges after US-Iran ceasefire sparks relief rally Oil prices cratered as a US-Iran ceasefire was followed by signs the waterway has reopened to shipping.",yahoo_brent,2026-05-03
2026-04-10,"Trump demanded a 'complete' reopening of the Strait of Hormuz. Here's where things actually stand. As the US and Iran prepare for talks to begin on Saturday, traffic through the world's most critical chokepoint for global energy flows is still thin.",yahoo_brent,2026-05-03
2026-04-16,"Oil prices hold steady as investors watch for second-round peace talk updates Oil prices ticked up slightly Thursday morning, holding roughly steady over the past two days after President Trump signaled second-round talks between the US and Iran may be imminent.",yahoo_brent,2026-05-03
2026-04-17,"Oil is trading below $90 per barrel in the futures market. In Sri Lanka, buyers are paying $286. Prices on futures contracts for oil have plunged below $90 over the past week on a bevy of positive headlines. In the physical market, buyers are paying as much as $286 per barrel.",yahoo_brent,2026-05-03
2026-04-17,"Oil prices plunge after Iran foreign minister says Strait of Hormuz is 'completely open,' Trump says regime has agreed to indefinitely suspend nuclear program Oil prices plunged on Friday after Iran's foreign minister said the Strait of Hormuz is ""completely open"" to commercial traffic.",yahoo_brent,2026-05-03
2026-04-27,Gas prices are expected to keep rising in the absence of a US-Iran deal Gasoline prices are expected to turn higher in the next week as oil holds above $100 per barrel amid uncertainty over the US-Iran war.,yahoo_brent,2026-05-03
2026-04-27,Update: WTI Oil Rises as Expected Talks Between Iran and the U.S. Fail to Take Place West Texas Intermediate (WTI) crude oil closed higher Monday as talks expected to be held over the w,yahoo_uso,2026-05-03
2026-04-28,"Gold, silver plunge amid US-Iran stalemate Gold and silver moved lower as oil topped $110 per barrel, raising concerns that central banks will have to hold rates higher for longer.",yahoo_brent,2026-05-03
2026-04-28,Update: WTI Rises as Progress on Ending the Iran War Stalls; the UAE Ends Its OPEC Membership (Updates prices and adds UAE's Withdrawal from OPEC in the final two paragraphs.) West Texas Inte,yahoo_uso,2026-05-03
2026-04-28,"Sector Update: Energy Stocks Higher Pre-Bell Tuesday Energy stocks were higher premarket Tuesday, with the State Street Energy Select Sector SPDR ETF (XL",yahoo_uso,2026-05-03
2026-04-28,Market Chatter: United Arab Emirates Says It Will Leave OPEC Effective May 1 The United Arab Emirates announced Tuesday that it will leave the oil cartel OPEC and its wider OPEC,yahoo_uso,2026-05-03
2026-04-28,"Oil Prices Jump as Progress on Ending the Iran War Stalls Oil prices were sharply higher early on Tuesday, with the U.S. benchmark price rising back above US$",yahoo_uso,2026-05-03
2026-04-28,"Exchange-Traded Funds Lower, Equity Futures Mixed Pre-Bell Tuesday Amid Higher Oil Prices, Earnings Deluge The broad market exchange-traded fund SPDR S&P 500 ETF Trust (SPY) was down 0.7% and the actively tr",yahoo_uso,2026-05-03
2026-04-28,"Crude Oil Prices Jump Amid Stalled Talks Between U.S., Iran Crude oil prices surged on Tuesday as stalled peace talks between the U.S. and Iran fueled market co",yahoo_uso,2026-05-03
2026-04-29,"Gas prices jump to highest level since July 2022 as oil hovers near $110 Gasoline prices jumped to their highest level since July 2022 on Wednesday, putting a strain on consumers' wallets.",yahoo_brent,2026-05-03
2026-04-29,U.A.E's OPEC Withdrawal Likely to Begin Lowering Oil Prices by 2027 The decision by the United Arab Emirates to withdraw from the OPEC cartel on May 1 is unlikely to of,yahoo_uso,2026-05-03
2026-04-29,"Sector Update: Energy Stocks Edge Higher Pre-Bell Wednesday Energy stocks were edging higher pre-bell Wednesday, with the State Street Energy Select Sector SPDR",yahoo_uso,2026-05-03
2026-04-29,"Exchange-Traded Funds Higher, Equity Futures Mixed Pre-Bell Wednesday Ahead of Fed Policy Decision The broad market exchange-traded fund SPDR S&P 500 ETF Trust (SPY) was up 0.02% and the actively tra",yahoo_uso,2026-05-03
2026-04-29,"Oil Prices Firm Above US$100 With No End to the Iran War in Sight Oil prices firmed above US$100 per barrel early on Monday, rising for a fourth-straight session as h",yahoo_uso,2026-05-03
2026-04-29,"Crude Oil Prices Continue Rising as Strait of Hormuz Remains Blocked, Commerzbank Says Crude oil prices remain on an upward trajectory as the Strait of Hormuz has not yet been opened desp",yahoo_uso,2026-05-03
2026-04-29,"Crude Oil Prices Surge as U.S. Plans to Extend Iran Blockade, Fueling Supply Worries Crude oil prices jumped on Wednesday, with Brent crude reaching a one-month high, amid reports that",yahoo_uso,2026-05-03
2026-04-30,"Gasoline price in California hits $6, the highest in the US Gasoline in California hits $6 per gallon and consumers are feeling the extra spend on driving fuel.",yahoo_brent,2026-05-03
2026-04-30,"Sector Update: Energy Stocks Decline Premarket Thursday Energy stocks were declining premarket Thursday, with the State Street Energy Select Sector SPDR ETF",yahoo_uso,2026-05-03
2026-04-30,"Exchange-Traded Funds, Equity Futures Higher Pre-Bell Thursday Amid Big Tech Earnings, Economic Data The broad market exchange-traded fund SPDR S&P 500 ETF Trust (SPY) was up 0.4% and the actively trad",yahoo_uso,2026-05-03
2026-04-30,"Crude Oil Prices Surge Amid Concerns About Escalation in U.S.-Iran War Crude oil prices rose on Thursday, hitting a four-year high, amid concerns that hostilities in the M",yahoo_uso,2026-05-03
2026-05-01,"Update: WTI Oil Falls As Iran Offers New Peace Plan West Texas Intermediate (WTI) crude oil closed lower Friday as Iran made a new peace proposal, howev",yahoo_uso,2026-05-03
2026-05-01,"The Navy, Not the Fed, Is Now the Most Important Player in the U.S. Economy When it comes to the U.S. economy, the Navy, not the Federal Reserve or Treasury, might be the most important player in town.  Spending on artificial intelligence helped a lot.  The American naval blockade of the Strait of Hormuz is keeping  oil prices  elevated, which is in turn pressuring global growth.",yahoo_uso,2026-05-03
2026-05-01,"Exchange-Traded Funds Higher, Equity Futures Mixed Amid Continued Earnings Results The broad market exchange-traded fund SPDR S&P 500 ETF Trust (SPY) was up 0.3% and the actively trad",yahoo_uso,2026-05-03
2026-05-01,"Considering ""Sell in May?"" 5 ETFs to Buy Instead Don't ""sell in May"" yet. Solid earnings, AI strength, and geopolitical tailwinds make select ETFs attractive despite inflation and Iran war risks.",yahoo_uso,2026-05-03
2026-05-01,"Big Tech Is Funding Space Solar and Fusion While Running on Gas The AI boom has unleashed an energy monster unlike anything the world has ever seen before. No one is exactly sure how much energy the AI sector will require in the coming years as large language models continue to advance and expand. In fact, we don’t even really know how much energy it’s consuming now. But most experts agree that we can expect a sharp and continuing rise in demand from the data centers that power the tech sector in the coming years as the global economy increasingly integrates AI into virtually every market sector…",oilprice,2026-05-03
2026-05-01,"Iran’s Currency Crisis Deepens as War Batters Economy Iran's currency has fallen to a record low against the US dollar as the two-month-long conflict rattles the country's sanctions-hit economy. Air strikes by the United States and Israel, launched at Iran on February 28, along with the American naval blockade on Iranian ports and vessels, have disrupted Tehran's vital oil exports, hampered domestic production, and fueled inflation. Iran's national currency, the rial, dropped to a new low of 1.81 million to the US dollar on April 29 before rebounding the next day. The rial has seen its value fall…",oilprice,2026-05-03
2026-05-01,"Venezuela Oil Exports Hit Seven-Year High Venezuela’s oil exports rose to 1.23 million barrels per day (bpd) in April, the highest level since 2018, as shipments to the United States, India, and Europe accelerated. Exports climbed 14% from March levels, according to shipping data and PDVSA documents, with 66 cargoes leaving Venezuelan ports during the month. That compares with 61 vessels in March carrying about 1.08 million bpd. Since the January capture of Nicolas Maduro and the installation of an interim government, Washington has eased sanctions and taken control of Venezuelan…",oilprice,2026-05-03
2026-05-01,"US Oil Drillers See Modest Uptick in Activity The total number of active drilling rigs for oil and gas in the United States rose this week, according to new data that Baker Hughes published on Friday, bringing the total rig count in the US to 547,  down 37 from this same time last year. The number of active oil rigs specifically rose by 1 to 408 during the latest reporting period, according to the data. This is 64 below this same time last year. The number of gas rigs rose by 1 after rising by 4 in the week prior. Gas rigs now sit at 130, which is 22 more than this time last year. The…",oilprice,2026-05-03
2026-05-01,"Chevron Earnings Top Estimates While Refining Swings to Loss Chevron beat first-quarter expectations as higher oil prices lifted upstream earnings, offsetting a sharp swing to losses in refining. Adjusted earnings came in at $1.41 per share, well above expectations. Upstream delivered $3.9 billion, up 4% year-on-year, as crude prices surged during the quarter. Brent spent much of the period moving higher on disruptions tied to the Iran conflict and the effective shutdown of flows through the Strait of Hormuz. For Chevron, that price move did the heavy lifting for the quarter. Chevron’s production footprint…",oilprice,2026-05-03
2026-05-02,"Hormuz Deadlock Persists as Trump Faces War-Powers Deadline at Home Two months after the Iran war began, the Strait of Hormuz remains severely restricted for tanker traffic while U.S. President Donald Trump faces a key legal deadline at home under the 1973 War Powers Resolution. As of early Friday, May 1, the deadlock at the world’s most vital oil chokepoint, the Strait of Hormuz, doesn’t appear close to being resolved. The U.S. is doubling down on the naval blockade outside the Strait aimed at stopping Iranian oil exports. But Iran controls most vessel movements through the lane and is increasingly…",oilprice,2026-05-03
2026-05-02,"China Flips the Switch on Fuel Exports as Asia Runs Short Beijing is reversing its curbs on refined fuel exports after halting shipments in the opening days of the U.S.-Iran conflict. This move suggests that Chinese domestic inventories are now at comfortable levels, allowing state refiners to reopen the export spigot, even as much of Asia remains gripped by a fuel shock caused by disrupted Gulf energy flows through the Hormuz chokepoint. There was chatter earlier this week that China's state-owned refiners were applying for government permits to resume fuel exports in May. These include…",oilprice,2026-05-03
2026-05-02,"Russia’s Oil Revenues Surge as the World Scrambles for Supply Following the Russian invasion of Ukraine in 2022, several major world powers introduced strict sanctions on trade with Moscow. Europe and the United States have been gradually decreasing their dependence on Russian gas and other energy products and putting pressure on other countries to do the same, to place a financial strain on Moscow, as the war with Ukraine continues. However, some countries, such as India and China, have used these sanctions as an excuse to buy discounted crude and gas from Russia, in a bid to reduce costs and boost energy…",oilprice,2026-05-03
2026-05-02,"Inside BP’s Dramatic Pivot Back to Oil and Gas As she sat down to pen her first email to BP’s 100,000 staff, Meg O’Neill opted against sparing the radical rhetoric. To the American oil and gas thoroughbred, who had just become the first ever female chief executive of a British energy major, there was only one course available to her new employer should it wish to avoid extending its more-than-decade-long spell of financial mediocrity. “Right now, we’re operating in an environment of significant complexity: geopolitical tension; conflict; rapid technological change; and…",oilprice,2026-05-03
2026-05-02,"Pemex Faces a Reckoning After Major Oil Spill Following a recent oil spill, Mexico’s state-owned oil firm Pemex has come under fire again, particularly due to its poor health and safety track record. The highly indebted oil firm has been repeatedly criticised over the years for not doing enough to improve safety standards, and the latest spill has, once again, drawn attention to its practices. During the first half of February, Pemex repaired a pipeline running from one of the oil platforms in the Cantarell field to the Dos Bocas plant, after identifying a slick of suspected oil covering…",oilprice,2026-05-03
2026-05-03,"Asian Penny Stocks To Watch In May 2026 As global markets navigate a landscape of geopolitical uncertainty and fluctuating oil prices, the Asian market continues to capture investor interest with its diverse opportunities. Penny stocks, often representing smaller or emerging companies, remain an intriguing segment for investors seeking potential growth. Despite being an outdated term, penny stocks can still offer significant value when they are built on strong financial foundations and clear growth prospects.",yahoo_wti,2026-05-03
2026-05-03,"How the Iran War Is Quietly Crushing Americans’ Credit Access Lenders are quietly raising mortgage and loan cutoffs as the Iran war drives oil, inflation, and risk fears higher.",yahoo_wti,2026-05-03
2026-05-03,"Asian Dividend Stocks To Consider For Your Portfolio As global markets navigate geopolitical uncertainties and fluctuating oil prices, Asia's economic landscape remains a focal point for investors seeking stability and growth. In this context, dividend stocks offer an attractive proposition by providing regular income streams while potentially benefiting from the region's economic resilience.",yahoo_wti,2026-05-03
2026-05-03,"High Growth Tech Stocks In Asia For May 2026 As of May 2026, the Asian tech market is navigating a complex landscape influenced by global economic uncertainties and geopolitical tensions, with central banks maintaining steady interest rates amidst volatile oil prices and shifting currency dynamics. In this environment, investors are keenly observing high-growth tech stocks that demonstrate resilience through robust earnings potential and strategic innovation, particularly in sectors like artificial intelligence and cloud computing.",yahoo_wti,2026-05-03
2026-05-03,"Discovering Asia's Hidden Stock Gems In May 2026 As the global landscape navigates through geopolitical tensions and fluctuating oil prices, Asian markets are showing resilience with steady performances in key indices like China's CSI 300. In this dynamic environment, discovering stocks that combine robust fundamentals with growth potential can be particularly rewarding for investors seeking hidden gems within Asia's diverse economic tapestry.",yahoo_wti,2026-05-03
2026-05-03,"Stock Futures Are Rising, Oil Falls Ahead of Jobs Week Uncertainty still grips markets as the U.S.-Israeli war in Iran enters its tenth week and the vital Strait of Hormuz remains effectively closed.",yahoo_wti,2026-05-03
2026-05-03,"Occidental Petroleum AGM: CEO Vicki Hollub to Retire June 1, COO Richard Jackson to Take Over Occidental Petroleum (NYSE:OXY) used its 2026 annual meeting of shareholders to highlight what President and CEO Vicki Hollub called a “transformational” decade for the company, marked by portfolio changes, expanded resources, and balance sheet work. Hollub also announced a leadership transition, sa",yahoo_wti,2026-05-03
2026-05-03,"Par Pacific Balances Renewable Fuels Growth And Shifting Crude Supply Risks Par Pacific Holdings (NYSE:PARR) is expanding its renewable fuels segment as Hawaii Renewables ramps up operations. The company is also benefiting from access to Venezuelan crude flows, adding flexibility to its supply mix. These moves come as global energy markets react to geopolitical tensions, including the conflict between the United States and Iran. Par Pacific Holdings, traded on the NYSE under ticker PARR, operates refining and related energy assets, with a growing focus on renewable...",yahoo_wti,2026-05-03
2026-05-03,"Trump Approves ""Keystone Light"" Canada-U.S. Oil Pipeline Trump signed a presidential permit on Thursday authorizing the Bridger Pipeline Expansion, with construction expected to begin in 2027 with a goal of completion by late 2028 or early 2029.",yahoo_wti,2026-05-03
2026-05-03,"This Natural Resources ETF Has Silently Outperformed The S&P 500 Year-To-Date While Yielding 5% Amplify Natural Resources Dividend Income ETF (NYSEARCA:NDIV) is one of those funds that rarely shows up in performance leaderboards, yet quietly does exactly what its design promises: pair an international natural resources tilt with a steady monthly distribution. The problem it aims to solve is straightforward. Investors who want commodity and hard-asset exposure usually face ... This Natural Resources ETF Has Silently Outperformed The S&P 500 Year-To-Date While Yielding 5%",yahoo_wti,2026-05-03
2026-05-03,"UAE exits Arab oil exporters alliance OAPEC following OPEC departure Investing.com -- The United Arab Emirates has withdrawn from the Organization of Arab Petroleum Exporting Countries, according to a statement released by the intergovernmental organization on Sunday.",yahoo_wti,2026-05-03
2026-05-03,"Is Transocean Ltd. (RIG) A Good Stock To Buy Now? Is RIG a good stock to buy? We came across a bullish thesis on Transocean Ltd. on Valueinvestorsclub.com by ChannelsTX. In this article, we will summarize the bulls’ thesis on RIG. Transocean Ltd.’s share was trading at $6.79 as of April 28th. RIG’s forward P/E was 3.84 according to Yahoo Finance. Transocean Ltd., together with its subsidiaries, […]",yahoo_wti,2026-05-03
2026-05-03,"Black Cat Syndicate Plus 2 More Small Caps With Strong Fundamentals The Australian share market is experiencing a downturn, with the index poised for a seventh consecutive day of declines, contrasting sharply with rising oil prices and global economic tensions. In this challenging environment, identifying small-cap stocks with strong fundamentals becomes crucial as they can offer resilience and potential growth despite broader market volatility.",yahoo_wti,2026-05-03
2026-05-03,"Trump Casts Doubts on Iran Peace Proposal as Details Emerge (Bloomberg) -- Efforts continued to broker an end to the Iran war, now into its third month, as US President Donald Trump suggested the Islamic Republic’s latest peace proposal might not be enough to satisfy him.Most Read from BloombergSupertanker Appears to Have Crossed the Strait of HormuzBeijing Tells China Firms to Ignore US Sanctions on RefinersWorld’s Largest Container Carrier Plans Route Avoiding HormuzPhilippines Says Thousands Evacuated as Mayon Volcano EruptsTrump Casts Doubts on Iran",yahoo_wti,2026-05-03
2026-05-03,"Is ONEOK, Inc. (OKE) A Good Stock To Buy Now? Is OKE a good stock to buy? We came across a bullish thesis on ONEOK, Inc. on Hazelnuts Research’s Substack. In this article, we will summarize the bulls’ thesis on OKE. ONEOK, Inc.’s share was trading at $84.69 as of April 21st. OKE’s trailing and forward P/E were 15.46 and 15.04 respectively according to Yahoo Finance. ONEOK Inc. (OKE) is a […]",yahoo_wti,2026-05-03
2026-05-03,"Bessent Says US Is ‘Suffocating’ Iran With Oil Industry Creaking (Bloomberg) -- Treasury Secretary Scott Bessent said the US is “suffocating” Iran with economic and financial pressure, suggesting that the rulers in Tehran will eventually buckle.Most Read from BloombergSupertanker Appears to Have Crossed the Strait of HormuzBeijing Tells China Firms to Ignore US Sanctions on RefinersWorld’s Largest Container Carrier Plans Route Avoiding HormuzPhilippines Says Thousands Evacuated as Mayon Volcano EruptsTrump Casts Doubts on Iran Peace Proposal as Details Emerge",yahoo_wti,2026-05-03
2026-05-03,"Energy prices to fall later this year, says Treasury Secretary Bessent says Investing.com -- U.S. Treasury Secretary Scott Bessent stated Sunday that energy prices are expected to decline later in the year, despite current increases linked to the U.S.-Israel conflict with Iran.",yahoo_wti,2026-05-03
2026-05-03,"OPEC+ Agrees to Raise Oil Production in June in First Meeting Without U.A.E. The Organization of the Petroleum Exporting Countries and their allies have agreed to raise oil production in June by 188,000 barrels a day in their first meeting without former member United Arab Emirates.  U.A.E. said last week it would leave the group on May 1.  Oil futures fell on Friday on hopes a peace agreement could be reached to end the Iran war, though developments over the weekend may change that.",yahoo_wti,2026-05-03
2026-05-03,"Big Oil Begins Return to Canada amid Energy Crunch For about ten years, Big Oil moved away from Canada’s oil sands and into cheaper, more easily developed—and less regulated—locations. Now, the supermajors are returning, looking for a piece of an energy industry that just got a lot more attractive. Last week, Shell said it would buy Canada’s ARC Resources in a $16.4-billion deal that will add roughly 370,000 barrels of oil equivalent per day to its production and strengthen the supermajor’s position in one of the continent’s most strategic gas corridors. The…",oilprice,2026-05-03
2026-05-03,"Trump Approves ""Keystone Light"" Canada-U.S. Oil Pipeline Last month, we reported that Bridger Pipeline LLC has proposed a giant pipeline with a capacity in excess of 1 million barrels per day (bpd) to transport Canadian crude into the United States. Dubbed ""Keystone Light"" due to its similarities to the Keystone XL project that former U.S. President Joe Biden canceled in 2021, the 36-inch pipeline would span nearly 650 miles (1,050 km) from the U.S.-Canada border in Phillips County, Montana, to Guernsey, Wyoming, and cost approximately US$2 billion.  And now U.S. President Donald Trump has given…",oilprice,2026-05-03
2026-05-03,"USGS Finds 328 Years of Lithium Imports Buried in Appalachia America's worrisome dependency on foreign sources of lithium could become a thing of the past: About 328 years' worth of last year's lithium imports is buried in Appalachia, according to a new analysis published by the US Geological Survey (USGS). That's about 2.3 million metric tons of undiscovered but economically recoverable lithium -- aka ""white gold."" ""This research shows that the Appalachians contain enough lithium to help meet the nation's growing needs – a major contribution to U.S. mineral security, at a time when global lithium…",oilprice,2026-05-03
2026-05-03,"Trump’s Renewable Energy Crackdown Hits Legal Wall Over the last year, U.S. President Donald Trump has taken aim at the renewable energy industry, in an attempt to scale back efforts to undergo a green transition. Trump has instead favoured the expansion of the oil, gas, and coal industries, as well as the development of nuclear power. However, the move has been met with significant public and legal pushback, as it becomes clear that halting the rollout of renewable energy will not be so simple. In April, federal judge Denise J Casper in Massachusetts rejected the Trump administration's efforts…",oilprice,2026-05-03
2026-05-03,"Markets on alert as Trump vows ‘Project Freedom’ for Hormuz, setting up potential showdown after renewed attacks on ships ""This is a Humanitarian gesture on behalf of the United States, Middle Eastern Countries but, in particular, the Country of Iran.""",yahoo_wti,2026-05-03
2026-05-03,"Trump Casts Doubts on Iran Peace Proposal as Details Emerge (Bloomberg) -- Efforts continued to broker an end to the Iran war, now into its third month, as US President Donald Trump suggested the Islamic Republic’s latest peace proposal might not be enough to satisfy him.Most Read from BloombergSupertanker Appears to Have Crossed the Strait of HormuzChina’s Rare Defiance of US Sanctions Sparks Showdown Over BanksWorld’s Largest Container Carrier Plans Route Avoiding HormuzPhilippines Says Thousands Evacuated as Mayon Volcano EruptsTrump Casts Doubts on I",yahoo_wti,2026-05-03
2026-05-03,"Bessent Says US Is ‘Suffocating’ Iran With Oil Industry Creaking (Bloomberg) -- Treasury Secretary Scott Bessent said the US is “suffocating” Iran with economic and financial pressure, suggesting that the rulers in Tehran will eventually buckle.Most Read from BloombergSupertanker Appears to Have Crossed the Strait of HormuzChina’s Rare Defiance of US Sanctions Sparks Showdown Over BanksWorld’s Largest Container Carrier Plans Route Avoiding HormuzPhilippines Says Thousands Evacuated as Mayon Volcano EruptsTrump Casts Doubts on Iran Peace Proposal as Details Em",yahoo_wti,2026-05-03
2026-05-04,What To Expect From Crescent Energy’s (CRGY) Q1 Earnings Oil and gas producer Crescent Energy (NYSE:CRGY) will be reporting earnings this Monday after market close. Here’s what you need to know.,yahoo_wti,2026-05-03
2026-05-04,Earnings To Watch: Diamondback Energy (FANG) Reports Q1 Results Tomorrow Oil and gas producer Diamondback Energy (NASDAQ:FANG) will be reporting results this Monday after market close. Here’s what investors should know.,yahoo_wti,2026-05-03
2026-05-04,"Oil Prices Fall as Trump Launches “Project Freedom” and OPEC+ Increases Output Oil prices edged lower in early Asian trading on Monday after President Trump announced the U.S. would guide ships through the Strait of Hormuz and OPEC+ confirmed a modest output increase. At the time of writing, WTI crude was down 0.65% at $101.30, while Brent crude had dropped 0.39% to $107.80. The President took to social media on Sunday to announce that ""Project Freedom"" would begin on Monday morning, Middle Eastern time. The project will involve the U.S. guiding stranded vessels out of the Strait of Hormuz. He emphasized that the stranded…",oilprice,2026-05-03
2026-05-04,"Prediction: Buying Enbridge Today Could Set You Up for Life Enbridge is one of my favorite investments, but not just because of its lofty and reliable dividend.",yahoo_wti,2026-05-03
2026-05-04,"Asian markets are mixed and oil is steady after Wall Street hits records Shares were mixed in Asia on Monday after U.S. stocks set more records, powered by strong profits for major companies.  Oil prices held steady after U.S. President Donald Trump said the U.S. would help ships leave the Strait of Hormuz, starting on Monday.  Iran has rejected the plan, but Trump also said talks with Iran could lead to positive outcomes.",yahoo_wti,2026-05-03
2026-05-04,"Oil Steadies With Trump’s Hormuz Plan and Tanker Attack in Focus (Bloomberg) -- Oil steadied as traders questioned the workability of a plan by President Donald Trump for the US to guide neutral ships out through the Strait of Hormuz, with a tanker reportedly hit in the waterway.Most Read from BloombergSupertanker Appears to Have Crossed the Strait of HormuzChina’s Rare Defiance of US Sanctions Sparks Showdown Over BanksWorld’s Largest Container Carrier Plans Route Avoiding HormuzPhilippines Says Thousands Evacuated as Mayon Volcano EruptsTrump Casts Doubts o",yahoo_wti,2026-05-03
2026-05-04,"Bitcoin Pushes to $80,000 as Trump’s Project Freedom Pressures Oil Prices Bitcoin tops $80,000 as oil prices fall on Trump's Project Freedom mission to escort vessels through the Strait of Hormuz.",yahoo_wti,2026-05-03
2026-05-04,Oil Prices Fall as Trump Launches “Project Freedom” and OPEC+ Increases Output Oil prices fell as traders reacted to U.S. plans to guide ships through the Strait of Hormuz and a modest OPEC+ output increase.,yahoo_wti,2026-05-03
2026-05-04,"Trump says the US will 'guide' ships through the Strait of Hormuz — here's why that might not work Oil prices rose on Monday after President Trump said the US would ""guide"" ships through the Strait of Hormuz.",yahoo_brent,2026-05-04
2026-05-04,"Stock market today: S&P 500, Nasdaq, Dow futures trade flat with investors holding for Iran war developments Major gauges traded close to flat as investors adjusted to news that ships in the Strait of Hormuz had been struck with missiles.",yahoo_wti,2026-05-04
2026-05-04,"Chevron vs. Exxon: Which is the Better Investment After Strong Q1 Results? With crude prices hovering above $100 per barrel, investors may be wondering which oil giant is the better investment after their stronger-than-expected Q1 results.",yahoo_wti,2026-05-04
2026-05-04,"Big Oil Resists Push To Prioritize Output Growth Companies are prioritizing dividends, buybacks, and debt reduction instead of expanding output or capex.",yahoo_wti,2026-05-04
2026-05-04,"3 Asian Dividend Stocks Yielding Over 3.8% As global markets navigate through geopolitical uncertainties and fluctuating oil prices, the Asian market remains a focal point for investors seeking stability and growth. Amidst these dynamics, dividend stocks in Asia offer a compelling opportunity for income-focused investors, especially those yielding over 3.8%, as they provide potential returns while also offering some cushion against market volatility.",yahoo_wti,2026-05-04
2026-05-04,"Exploring Three High Growth Tech Stocks in Asia As global markets navigate through various economic challenges, including geopolitical tensions and fluctuating oil prices, investors are closely watching the performance of tech stocks in Asia, a region known for its dynamic growth and innovation. In this environment, identifying promising high-growth tech stocks often involves looking at companies that demonstrate resilience against external pressures while capitalizing on technological advancements such as artificial intelligence and cloud...",yahoo_wti,2026-05-04
2026-05-04,"Exploring Undiscovered Gems In Asia For May 2026 As global markets navigate the complexities of geopolitical tensions and fluctuating oil prices, Asia's small-cap sector presents intriguing opportunities for investors seeking growth beyond the well-trodden paths of large-cap stocks. In this dynamic environment, identifying a promising stock often involves looking for companies with robust fundamentals and strategic positioning that can capitalize on regional trends and economic shifts.",yahoo_wti,2026-05-04
2026-05-04,"How The Diamondback Energy (FANG) Narrative Is Shifting With New Oil Assumptions And Valuation Calls Analysts have lifted their fair value estimate for Diamondback Energy from US$179.03 to US$222.70, moving the modeled equity value range closer to where many current price targets sit. This reset lines up with recent research that relies on higher oil price assumptions, updated cash flow estimates, and a split between bullish and more cautious views on how much upside is left. Read on to see how these shifting targets, and the reasoning behind them, can help you track the evolving story...",yahoo_wti,2026-05-04
2026-05-04,Top U.S. oil producer declares ‘green’ light on drilling for more oil amid Iran war Diamondback is the largest U.S. oil producer to hike spending and drilling as a result of the Iran war thus far.,yahoo_wti,2026-05-04
2026-05-04,"ADNOC Accelerates $55 Billion Investment after UAE’s OPEC Exit ADNOC is fast-tracking growth with up to $55 billion in project awards over the next two years, following the UAE’s exit from OPEC to pursue independent strategy.",yahoo_wti,2026-05-04
2026-05-04,Update: WTI Oil Moves Higher on Escalating Middle East Violence West Texas Intermediate (WTI) crude oil closed higher Monday in volatile as traders eye escalating v,yahoo_uso,2026-05-04
2026-05-04,"3 Leveraged ETF Areas of April That Are Up At least 150% Leveraged ETFs tied to Intel, Bloom Energy and AAOI skyrocketed in April, riding AI demand, earnings strength and surging energy trends.",yahoo_uso,2026-05-04
2026-05-04,"Market Minute 5-4-26- Oil Nears Highs on Fresh War Worries Stocks, gold, and silver are all modestly lower in early trading. Meanwhile, crude oil prices rose overnight and this morning despite an announcement by President Trump that the US would use military and intelligence assets to help ship owners get their vessels through the Strait of Hormuz.",yahoo_uso,2026-05-04
2026-05-04,"Sector Update: Energy Stocks Decline Premarket Monday Energy stocks were declining premarket Monday, with the State Street Energy Select Sector SPDR ETF (",yahoo_uso,2026-05-04
2026-05-04,"Exchange-Traded Funds, Equity Futures Lower Pre-Bell Monday as US-Iran Tensions Escalate Near Strait of Hormuz The broad market exchange-traded fund SPDR S&P 500 ETF Trust (SPY) was down 0.3% and the actively tr",yahoo_uso,2026-05-04
2026-05-04,"Big Oil Resists Push To Prioritize Output Growth It is profit season again, and Big Oil is raking it in, both in Europe and in the U.S., as soaring oil and gas prices boost earnings. What they are not boosting, however, is production. Big Oil is signaling it has no plans to rearrange its priorities. Higher oil prices drove the first-quarter adjusted earnings at Exxon above analyst estimates as the jump in prices more than offset lower oil and gas production in the Middle East and Kazakhstan. Chevron also beat analyst expectations with its first-quarter net result, reporting a 4% rise in upstream…",oilprice,2026-05-04
2026-05-04,"ADNOC Accelerates $55 Billion Investment after UAE’s OPEC Exit The Abu Dhabi national oil company, ADNOC, is accelerating investment in growth and production after the United Arab Emirates (UAE) left OPEC on May 1. The state oil and gas firm of what was OPEC’s fourth-largest producer before abruptly quitting last week, plans to award as much as $55 billion (200 billion UAE dirhams) on upstream and downstream projects over the next two years. The announcement of accelerated growth and delivery of the strategy came days after the UAE said it would quit OPEC effective May 1 to pursue its national interests.…",oilprice,2026-05-04
2026-05-04,"Volume Down Revenue Up Iran’s Oil Trade Defies the War The 2026 US-Israeli war against Iran delivered one of the sharpest ironies in modern energy geopolitics: while Iranian infrastructure was taking a pounding, it managed to somewhat absorb the relentless airstrikes to its culture, its way of life, and its main target—the economy. However, the already heavily punished Iranian economy took on fresh sanctions and the might of a US naval blockade. During these sanctions and the blockade, Tehran’s oil revenues rose sharply in the critical early months. The regime that Washington sought to…",oilprice,2026-05-04
2026-05-04,"Why the U.S. Is Pouring Billions Into Energy Projects in the Balkans Since US President Donald Trump took office last year, Washington and Brussels have clashed over trade, support for Ukraine, and military spending. Now there's a new battleground: the Western Balkans. Uniquely positioned at the intersection of EU and US interests, as well as Russian and Chinese influence, countries in the region have caught the eye of the world's superpowers, kicking off a race to capitalize on their emerging status, vulnerability, and weak economies. Nowhere is that more evident than in recent deals by US investors into energy…",oilprice,2026-05-04
2026-05-04,"Oil Surges to $114 Following Iranian Strikes on UAE Port A fragile four-week ceasefire between the United States and Iran appears to be on the brink of collapse following a violent exchange of fire in the Persian Gulf on Monday. The flareup drew in the United Arab Emirates (UAE) and sent global oil prices soaring as threats to the strategic Strait of Hormuz intensified. US Central Command (CENTCOM) reported that American forces fought off an array of Iranian drones, missiles, and small boats while facilitating the passage of two US-flagged vessels. President Donald Trump confirmed via Truth Social that…",oilprice,2026-05-04
2026-05-04,"UK Faces Summer Flight Disruptions as Jet Fuel Risks Mount Ministers are set to warn the British public that flight cancellations will hit summer holiday plans as new research suggested that the UK is more exposed to jet fuel shortages than other European countries.  Heidi Alexander, the transport secretary, is set to tell Brits that there could be flight cancellations this year as she will talk up staycations, according to The Times.  Her warnings will follow a prompt by Sir Keir Starmer that people would have to consider changing “where they go on holiday”.  Trade experts have…",oilprice,2026-05-04
2026-05-04,"UAE Withdraws From OAPEC The United Arab Emirates (UAE) has officially withdrawn from the Organization of Arab Petroleum Exporting Countries (OAPEC), following the country’s landmark decision to exit OPEC and the broader OPEC+ alliance. “While it appreciates the role played by the UAE throughout its membership period and its active contribution to supporting joint Arab action in the petroleum and energy sector, the General Secretariat of OAPEC affirms at the same time its commitment to continuing its efforts to enhance co-operation and integration…",oilprice,2026-05-04
2026-05-04,"Equinor Bets on New Wells to Offset Declining Fields Norway’s energy major Equinor has extended key drilling and well services contracts worth a combined NOK 17 billion ($1.8 billion), reinforcing activity on the Norwegian continental shelf as the company targets production of around 1.2 million barrels of oil equivalent per day toward 2035 and seeks to safeguard stable energy supplies to Europe amid ongoing market uncertainty. The company is exercising one?year extension options on three integrated drilling and well services contracts, alongside two?year options on 18 corporate framework agreements…",oilprice,2026-05-04
2026-05-04,"Repsol Set to Sell 49% in Spanish Renewables Portfolio to UAE's Masdar Spanish energy giant Repsol is in the final stage of selling a 49% stake in its largest renewables portfolio in Spain to Masdar, the clean energy giant of the United Arab Emirates (UAE), Spanish daily Cinco Dias reported on Monday, citing sources close to the deal. Repsol is finalizing a deal to sell to Masdar 49% in the Minerva project, which is valued at $994 million (850 million euros) and comprises 706 megawatts (MW) of installed capacity across 13 wind farms and six photovoltaic plants. The deal, expected to be finalized within weeks, is aimed…",oilprice,2026-05-04
2026-05-04,"U.S. Navy Enters Gulf as 'Project Freedom' Tests Iran's Grip on Hormuz Two months into the war with Iran, the Trump administration moved Monday to break Tehran's grip on the world's most important oil shipping lane, sending U.S. Navy guided-missile destroyers through the Strait of Hormuz and announcing 'Project Freedom,’ an operation aimed at guiding stranded commercial vessels out of the Gulf. U.S. Central Command confirmed that two U.S.-flagged merchant ships successfully transited the strait as the destroyers operated in the Arabian Gulf, the first American commercial vessels to do so since Iran effectively…",oilprice,2026-05-04
2026-05-04,"Equinor Signs $1.8 Billion in Drilling Deals to Keep Oil and Gas Output High Equinor has extended $1.8 billion worth of drilling and well services supplier contracts as the Norwegian energy major looks to keep high oil and gas production offshore Norway and deliver stable energy volumes to Europe. Equinor is extending key supplier agreements worth a total of $1.8 billion (17 billion Norwegian crowns), by exercising one-year options under three contracts for integrated drilling and well services, as well as two-year options under 18 corporate framework agreements for specialist services linked to these deliveries, the company…",oilprice,2026-05-04
2026-05-04,"Inside the Moscow Meeting That Laid Bare Iran’s Weak Hand Iran has a long history of being screwed over by Russia, and last week’s meeting in Moscow between Iranian Foreign Minister Abbas Araghchi and Russian President Vladimir Putin over the U.S.–Israel–Iran war suggests nothing in that dynamic is about to change, according to extremely well-placed sources on both sides who spoke exclusively to OilPrice.com over the weekend. On the one hand, Tehran’s perennially baseless optimism that “this time will be different” was on full display in Araghchi’s excited…",oilprice,2026-05-04
2026-05-04,"China Orders Refiners to Ignore U.S. Sanctions on Key Iranian Oil Buyers In a major escalation of trade tensions between Washington and Beijing, China's Ministry of Commerce (MOFCOM) has formally invoked its 2021 Blocking Rules for the first time to counteract U.S. sanctions against five Chinese oil refineries. Beijing has issued a prohibition order instructing all entities operating in China to disregard and not implement U.S. sanctions placed on five targeted refiners.  The order comes weeks before a planned meeting between U.S. President Donald Trump and Xi Jinping. The U.S. Treasury has already sanctioned Chinese…",oilprice,2026-05-04
2026-05-04,2 ETFs to Play Both Sides of the Iran War Ceasefire ETFs focused on oil and air travel are two potential plays for different outcomes of the war between the United States and Iran.,yahoo_uso,2026-05-05
2026-05-05,"Shares slip as oil prices stay elevated near peaks on Iran war concerns Asian stocks declined on Tuesday, tracking losses on Wall Street after US stocks retreated from record highs. Crude, meanwhile, remains firm.View on euronews",yahoo_wti,2026-05-04
2026-05-05,"High Growth Tech Stocks in Asia to Watch May 2026 As global markets navigate the complexities of geopolitical tensions and fluctuating oil prices, Asian tech stocks present a unique opportunity for investors seeking growth in a dynamic economic environment. In this context, identifying high-growth tech stocks involves assessing companies with robust earnings potential and resilience to external pressures, particularly those that capitalize on technological advancements such as artificial intelligence and cloud computing.",yahoo_wti,2026-05-04
2026-05-05,"Asian Dividend Stocks To Watch In May 2026 As global markets navigate the complexities of geopolitical tensions and fluctuating oil prices, Asian equities have shown resilience, with China's recent credit outlook upgrade highlighting macroeconomic stability. In this environment, dividend stocks in Asia can offer investors a potential source of steady income, particularly as central banks maintain interest rates and economic growth remains a focal point.",yahoo_wti,2026-05-04
2026-05-05,"Undiscovered Gems In Asia To Watch May 2026 Amidst a backdrop of geopolitical tensions and fluctuating oil prices, the Asian markets have shown resilience with notable stability in China and mixed performances across Japan. As investors navigate these complex dynamics, identifying promising opportunities in small-cap stocks often involves looking for companies that demonstrate strong fundamentals, adaptability to market changes, and potential for growth within their sectors.",yahoo_wti,2026-05-04
2026-05-05,"Asian shares slip and oil pares gains on Iran war uncertainties Oil prices fell back after rising earlier on escalating tensions in the war between the U.S. and Iran.  The fragile ceasefire between the U.S. and Iran was tested Monday after the U.S. military said it had sank six Iranian small boats targeting civilian ships, while two U.S.-flagged ships successfully passed through the Strait of Hormuz.  The key waterway for oil and gas tranport remains largely closed despite repeated demands from the U.S. for Iran to reopen the strait and as the United States imposed a sea blockade on Iranian ports.",yahoo_wti,2026-05-04
2026-05-05,"Oil Edges Lower Following Spike as Iran and US Exchange Fire (Bloomberg) -- Oil edged lower, paring Monday’s gain, as traders tracked tensions in the Middle East after fresh clashes between the US and Iran.Most Read from BloombergChina’s Unprecedented Defiance of US Sanctions Triggers ShowdownUS and Iran Trade Fire in Gulf, Jolting Four-Week-Old TruceFormer NYC Mayor Giuliani in Critical Condition, Trump SaysUS Has Opened a Passage Through Hormuz, Central Command SaysBeijing Tells China Firms to Ignore US Sanctions on RefinersBrent fell toward $113 a barr",yahoo_wti,2026-05-04
2026-05-05,"Stocks sink amid fears over US-Iran ceasefire Stocks sank Tuesday with a fresh spike in Middle East tensions fanning fears over the fragile US-Iran ceasefire, with the two sides appearing to be no closer to a deal to reopen the Strait of Hormuz.Fears that the ceasefire, which has been in place since early April, could fall apart weighed on Asian equities, with Hong Kong, Sydney, Singapore, Wellington and Taipei all down.",yahoo_wti,2026-05-04
2026-05-05,Diamondback Energy Lifts Production Guidance After Strong Q1 Diamondback Energy delivered robust first-quarter performance exceeding oil production expectations while enhancing shareholder returns and updating full-year guidance upward.,yahoo_wti,2026-05-04
2026-05-05,"Bitcoin Instead of Oil: How Crypto Keeps Iranian Business Moving Iranian businesses are relying on crypto as sanctions and the US-Iran war strain oil markets, payments, and cross-border trade.",yahoo_wti,2026-05-04
2026-05-05,"Chevron Iraqi Oilfield Talks And What They Could Mean For CVX Valuation Chevron, ticker NYSE:CVX, is in talks to acquire stakes in major Iraqi oilfields, potentially taking over positions held by Russian companies. The negotiations center on large producing fields that are important to Iraq's output and to global oil supply. Any agreement could adjust the balance of international players in Iraq's energy sector and influence regional energy ties among the U.S., Russia and China. For investors watching NYSE:CVX, this development comes with the stock trading...",yahoo_wti,2026-05-04
2026-05-05,"Tyson Foods' earnings reveal a worrying trend With earnings season in full swing, company results can reveal a lot about how consumers are thinking and where they are spending their money. And with increased inflation rates from rising oil prices due to the war in Iran, this earnings season is getting extra attention. The latest earnings from ...",yahoo_wti,2026-05-04
2026-05-05,"How China Killed Every Rare Earth Competitor Before It Could Get Started China’s most effective weapon in the rare earth war wasn’t a missile, a tariff, or a trade embargo. It was a price tag. For more than two decades, Beijing has used a remarkably simple strategy to maintain its stranglehold on the global rare earth supply chain: whenever a Western company would get serious about building an independent processing capability, China would act to crash prices. And the result is generally the same: the investment case falls apart, the funding disappears, and the company folds. China’s monopoly survives…",oilprice,2026-05-04
2026-05-05,"Pakistan Opens Iran Land Corridors as Region Scrambles for Routes Beyond Hormuz Pakistan has opened six overland transit routes to move shipments into Iran, aiming to clear more than 3,000 containers stranded at Karachi and Port Qasim as disruptions in the Strait of Hormuz continue to choke maritime flows, according to Pakistan’s Dawn media outlet. The move follows a statutory regulatory order issued last month by Pakistan’s Ministry of Commerce, activating a 2008 bilateral road transport agreement with Iran, allowing third-country cargo to transit through Pakistani ports and overland corridors into Iran. The designated…",oilprice,2026-05-04
2026-05-05,"Alphabet, Intel, Micron Lead Nasdaq Higher as Oil Drops on Paused Mideast Tensions The Nasdaq Composite (^IXIC) opened higher Tuesday, with the tech-heavy benchmark riding a familiar trio of tailwinds: a fresh wave of strong earnings, a sharp pullback in crude oil, and a pause in Middle East escalation. Risk appetite is back, and the Nasdaq Composite (^IXIC) is riding the bullish wave. Google parent company Alphabet (Nasdaq: GOOGL), ... Alphabet, Intel, Micron Lead Nasdaq Higher as Oil Drops on Paused Mideast Tensions",yahoo_wti,2026-05-05
2026-05-05,"Markets Reacting More to Oil Prices Than The Surprise Canada Trade Surplus, Says CIBC A surge in oil exports, led by higher prices, and added glitter in the gold trade, saw Canada's trad",yahoo_wti,2026-05-05
2026-05-05,"Here’s Why Baron Small Cap Fund Sold ODDITY Tech Ltd. (ODD) Baron Capital, an investment management company, released its Q1 2026 investor letter for the “Baron Small Cap Fund”. A copy of the letter can be downloaded here. Baron Small Cap Fund was down 7.90% (Institutional Shares) in Q1 2026, trailing the Russell 2000 Growth Index’s -2.81% return. The first quarter started with optimism driven by expectations […]",yahoo_wti,2026-05-05
2026-05-05,"Planet Fitness (PLNT) Slipped on Cautious Outlook Baron Capital, an investment management company, released its Q1 2026 investor letter for the “Baron Small Cap Fund”. A copy of the letter can be downloaded here. Baron Small Cap Fund was down 7.90% (Institutional Shares) in Q1 2026, trailing the Russell 2000 Growth Index’s -2.81% return. The first quarter started with optimism driven by expectations […]",yahoo_wti,2026-05-05
2026-05-05,"What Makes Once Upon a Farm (OFRM) an Investment Choice? Baron Capital, an investment management company, released its Q1 2026 investor letter for the “Baron Small Cap Fund”. A copy of the letter can be downloaded here. Baron Small Cap Fund was down 7.90% (Institutional Shares) in Q1 2026, trailing the Russell 2000 Growth Index’s -2.81% return. The first quarter started with optimism driven by expectations […]",yahoo_wti,2026-05-05
2026-05-05,"Compressed Valuation Multiple Hurt Gartner (IT) in Q1 Baron Capital, an investment management company, released its Q1 2026 investor letter for the “Baron Small Cap Fund”. A copy of the letter can be downloaded here. Baron Small Cap Fund was down 7.90% (Institutional Shares) in Q1 2026, trailing the Russell 2000 Growth Index’s -2.81% return. The first quarter started with optimism driven by expectations […]",yahoo_wti,2026-05-05
2026-05-05,"Strong Earnings Report Lifted Cognex Corporation (CGNX) in Q1 Baron Capital, an investment management company, released its Q1 2026 investor letter for the “Baron Small Cap Fund”. A copy of the letter can be downloaded here. Baron Small Cap Fund was down 7.90% (Institutional Shares) in Q1 2026, trailing the Russell 2000 Growth Index’s -2.81% return. The first quarter started with optimism driven by expectations […]",yahoo_wti,2026-05-05
2026-05-05,"Stocks advance, oil falls as traders eye US-Iran ceasefire European and US stocks advanced Tuesday as investors weighed first-quarter corporate earnings alongside uncertainty over the fragile US-Iran ceasefire. ""First-quarter corporate earnings have largely been robust so far which has helped to sustain global equities despite the uncertain backdrop,"" said AJ Bell head of markets Dan Coatsworth.",yahoo_wti,2026-05-05
2026-05-05,"Vertiv Holdings Co. (VRT) Surged on Above-Expected Orders and Backlog Baron Capital, an investment management company, released its Q1 2026 investor letter for the “Baron Small Cap Fund”. A copy of the letter can be downloaded here. Baron Small Cap Fund was down 7.90% (Institutional Shares) in Q1 2026, trailing the Russell 2000 Growth Index’s -2.81% return. The first quarter started with optimism driven by expectations […]",yahoo_wti,2026-05-05
2026-05-05,"UK long-term borrowing costs hit highest level since 1998 The UK’s long-term borrowing costs climbed to their highest level since 1998 on Tuesday, as a deepening of the Hormuz crisis added to fears the...",yahoo_wti,2026-05-05
2026-05-05,Stock Market Today: Dow Rises Amid U.S.-Iran Tensions; Palantir Slides After Earnings Report (Live Coverage) The Dow Jones index rose Tuesday amid rising U.S.-Iran tensions. Palantir stock sold off on earnings.,yahoo_wti,2026-05-05
2026-05-05,"Significant Growth in the End Market Lifted RBC Bearings Incorporated (RBC) in Q1 Baron Capital, an investment management company, released its Q1 2026 investor letter for the “Baron Small Cap Fund”. A copy of the letter can be downloaded here. Baron Small Cap Fund was down 7.90% (Institutional Shares) in Q1 2026, trailing the Russell 2000 Growth Index’s -2.81% return. The first quarter started with optimism driven by expectations […]",yahoo_wti,2026-05-05
2026-05-05,"Here’s What Weighed on Proficient Auto Logistics’ (PAL) Performance Diamond Hill Capital, a First Eagle Investment Management company, issued its Q1 2026 investor letter for its “Small Cap Strategy”. A copy of the letter can be downloaded here. Small caps started 2026 strong, following 2025, but pulled back late in the quarter due to geopolitical tensions, with the US and Israel acting against Iran. […]",yahoo_wti,2026-05-05
2026-05-05,"Utz Brands (UTZ) Slid Due to Below-Expected Guidance Diamond Hill Capital, a First Eagle Investment Management company, issued its Q1 2026 investor letter for its “Small Cap Strategy”. A copy of the letter can be downloaded here. Small caps started 2026 strong, following 2025, but pulled back late in the quarter due to geopolitical tensions, with the US and Israel acting against Iran. […]",yahoo_wti,2026-05-05
2026-05-05,"What Makes LSI Industries (LYTS) a Resilient Business Model? Diamond Hill Capital, a First Eagle Investment Management company, issued its Q1 2026 investor letter for its “Small Cap Strategy”. A copy of the letter can be downloaded here. Small caps started 2026 strong, following 2025, but pulled back late in the quarter due to geopolitical tensions, with the US and Israel acting against Iran. […]",yahoo_wti,2026-05-05
2026-05-05,"Ducommun Incorporated (DCO) is Gaining from Its Missile Franchise Diamond Hill Capital, a First Eagle Investment Management company, issued its Q1 2026 investor letter for its “Small Cap Strategy”. A copy of the letter can be downloaded here. Small caps started 2026 strong, following 2025, but pulled back late in the quarter due to geopolitical tensions, with the US and Israel acting against Iran. […]",yahoo_wti,2026-05-05
2026-05-05,"Oil-Dri Corporation of America (ODC) Surged on Successful Execution of Transformation Diamond Hill Capital, a First Eagle Investment Management company, issued its Q1 2026 investor letter for its “Small Cap Strategy”. A copy of the letter can be downloaded here. Small caps started 2026 strong, following 2025, but pulled back late in the quarter due to geopolitical tensions, with the US and Israel acting against Iran. […]",yahoo_wti,2026-05-05
2026-05-05,"Sharp Surge in Oil Prices Lifted Magnolia Oil & Gas Corporation (MGY) in Q1 Diamond Hill Capital, a First Eagle Investment Management company, issued its Q1 2026 investor letter for its “Small Cap Strategy”. A copy of the letter can be downloaded here. Small caps started 2026 strong, following 2025, but pulled back late in the quarter due to geopolitical tensions, with the US and Israel acting against Iran. […]",yahoo_wti,2026-05-05
2026-05-05,"What Makes Knowles Corp (KN) an Investment Bet? Diamond Hill Capital, a First Eagle Investment Management company, issued its Q1 2026 investor letter for its “Small Cap Strategy”. A copy of the letter can be downloaded here. Small caps started 2026 strong, following 2025, but pulled back late in the quarter due to geopolitical tensions, with the US and Israel acting against Iran. […]",yahoo_wti,2026-05-05
2026-05-05,"S&P 500 Rises on Big Tech Bump, Corporate Profits and Oil Price Relief The S&P 500 (^GSPC) heads into Tuesday with momentum after a powerful rebound last month in which the broader markets advanced 9%. A pullback in crude oil and first-quarter earnings beats are driving today’s gains as the markets embrace a reprieve in the Mideast escalation. The S&P 500 (^GSPC) is capturing those tailwinds for gains ... S&P 500 Rises on Big Tech Bump, Corporate Profits and Oil Price Relief",yahoo_wti,2026-05-05
2026-05-05,Oil Prices Ease as the Iran War Ceasefire Holds After Monday's Attacks Oil traded lower early on Tuesday with the ceasefire between the United States and Iran seen holding,yahoo_uso,2026-05-05
2026-05-05,"Exchange-Traded Funds, Equity Futures Higher Pre-Bell Tuesday Amid Corporate Earnings Rush The broad market exchange-traded fund SPDR S&P 500 ETF Trust (SPY) was up 0.4% and the actively trad",yahoo_uso,2026-05-05
2026-05-05,"Best-Performing ETFs of April April's ETF winners surged on oil rally, AI boom and strong earnings. Hydrogen, semis, AI, meme and cannabis funds led the charge.",yahoo_uso,2026-05-05
2026-05-05,"Ukraine Hits 400,000 bpd Kirishi Refinery in Drone Attack Near St. Petersburg One of Russia's largest oil refineries, the 400,000 barrels-per-day Kirishi refinery southeast of St. Petersburg, was on fire early on Tuesday following drone attacks overnight, Bloomberg reports, citing satellite images from NASA. According to satellite images taken on Tuesday by NASA's Fire Information for Resource Management System, the Kirishi refinery owned by oil producer Surgutneftegas and nearby areas were detected to emit heating anomalies which signal fires. Alexander Drozdenko, the governor of the Leningrad region where the refinery…",oilprice,2026-05-05
2026-05-05,"Missile Strikes and Naval Escalation Threaten Fragile Gulf Cease-Fire US military forces said they destroyed six Iranian small boats and ‌intercepted Iranian missiles and drones as a new American effort to get commercial shipping traffic flowing through the critical Strait of Hormuz got underway. Iran, meanwhile, launched at least four missiles across the Persian Gulf at the United Arab Emirates on May 4, prompting an angry response and a threat of retaliation from the Gulf nation. The US ally said three of the missiles were shot down. With fears that an already shaky US cease-fire was on the verge of outright…",oilprice,2026-05-05
2026-05-05,"Ships Cluster Off Dubai as Iran Expands Area of Control at Hormuz About five dozen vessels moved toward Dubai in just one day, joining a growing cluster of at least 363 ships currently off the emirate in the Persian Gulf as Iran signaled it is expanding the area around the Strait of Hormuz it now controls. Iran’s Islamic Revolutionary Guard Corps (IRGC) unveiled on Monday a new map showing expanded areas around the critical chokepoint that Iran now claims to have under control. The area extends from a line between Kuh-e Mobarak in Iran and south of Fujairah in the UAE, and from another line between the…",oilprice,2026-05-05
2026-05-05,"Norway’s $2.2T Fund Accused of Backing Big Oil The world's biggest sovereign wealth fund, Norway's $2.2-trillion Government Pension Fund Global, has dropped its active voting engagement on climate issues at the biggest oil firms in which it has stakes, a climate group said in a report on Tuesday. The Government Pension Fund Global (GPFG), which is commonly referred to as 'Norway's oil fund' because it was created with oil and gas revenues, is a shareholder in many large companies in the world, including Big Oil. The Norwegian fund was created in the 1990s and today it holds on average 1.5%…",oilprice,2026-05-05
2026-05-05,"Goldman Sachs: Global Oil Inventories Fall to 8-Year Low Global oil inventories are crashing and approaching an eight-year low, with the rate of depletion so fast that it exposes the market to further shocks, according to Goldman Sachs. Total oil stocks globally have dropped to about 101 days of expected demand, the lowest level in nearly eight years, analysts at Goldman Sachs said in a note carried by Reuters. With the Strait of Hormuz inaccessible for nearly all tanker traffic, these stocks could drop to as low as 98 days of demand by the end of May, Goldman’s analysts warned. While the global…",oilprice,2026-05-05
2026-05-05,"Explosion Rocks South Korean Cargo Ship in Strait of Hormuz South Korean authorities are investigating the cause of a fire on a vessel in the Strait of Hormuz after an explosion occurred on the Korea-operated cargo ship HMM Namu on Monday.   On Tuesday, South Korea’s presidential office convened a meeting to discuss its response to the fire aboard the bulk carrier operated by South Korean shipper HMM Co. The Panama-flagged vessel was anchored in waters offshore the United Arab Emirates (UAE) when the explosion occurred early on Monday Middle Eastern time. The fire started in the engine room,…",oilprice,2026-05-05
2026-05-05,"California Gas Prices Surge Past $6 Amid Oil Supply Crunch Californian retail fuel prices have hit $6.114 per gallon for the first time since 2023 amid the global supply crunch that has exposed the state’s vulnerabilities, notably its dependence on foreign oil supply. California sources close to a third of the crude oil it consumes from the Middle East. The last tanker carrying crude from the region arrived on the California coast at the end of April, delivering 2 million barrels, CBS reported. No other tankers will be arriving anytime soon, as traffic paralysis in the Strait of Hormuz continues.…",oilprice,2026-05-05
2026-05-05,"India Condemns Iran Attack on Fujairah as Oil Prices Surge India has called for an end to the hostilities in the Middle East, condemning Iran for its recent attack on the port of Fujairah - a vital oil hub that sits right outside the Strait of Hormuz. Three Indian nationals were injured during the attack, New Delhi said. In an official statement released today, the Indian Ministry of External Affairs called the attack “unacceptable”, urged the warring parties to engage in “dialogue and diplomacy”, and insisted on “free and unimpeded navigation and commerce” in the Strait…",oilprice,2026-05-05
2026-05-05,"Chevron CEO Warns of Emerging Physical Shortages in Crude Oil Signs of physical shortages in crude oil are emerging, the chief executive of Chevron warned this week, noting that this will first hit Asian economic growth. “We will start to see physical shortages,” Mike Wirth said at an event, as quoted by Reuters. “Demand needs to move to meet supply,” Wirth also said, adding, “Economies are going to have to slow.” The crisis in the Middle East prompted a scramble among energy importers to find alternative supply, with Japan yesterday receiving its first crude shipment from…",oilprice,2026-05-05
2026-05-05,"Iraq Offers Huge Discounts for Crude Shipments via Hormuz OPEC’s second-largest producer, Iraq, is offering huge discounts of up to $33.40 per barrel off the official selling prices for its crude that has to move through the Strait of Hormuz. Iraq’s oil production and exports have been severely crippled due to the hostilities in the Middle East and the de facto closure of the Strait of Hormuz, which is the only way to move Iraqi Basrah crude grades. Iraq was one of the first Gulf producers to slash upstream production and now exports a small part of its crude via a pipeline to the Turkish…",oilprice,2026-05-05
2026-05-05,Gasoline prices climb toward $5 as Strait of Hormuz remains closed Gasoline prices have climbed about 50% since the Iran war started,yahoo_brent,2026-05-05
2026-05-05,"Dow Jones Futures: AI-Led Market Rally Hits Fresh Highs; AMD, Astera, Lumentum, Arista Earnings Late The Nasdaq hit new highs Tuesday. AI plays AMD, Astera Labs, Lumentum and Arista were earnings movers late.",yahoo_wti,2026-05-05
2026-05-05,"Viper Energy Q1 Earnings Call Highlights Viper Energy (NASDAQ:VNOM) opened 2026 with production that exceeded management’s expectations, prompting the company to raise the midpoint of its full-year oil production guidance by roughly 2.5% as strong operator activity continued across its Permian Basin acreage. First-quarter activity and hig",yahoo_wti,2026-05-05
2026-05-05,"Chord Energy (NASDAQ:CHRD) Reports Strong Q1 CY2026 Oil and gas producer Chord Energy (NASDAQ:CHRD) reported Q1 CY2026 results topping the market’s revenue expectations, with sales up 37.1% year on year to $1.67 billion. Its non-GAAP profit of $4.56 per share was 30.8% above analysts’ consensus estimates.",yahoo_wti,2026-05-05
2026-05-05,"Stock Market Today: Nasdaq, S&P 500 End At Record Highs As Techs Rise; Intel Shares Surge (Live Coverage) The Dow Jones index rose Tuesday amid rising U.S.-Iran tensions. Palantir stock sold off on earnings.",yahoo_wti,2026-05-05
2026-05-05,Marathon Petroleum Corporation Q1 2026 Earnings Call Summary Moby summary of Marathon Petroleum Corporation's Q1 2026 earnings call,yahoo_wti,2026-05-05
2026-05-05,MPLX Lp Q1 2026 Earnings Call Summary Moby summary of MPLX Lp's Q1 2026 earnings call,yahoo_wti,2026-05-05
2026-05-05,"Rally rolls on despite Iran tensions and economic divide Markets (^DJI, ^GSPC, ^IXIC) are rallying to record highs amid the ongoing Iran conflict and the K-shaped economy. To find out what's driving the stock market rebound, U.S. Bank Wealth Management Senior Investment Director Bill Northey joins Josh Lipton on Market Domination to explain.",yahoo_wti,2026-05-05
2026-05-05,"California Resources (NYSE:CRC) Reports Sales Below Analyst Estimates In Q1 CY2026 Earnings Oil and gas producer California Resources (NYSE:CRC) missed Wall Street’s revenue expectations in Q1 CY2026, with sales falling 86.9% year on year to $119 million. Its non-GAAP profit of $0.88 per share was 2.2% below analysts’ consensus estimates.",yahoo_wti,2026-05-05
2026-05-05,"Gasoline costs 50% more in the US than it did before the Iran war The price of a gallon of regular gasoline climbed 31 cents in the past week, spiking to an average of $4.48 per gallon Tuesday, according to AAA, hitting the wallets of drivers after rising 50% since the war with Iran began.  The main reason drivers are paying more at the pump is because of the global energy crisis caused by the Iran War.  The price of crude oil, which is the main ingredient in gasoline, has been climbing for most of the past two months because the Strait of Hormuz, the narrow passage of the Persian Gulf through which a fifth of the world’s crude oil normally passes, has effectively been shut, and oil tankers have been stranded there unable to deliver crude.",yahoo_wti,2026-05-05
2026-05-05,"Plains All American Pipeline and Plains GP Holdings Provide Update on the NGL Sale Process HOUSTON, May 05, 2026 (GLOBE NEWSWIRE) -- Plains All American Pipeline, L.P. (Nasdaq: PAA) and Plains GP Holdings (Nasdaq: PAGP) (collectively, “Plains”) today provided an update on the expected timing for completion of the Canadian NGL business divestiture to Keyera Corp (“Keyera”). PAA and certain of its affiliates have received a filing from the Canadian Competition Bureau challenging the proposed transaction. This filing and the associated proceeding do not enjoin, prohibit, make illegal or",yahoo_wti,2026-05-05
2026-05-05,"Nasdaq, S&P 500 Hit Fresh Peaks as Oil Retreats The Nasdaq Composite and the S&P 500 advanced to new highs on Tuesday as oil prices pulled back, whi",yahoo_wti,2026-05-05
2026-05-05,"Stocks rise, oil falls as traders eye earnings, US-Iran ceasefire European and US stocks advanced Tuesday, lifting Wall Street indices to fresh records, as investors focused on first-quarter corporate earnings instead of uncertainty over the fragile US-Iran ceasefire. All three major US indices pushed higher, with both the S&P 500 and Nasdaq ending at fresh records.",yahoo_wti,2026-05-05
2026-05-05,"UBS declares coupon payments on 8 ETRACS Exchange Traded Notes NEW YORK, May 05, 2026--UBS Investment Bank today announced coupon payments for 5 ETRACS Exchange Traded Notes traded on the NYSE Arca and expected coupon payments for 3 ETRACS Exchange Traded Notes traded on NASDAQ (together, the ""ETNs"").",yahoo_wti,2026-05-05
2026-05-05,"Oxford Industries, PVH, and G-III Shares Plummet, What You Need To Know A number of stocks fell in the afternoon session after the resurgence in U.S.-Iran tensions sent oil prices sharply higher and reignited concerns about both the consumer's discretionary wallet and the cost of a globally sourced supply chain.",yahoo_wti,2026-05-05
2026-05-05,Why Burlington (BURL) Stock Is Trading Lower Today Shares of off-price retail company Burlington Stores (NYSE:BURL) fell 2.6% in the afternoon session after the spike in oil prices threatened to siphon another round of discretionary spending away from store registers.,yahoo_wti,2026-05-05
2026-05-05,"How major US stock indexes fared Tuesday 5/5/2026 The U.S. stock market rallied to more records after an easing of oil prices let Wall Street turn its focus back to the big profits that companies keep producing.  The Dow Jones Industrial Average added 0.7%, and the Nasdaq composite gained 1%.  Stocks got a boost after oil prices gave back much of their big jumps from Monday, and Brent crude fell 4%.",yahoo_wti,2026-05-05
2026-05-05,"DHT Holdings, Inc. First Quarter 2026 Results HAMILTON, BERMUDA, May 5, 2026 – DHT Holdings, Inc. (NYSE:DHT) (“DHT” or the “Company”) today announced its results for the quarter ended March 31, 2026. The full report is available in the attachment below. About DHT Holdings, Inc.DHT is an independent crude oil tanker company. Our fleet trades internationally and consists of crude oil tankers in the VLCC segment. We operate through our wholly owned management companies in Monaco, Norway, Singapore, and India. You may recognize us by our renown",yahoo_wti,2026-05-05
2026-05-05,"COMSTOCK RESOURCES, INC. REPORTS FIRST QUARTER 2026 FINANCIAL AND OPERATING RESULTS FRISCO, TX, May 05, 2026 (GLOBE NEWSWIRE) -- Comstock Resources, Inc. (""Comstock"" or the ""Company"") (NYSE; NYSE Texas: CRK) today reported financial and operating results for the quarter ended March 31, 2026. Highlights of 2026's First Quarter First quarter 2026 financial results: Natural gas and oil sales, including realized hedging losses, were $339 million for the quarter.Operating cash flow was $192 million or $0.66 per share.Adjusted EBITDAX for the quarter was $251 million.Adjusted net inc",yahoo_wti,2026-05-05
2026-05-05,"Argo's March Oil Production Toronto, Ontario--(Newsfile Corp. - May 5, 2026) - Argo Gold Inc's. (CSE: ARQ) (OTC Pink: ARBTF) (XFRA: A2ASDS) (XSTU: A2ASDS) (XBER: A2ASDS) (""Argo"" or the ""Company"") March 2026 oil production was 2,630 barrels, averaging 85 barrels per day. Oil prices averaged CAD$94 per barrel, and Argo's oil revenue was $248,468 and net operating cash flow was $169,479.March 2026Oil ProductionArgo's interestArgo's Oil RevenueArgo's net operating cash flowLindbergh 1(37.5% interest) 70 bbl/day26...",yahoo_wti,2026-05-05
2026-05-05,"Best Buy, CarMax, and Lowe's Shares Plummet, What You Need To Know A number of stocks fell in the afternoon session after the spike in oil prices threatened to siphon another round of discretionary spending away from store registers.",yahoo_wti,2026-05-05
2026-05-05,Update: WTI Crude Oil Falls as the Iran War Ceasefire Holds After Monday's Attacks West Texas Intermediate (WTI) crude oil fell 3.9% on Tuesday with the ceasefire between the United S,yahoo_uso,2026-05-05
2026-05-05,Oil Prices Fall as Pentagon Downplays Latest Iranian Missile Attacks Brent crude and WTI prices had risen Monday on reports of attacks both in the Strait of Hormuz and over the United Arab Emirates.,yahoo_uso,2026-05-05
2026-05-05,"UAE’s Shock Exit Leaves OPEC Weakened and the Global Oil Order Rewritten Before 1 May, the once-mighty Organization of the Petroleum Exporting Countries (OPEC) had 12 members, but with the departure of the United Arab Emirates (UAE) at the start of the month, it has 11. These comprise Algeria, the Republic of the Congo, Equatorial Guinea, Gabon, Iran, Iraq, Kuwait, Libya, Nigeria, Saudi Arabia, and Venezuela, together accounting for around 33% of the world’s crude oil output, about 46% of its total petroleum traded internationally, and roughly 73% of its proven oil reserves. Back when it was founded in 1960, these…",oilprice,2026-05-05
2026-05-05,"API Confirms Very Large Crude and Oil Product Draws The American Petroleum Institute (API) estimated that crude oil inventories in the United States fell by 8.1 million barrels in the week ending May 1. In the week prior, US crude oil inventories fell by 1.79 million barrels. Analysts had expected a 2.8-million-barrel draw. US crude inventories are up 37 million barrels so far this year, according to API data. Inventories in the US Strategic Petroleum Reserve (SPR) continue to draw down in an attempt to alleviate the pressure on prices. For week ending May 1, 5.2 million barrels left the SPR, bringing…",oilprice,2026-05-05
2026-05-05,"Venezuela’s Oil Rebound Shows Why the Petrodollar Is a Logistics System Venezuela’s oil is moving again. That does not mean Venezuela’s oil industry has been rebuilt. It means something narrower, more technical, and more revealing: part of the machinery required to make Venezuelan barrels tradable has been switched back on. That distinction matters for oil markets. Venezuela’s oil exports rose 14% in April to 1.23 million barrels per day, the country’s highest monthly export level since late 2018, according to Reuters. The increase followed a political reset after Nicolás Maduro’s…",oilprice,2026-05-05
2026-05-05,"Norway Just Switched on Another Gas Lifeline for Europe With little fanfare but clear strategic impact, Equinor has brought the long-forgotten Eirin gas field into production, sending fresh gas volumes into Europe’s system at a moment when security of supply still outweighs nearly every other energy priority. The project may not be large by global standards, but its timing, speed, and symbolism speak far louder than its size. Once written off as uneconomic, Eirin is now flowing gas through the Gina Krog platform and onward via the Sleipner A hub, reinforcing Norway’s position as Europe’s…",oilprice,2026-05-05
2026-05-05,"US Senators Push to Reinstate Russian Oil Sanctions A group of 14 Senate Democrats is pressing the Trump administration to reinstate sanctions on Russian oil after a temporary waiver tied to the Iran war. In a letter to Treasury Secretary Scott Bessent, the lawmakers argued that the policy allows additional revenue to flow to Moscow, at a time when oil prices are already elevated. The administration first eased sanctions in mid-March after the Strait of Hormuz disruption tightened global supply and pushed prices sharply higher. The 30-day waiver, initially set to expire April 11, has been extended…",oilprice,2026-05-05
2026-05-05,"The $12.5 Billion Investment Designed to Counter China’s Minerals Dominance The Asian Development Bank is committing $12.5 billion in assistance to Uzbekistan, aiming to hasten the Central Asian nation’s economic modernization. In addition, the bank has unveiled an initiative apparently intended to loosen China’s grip on supply chains for critical minerals and rare earths. The announcements came as the ADB’s board of governors convened for its annual meeting on May 3 in the Uzbek city of Samarkand. The new Uzbek-ADB Partnership Program will run through 2030. A major focus is the development of a more…",oilprice,2026-05-05
2026-05-05,"Top Permian Producer Adds Rigs as Oil Rally Holds Diamondback Energy, one of the biggest pure-play Permian Basin producers in West Texas, said Monday it is immediately boosting oil output in response to the ongoing price rally driven by the Iran war — making it the first major shale operator to openly break from the capital-discipline playbook that has defined the sector since 2022. In a letter to shareholders on Monday, CEO Kaes Van't Hof announced the company averaged 521,000 barrels of oil per day in the first quarter of 2026 — exceeding even the high end of its guidance range of…",oilprice,2026-05-05
2026-05-05,"U.S.-Canada Oil Pipeline Nears Go-Ahead as Shippers Lock In Volumes A long-delayed push to move more Canadian crude into the United States is back on the table, and this time it has barrels behind it. Oil companies have committed at least 400,000 barrels per day to the project, or about 72% of its initial 550,000 bpd capacity. South Bow Corp. and Bridger Pipeline are targeting roughly 450,000 bpd in long-term contracts, a level that is typically required before construction proceeds. That demand tells you everything about the current bottleneck. Canada is producing about 5.5 million bpd and heading toward 6.1 million…",oilprice,2026-05-05
2026-05-05,"BP Considers Retreat From North Sea Amid Mounting Tax Pressures BP is reportedly eyeing a potential exit from the North Sea as the tax load on energy companies seems unlikely to be eased with the Iran war.  The UK oil giant is considering either ceasing or partially winding down operations in the North Sea, according to Bloomberg, as part of an effort to strip assets and pay debt.  It said it would look to find around £2bn in full divestment, which could hit its control of basins in the North Sea.  The decision is subject to an internal review of its assets and operations. …",oilprice,2026-05-05
2026-05-05,"US Moves to Break Iran’s Chokehold on Hormuz Oil Shockwave: Middle East Crisis Sends 2027 Prices Into Orbit  - The deteriorating oil crisis in the Middle East is gradually pushing up oil price expectations not only for this year but also for 2027 ahead, with market participants worried about the viability of Gulf exports even if the current double blockade ends. - Some 11 million b/d of production is currently shut across the Middle East, with most oil producers reaching tank-tops and unable to store more in their systems; these high inventories would take at least 2-3 months to clear.…",oilprice,2026-05-05
2026-05-05,"Shell and INEOS Strike Gulf of Mexico Exploration Deal Shell and INEOS Energy have agreed to jointly invest in exploration and development opportunities in the U.S. Gulf of Mexico, the UK-based energy unit of chemicals giant INEOS said on Tuesday. INEOS Energy and Shell Offshore Inc, a subsidiary of the UK-based supermajor, are thus boosting their cooperation and will be exploring for opportunities in areas in tieback distance to the Shell-operated Appomattox production hub in the Gulf of Mexico. As a result of the strengthened cooperation, INEOS is buying a 21% working interest in these assets for…",oilprice,2026-05-05
2026-05-05,"Dow Jones Futures: AMD, Astera, Lumentum, Arista Lead Earnings Movers After AI-Led Rally Hits Fresh Highs The Nasdaq hit new highs Tuesday. AI plays AMD, Astera Labs, Lumentum and Arista were earnings movers late.",yahoo_wti,2026-05-05
2026-05-05,"DHT Holdings (NYSE:DHT) Delivers Strong Q1 CY2026 Numbers Crude oil tanker operator DHT Holdings (NYSE:DHT) beat Wall Street’s revenue expectations in Q1 CY2026, with sales up 134% year on year to $186.5 million. Its GAAP profit of $1.02 per share was 16.6% above analysts’ consensus estimates.",yahoo_wti,2026-05-05
2026-05-05,"Gulfport Energy (NYSE:GPOR) Misses Q1 CY2026 Sales Expectations Natural gas producer Gulfport Energy (NYSE:GPOR) fell short of the market’s revenue expectations in Q1 CY2026, but sales rose 103% year on year to $399.5 million. Its GAAP profit of $8.87 per share was 22.7% above analysts’ consensus estimates.",yahoo_wti,2026-05-05
2026-05-05,Better Oil Stock: Chevron vs. Occidental Petroleum Which of these oil giants has a brighter future?,yahoo_wti,2026-05-05
2026-05-05,"Stock Market Today, May 5: Stocks Rebound as U.S.-Iran Truce Holds Today, May 5, 2026, Micron’s jump on high-capacity SSD demand helped power a broader chip-led advance in U.S. stocks.",yahoo_wti,2026-05-05
2026-05-05,"US Equity Indexes Advance, Crude Oil Drops as Rubio Says Combat Operation Against Iran 'Over' US equity indexes rose on Tuesday as crude oil futures fell after the United Arab Emirates reported",yahoo_wti,2026-05-05
2026-05-05,"Permian tested as global oil shock deepens (Oil & Gas 360) – The Permian Basin has been written off before. Each time, it proved the opposite: it grew […]",yahoo_wti,2026-05-05
2026-05-05,"Comstock Resources (NYSE:CRK) Misses Q1 CY2026 Revenue Estimates Natural gas producer Comstock Resources (NYSE:CRK) missed Wall Street’s revenue expectations in Q1 CY2026, but sales rose 8% year on year to $419 million. Its non-GAAP profit of $0.15 per share was 34.4% below analysts’ consensus estimates.",yahoo_wti,2026-05-05
2026-05-05,"U.S. Oil Can’t Fill the Middle East Supply Hole The United States is exporting crude at record levels as the world grapples with an unprecedented disruption of Middle Eastern supply. U.S. oil has become the supply of last resort—and it is not infinite. U.S. crude oil exports since the start of April have been running at 5.2 million barrels daily, data from Kpler showed earlier this week. “It's a constant parade of tankers coming in and out,” the chief executive of Corpus Christi port in Texas said, as quoted by CNBC, which reported the port just booked its busiest quarter ever,…",oilprice,2026-05-05
2026-05-05,"Review & Preview: Earnings in Focus With the Iran cease-fire still seemingly intact, oil prices retreated today, giving the market some room to run.  The tech-heavy Nasdaq Composite rose 1%, while the The S&P 500 gained 0.8%.  While there has been no real uptick in traffic through the Strait of Hormuz, the fact that the cease-fire remains in effect was enough to temper oil prices on Tuesday.",yahoo_wti,2026-05-05
2026-05-05,"Asian Growth Companies That Insiders Heavily Invest In As the Asian markets navigate a landscape marked by geopolitical tensions and fluctuating oil prices, investors are keenly observing how growth companies in the region adapt to these challenges. A key indicator of potential resilience and confidence in such companies is high insider ownership, which often suggests that those closest to the company believe strongly in its future prospects.",yahoo_wti,2026-05-05
2026-05-05,"Stock Market Today, May 5: Carnival Edges Higher Despite Fuel Cost Concerns Investors are evaluating cruise demand and fuel costs in the wake of a competitor's guidance cut , today, May 5, 2026.",yahoo_wti,2026-05-05
2026-05-05,"Asian Undervalued Small Caps With Insider Activity To Explore In May 2026 As the Asian markets navigate a complex landscape of geopolitical tensions and economic shifts, small-cap stocks have shown resilience amidst broader market fluctuations. With central banks holding rates steady and oil prices impacting global sentiment, investors are increasingly attentive to companies demonstrating strong fundamentals and strategic insider activity.",yahoo_wti,2026-05-05
2026-05-05,"Devon Energy (NYSE:DVN) Reports Sales Below Analyst Estimates In Q1 CY2026 Earnings Oil and gas producer Devon Energy (NYSE:DVN) missed Wall Street’s revenue expectations in Q1 CY2026, with sales falling 16.1% year on year to $3.81 billion. Its GAAP profit of $0.19 per share was 82.1% below analysts’ consensus estimates.",yahoo_wti,2026-05-05
2026-05-05,"Talos Energy (NYSE:TALO) Delivers Strong Q1 CY2026 Numbers Offshore energy producer Talos Energy (NYSE:TALO) beat Wall Street’s revenue expectations in Q1 CY2026, but sales fell by 8.9% year on year to $472.3 million. Its non-GAAP loss of $0.07 per share was 34.8% above analysts’ consensus estimates.",yahoo_wti,2026-05-05
2026-05-05,"UAE’s Shock Exit Leaves OPEC Weakened and the Global Oil Order Rewritten OPEC has weakened with the exit of United Arab Emirates, losing a key producer with spare capacity and reducing its ability to influence global oil supply and prices.",yahoo_wti,2026-05-05
2026-05-05,"DR Congo’s Cobalt Miners Pivot To Copper Amid Price Crash The Democratic Republic of Congo is leading a significant shift in mining strategy as producers cut back on cobalt after prices fell sharply under heavy oversupply and move capital into copper instead. Copper demand is rising fast, driven by AI data centers, electrification, and electric vehicles. But at the same time, supply is tightening due to declining ore grades and mine closures, pushing DRC miners toward a stronger market. The DRC has imposed strict export quotas, replacing its 2025 cobalt export ban with strict annual quotas of 96,600 tonnes…",oilprice,2026-05-05
2026-05-05,"Market Minute 5-5-26- Palantir Profits, Coinbase Cuts, Yields in Focus After a moderate pullback on war worries yesterday, stocks are rising today. Gold and silver are rebounding as well, while crude oil is giving up ground. The dollar is flat, while Treasury yields continue to flirt with key levels.",yahoo_uso,2026-05-09
2026-05-06,"Dow Jones Futures Rise; Trump Hits Hormuz Pause; AMD, Lumentum, Arista Lead AI Earnings Movers Futures rose. President Trump ""paused"" his Hormuz opening effort. AI plays AMD, Astera Labs, Lumentum, Arista were earnings movers late.",yahoo_wti,2026-05-05
2026-05-06,Devon Misses Q1 Profit Estimates Ahead of Coterra Merger Devon reported lower-than-expected first-quarter earnings despite strong oil production and free cash flow generation as the shale producer prepares to close its merger with Coterra Energy.,yahoo_wti,2026-05-05
2026-05-06,"'It will take national resolve' to grow Canada's oil exports: Suncor CEO as producer's profit tops $2B Canada's largest integrated oilsands producer reported first-quarter profit of $2.1 billion Tuesday, up about 24 per cent from the same period last year",yahoo_wti,2026-05-05
2026-05-06,"Oil Extends Decline as Trump Says ‘Great Progress’ in Iran Talks (Bloomberg) -- Oil fell a second day as US President Donald Trump said “Great Progress” has been made on a final agreement to end the war with Iran. Most Read from BloombergUS Has Opened a Passage Through Hormuz, Central Command SaysAnthropic Unveils AI Agents to Field Financial Services TasksWhite House Weighs AI Working Group, Model Testing, NYT ReportsChina’s Rare Sanctions Pushback Leaves Banks Caught in CrossfireUS and Iran Trade Fire in Gulf, Jolting Four-Week-Old TruceBrent dropped toward",yahoo_wti,2026-05-05
2026-05-06,"Oil Futures Markets Still Too Complacent About Supply Shock If disruptions persist, analysts warn prices could surge toward $150–$200 as supply losses deepen and peak summer demand approaches.",yahoo_wti,2026-05-05
2026-05-06,"A Chemical Breakthrough That Could Fix the Plastic Crisis Hyper-industrial-scale plastic production has become an industrial-scale health, environmental, and remediation problem. It is challenging to put a dollar figure on burying ourselves alive. The damage appears to have no endpoint. The UNDP estimates that up to $600 billion in environmental damage and ecosystem losses so far, but that figure fails to capture a bare minimum of $250-billion in annual health-care costs linked to plastics. Microplastics are now in our blood and our organs. They are the air that we breathe. It’s becoming harder…",oilprice,2026-05-05
2026-05-06,"Oil Futures Markets Still Too Complacent About Supply Shock The oil futures market appears not to have caught up with the massive supply disruption from the Middle East yet—a supply shock that is now in its third month and lasting more than anyone expected in early March. Brent and WTI crude futures this week are trading more than $30 per barrel higher compared to the levels on February 27, the day before the U.S. and Israel bombed Iran and prompted the Islamic Republic to close the Strait of Hormuz. But the futures trade $20-$30 per barrel lower than the physical cargoes of some grades produced outside…",oilprice,2026-05-05
2026-05-06,"Oil sinks and stocks rally on peace hopes, Samsung tops $1 trillion Oil prices extended losses and stocks rallied Wednesday on fresh hopes for an end to the Iran war and the reopening of the Strait of Hormuz, while Samsung blasted past the $1 trillion valuation mark as the AI tech boom continued apace.That came on the back of an eye-watering surge by Samsung, which rocketed as much as 12 percent to hit a market capitalisation of more than $1 trillion thanks to huge demand for its AI chips.",yahoo_wti,2026-05-05
2026-05-06,"Oil tumbles and stocks rally on peace hopes, Samsung tops $1 trillion Oil prices dived again Wednesday on fresh hopes for an end to the Iran war, while Samsung blasted past the $1 trillion valuation mark in an equity markets rally stoked by the AI tech boom.That came on the back of an eye-watering surge by Samsung, which rocketed 14.4 percent to hit a market capitalisation above $1 trillion thanks to huge demand for its AI chips.",yahoo_wti,2026-05-06
2026-05-06,"Oil slips on renewed peace hopes as AI boom fuels stock market rally Oil prices dipped after US President Donald Trump's latest words fuelled hopes a for renewed peace talks with Iran. At the same time, stock markets and especially tech stocks were benefiting from the ongoing positive investment sentiment fuelled by growth related to AI.View on euronews",yahoo_wti,2026-05-06
2026-05-06,"Steel Demand Is Rising Across Sectors with Market Size Exceeding USD 1.7 Trillion, Market Decipher India Steel Market cemented its position as the world's second-largest crude steel producer in FY25 with output of 164 MT — and critically, it was the only top-10 nation to deliver double-digit volume growth that year, as production stagnated or declined across China, Japan, and the EU. Domestic consumption is projected to surge from 144 MT in 2024 to 257 MT by 2033 at a 6.2% CAGR, fueled by a USD 1.4 trillion National Infrastructure Pipeline, a housing-led PMAY Urban 2.0 rollout, and the PLI 1.",yahoo_wti,2026-05-06
2026-05-06,"The Market Is Roaring. It’s Time to Bet Against It. After earnings season ends, there won‘t be much to entertain investors. Many of them perceive markets as a perpetual movie and themselves as cosplay characters.",yahoo_wti,2026-05-06
2026-05-06,"European Undervalued Small Caps With Insider Action To Watch In May 2026 As European markets navigate the complexities of stalled geopolitical negotiations and fluctuating oil prices, the pan-European STOXX Europe 600 Index remains largely stable with a slight uptick. Amid these broader market dynamics, small-cap stocks present intriguing opportunities, particularly when insider actions suggest potential value shifts in a landscape marked by cautious economic sentiment and evolving fiscal policies.",yahoo_wti,2026-05-06
2026-05-06,"Exploring Hidden European Stocks With Strong Potential In recent weeks, the European market has experienced a mixed performance with the STOXX Europe 600 Index remaining broadly flat, while Germany's DAX and Italy's FTSE MIB showed modest gains. Amidst this backdrop of cautious sentiment driven by geopolitical tensions and fluctuating oil prices, investors are increasingly on the lookout for stocks that demonstrate resilience through strong earnings momentum and robust fundamentals.",yahoo_wti,2026-05-06
2026-05-06,"3 European Dividend Stocks To Consider With Up To 4.6% Yield As the European market navigates a complex landscape marked by stalled geopolitical negotiations and fluctuating oil prices, the pan-European STOXX Europe 600 Index remains largely stable with a slight uptick. With economic sentiment at its lowest since 2020, investors are increasingly looking toward dividend stocks as a potential source of steady income amidst uncertain conditions. In such an environment, selecting stocks that offer reliable dividend yields can be an effective strategy for...",yahoo_wti,2026-05-06
2026-05-06,"Asian Penny Stocks: 3 Picks With Market Caps Under US$4B The Asian markets have been navigating a complex landscape, with central banks maintaining steady interest rates amidst geopolitical tensions and fluctuating oil prices. In this context, penny stocks—though an older term—remain relevant for investors seeking potential growth in smaller or newer companies. When these stocks are supported by strong financials, they can offer unique opportunities for value and growth that larger firms might overlook.",yahoo_wti,2026-05-06
2026-05-06,"Exploring Undiscovered Gems in Asia for May 2026 As global markets navigate through a complex landscape marked by central banks holding rates steady and geopolitical tensions influencing oil prices, investors are keenly observing the performance of small-cap stocks in Asia. With large-cap stocks generally outperforming their smaller counterparts, the search for undiscovered gems becomes crucial for those looking to capitalize on potential growth opportunities within this dynamic region.",yahoo_wti,2026-05-06
2026-05-06,"Asian Dividend Stocks To Consider In May 2026 As global markets navigate a complex landscape marked by geopolitical tensions and fluctuating oil prices, Asian equities have shown resilience, with China's stable outlook and Japan's evolving monetary policies capturing attention. In this environment, dividend stocks in Asia can offer investors a combination of income stability and potential growth, making them an attractive consideration for those seeking to balance risk amid economic uncertainties.",yahoo_wti,2026-05-06
2026-05-06,"UBS holds firm on its S&P 500 target despite the risks As Brent crude swings between roughly $114 and $126 a barrel, a divided Federal Reserve holds rates steady, and tensions in the Middle East escalate, expectations are shifting across global markets. Many strategists are reassessing whether those gains can hold under renewed energy-price pressure. ...",yahoo_wti,2026-05-06
2026-05-06,"AI boom drives a rally in buying of tech shares, pushing South Korea's Kospi to a record South Korea’s Kospi soared nearly 7% to a fresh record on Wednesday as Samsung Electronics' stock jumped 14% in a rally driven by expectations of strong growth in artificial intelligence and hopes for progress in ending the U.S.-Iran war.  Shares in SK Hynix, another major Korean computer chipmaker, shot up nearly 11%.  Both Samsung and SK Hynix are major manufacturers of the computer chips vital for AI applications.",yahoo_wti,2026-05-06
2026-05-06,"Crude Falls Nearly 2% After Trump Pauses Project Freedom in Strait of Hormuz Crude dropped nearly 2% after the President paused Project Freedom in the Strait of Hormuz, citing progress on the Iran deal.",yahoo_wti,2026-05-06
2026-05-06,"Macmahon Holdings Leads These 3 ASX Penny Stocks To Consider The Australian market is experiencing a potential rebound, buoyed by positive developments on Wall Street and a decline in Brent crude prices. As investors navigate these shifting conditions, the appeal of penny stocks remains noteworthy for those seeking opportunities in smaller or newer companies. While the term ""penny stocks"" may seem outdated, these investments can still offer surprising value by focusing on companies with robust financials and clear growth trajectories.",yahoo_wti,2026-05-06
2026-05-06,"Iran war jolts China's well-oiled manufacturing hub Vacuum cleaners and vapes could get more expensive if the Iran war drags on for much longer, Chinese factory owners and traders warn, as the world's manufacturing hub reels from ""crazy"" costs.Chen, the vacuum factory manager, said he was ""still worried"" about surging shipping costs should the Iran war drag on.",yahoo_wti,2026-05-06
2026-05-06,EOG Beats Q1 Estimates and Raises Oil Production Outlook EOG Resources exceeded Wall Street earnings expectations as production and free cash flow topped guidance.,yahoo_wti,2026-05-06
2026-05-06,"Oil Prices Fall Below $100 After Trump Pauses Hormuz Escort Plan Crude oil prices extended losses for a second day today, after President Trump said the United States would pause its plan to escort vessels out of the Strait of Hormuz just a couple of days after it was announced. The news prompted expectations that a peace deal may be in the making, pressuring Brent crude below $107 and West Texas Intermediate tumbling to under $100. At the time of writing, Brent crude was trading at 106.50 per barrel, and WTI was changing hands for $98.55 per barrel. “We have mutually agreed that, while the Blockade will…",oilprice,2026-05-06
2026-05-06,"Energy Security Concerns Force the EU to Reconsider Domestic Gas Drilling The energy ministers of European Union members are set to discuss local gas drilling in response to the energy supply squeeze in the Middle East, Reuters has reported, citing an internal document it had seen. Domestic gas drilling has not been particularly popular among European governments over the past 20 years or so, as the bloc preferred to source its natural gas from external suppliers, notably Norway and Russia. With a ban on Russian gas set to take effect from next year amid a severe deterioration in relations with Brussels, Norway and the…",oilprice,2026-05-06
2026-05-06,"Australia Plans $7 Billion Fuel Stockpile Australia’s government plans to spend A$10 billion, or $7 billion, on building its fuel stock to avoid future supply squeezes. The plans involve stocking up enough to cover at least 50 days of demand, Prime Minister Anthony Albanese said, as quoted by Reuters today. This means a reserve of 264 million gallons, or about 6.28 million barrels based on a conversion factor of 42 gallons to the barrel. “The federal budget next week will include an Australian fuel security and resilience package,"" Albanese told the media. “This is aimed…",oilprice,2026-05-06
2026-05-06,Stock Market Today: Dow Charges Higher On U.S.-Iran Deal Hopes; Lumentum Slides (Live Coverage) Stock Market Today: The Dow Jones index jumped Wednesday on hopes of a U.S.-Iran deal. AMD stock soared on earnings.,yahoo_wti,2026-05-06
2026-05-06,"Peter Schiff Says 'Buy The Dip' in Gold And Silver Amid Iran War Selloff— 'Take Advantage Of Their...' The markets are mispricing the impact of escalating geopolitical tensions and rising macro risks, according to Peter Schiff, who suggests buying the dip in precious metals. In a Monday post on X, Schiff said, ""gold is down over $100 and silver is down over $2.50"" as conflict with Iran intensifies, oil prices surge, bond yields climb, and equities weaken. He framed the selloff as a disconnect, telling investors to ""take advantage of their ignorance and buy the dip."" As war with Iran escalates, oi",yahoo_wti,2026-05-06
2026-05-06,"Gold and Silver Catch Fire as Iran Deal Hopes Rewrite the Inflation Playbook The PHLX Gold/Silver Sector (^XAU) is climbing roughly 8% this morning as a wave of buying hits both bullion and the equities that mine it. Spot gold is trading near $4,695 an ounce, up about 3%, while silver is jumping a sharper 5.5% to roughly $77 an ounce. The catalyst is a combination of geopolitical ... Gold and Silver Catch Fire as Iran Deal Hopes Rewrite the Inflation Playbook",yahoo_wti,2026-05-06
2026-05-06,A Strait of Hormuz Deal Could Unlock Millions of Barrels a Day. How to Position Your Energy Portfolio Now. The world is currently facing a serious oil supply shortage due to the closure of the Strait of Hormuz.,yahoo_wti,2026-05-06
2026-05-06,"Iran War Ceasefire Just Crushed the Odds of a Recession By 10% For months, investors have been trapped in a market roiled by the Iran war that could swing wildly in a single afternoon based on one Truth Social post by President Trump or one missile strike in the Middle East. Oil traders were pricing in supply disruptions. Airlines were bracing for higher jet fuel costs. Consumers ... Iran War Ceasefire Just Crushed the Odds of a Recession By 10%",yahoo_wti,2026-05-06
2026-05-06,"US gas prices rise above $4.50 as reports point to US-Iran peace deal While oil prices (CL=F, BZ=F) retreat below $100 per barrel on reports that the US and Iran are close to reaching a peace deal, US gas prices (RB=F) sit at a national average of $4.53. Morning Brief Host Julie Hyman and Yahoo Finance Head of News Myles Udland dissect economist commentary around the trends in gas prices greatly impacting America consumers.",yahoo_wti,2026-05-06
2026-05-06,"CBOE VIX Slides Toward 17 as Oil Retreat and Tech Stock Surge Restore Risk Appetite The CBOE Volatility Index (^VIX) is drifting back toward the 17 line as optimism returns to the S&P 500 and capital rotates into stocks. The VIX closed near 18 on Monday after dipping to almost 17 late last week, well below the peak above 31 recorded in late March. In a display of a shifting ... CBOE VIX Slides Toward 17 as Oil Retreat and Tech Stock Surge Restore Risk Appetite",yahoo_wti,2026-05-06
2026-05-06,"Oil prices tumble, stocks rally on Mideast peace hopes World oil prices dived Wednesday and stock markets rallied on fresh hopes for an end to the Iran war.Elsewhere on Wednesday, Seoul's Kospi stocks index piled on more than five percent to pass 7,000 points for the first time.",yahoo_wti,2026-05-06
2026-05-06,Gold Moves Higher as USD and Yields Retreat Following Reports the Iran War May Be Near an End Gold prices rose early Wednesday as the U.S. dollar and yields were sharply lower on reports Iran an,yahoo_wti,2026-05-06
2026-05-06,"Oil and Gas Plunge as Iran Weighs New US Proposal to End War (Bloomberg) -- Oil briefly dropped below $100 a barrel and gas slumped, as Iran evaluated a new proposal from the US to end their near 10-week war.Most Read from BloombergUS Has Opened a Passage Through Hormuz, Central Command SaysUS Says Offensive Phase of Iran War Over as Ship Hit in StraitAnthropic Unveils AI Agents to Field Financial Services TasksTrump Pauses Plan to Guide Ships While Seeking Iran DealWhite House Weighs AI Working Group, Model Testing, NYT ReportsBenchmark Brent fell as muc",yahoo_wti,2026-05-06
2026-05-06,"Stock Market News for May 6, 2026 U.S. stocks ended higher on Tuesday, with the S&P 500 and the Nasdaq hitting new all-time highs, as oil prices slid and robust earnings from AI-related stocks lifted investors' sentiment.",yahoo_wti,2026-05-06
2026-05-06,"Prediction: Trump’s Iran Deal Will Spark a Stock Market Rally Into Midterms Gas prices were rising fast enough to turn a geopolitical standoff into an economic problem for everyday Americans. Over the past two weeks, investors watched oil prices climb, inflation fears reawaken, and concerns grow that a broader Middle East conflict could push the economy off course just months before the midterm elections. But early Wednesday ... Prediction: Trump’s Iran Deal Will Spark a Stock Market Rally Into Midterms",yahoo_wti,2026-05-06
2026-05-06,"Gold and Silver Surge on Iran War Optimism, Weaker Dollar (Bloomberg) -- Gold and silver surged the most in about a month, amid optimism that the US and Iran are nearing an agreement to end the war in the Middle East, sending oil and the dollar lower. Most Read from BloombergUS Has Opened a Passage Through Hormuz, Central Command SaysUS Says Offensive Phase of Iran War Over as Ship Hit in StraitAnthropic Unveils AI Agents to Field Financial Services TasksTrump Pauses Plan to Guide Ships While Seeking Iran DealWhite House Weighs AI Working Group, Model",yahoo_wti,2026-05-06
2026-05-06,"Sector Update: Energy Stocks Fall Pre-Bell Wednesday Energy stocks were lower premarket Wednesday, with the State Street Energy Select Sector SPDR ETF (X",yahoo_wti,2026-05-06
2026-05-06,"Best Income Stocks to Buy for May 6th EOG and UVE made it to the Zacks Rank #1 (Strong Buy) income stocks list on May 6, 2026.",yahoo_wti,2026-05-06
2026-05-06,Oil Prices Plunge Following Reports the U.S. and Iran May Be Close to a Peace Deal Oil prices plunged early Wednesday following reports the United States and Iran are close to an agre,yahoo_wti,2026-05-06
2026-05-06,"It’s Time to Bet Against This Roaring Stock Market With Options After earnings season ends, there won‘t be much to entertain investors. Many of them perceive markets as a perpetual movie and themselves as cosplay characters.",yahoo_wti,2026-05-06
2026-05-06,"Sterling Today: Pound jumps as dollar sells off on Iran-Hormuz deal hopes Investing.com -- Sterling and the euro surged on Wednesday as the dollar sold off sharply after Iran signalled the Strait of Hormuz could reopen and reports emerged that Washington and Tehran were closing in on a deal to end the Gulf war, triggering a broad risk rally and a steep slide in oil prices.",yahoo_wti,2026-05-06
2026-05-06,"Potential Middle East Peace Agreement, Oil Price Declines Drive US Equity Futures Higher Pre-Bell US equity futures were higher pre-bell Wednesday as oil prices slipped and a peace agreement between",yahoo_wti,2026-05-06
2026-05-06,"Tech Stocks Rocket Higher on Chip Strength, Easing Oil and Iran Deal Hopes Tech futures are pointing to a strong open, with the Nasdaq Composite (^IXIC) leading the charge with a 1% increase on the heels of yesterday’s record-setting performance. Gains arrive on the back of blowout chip earnings and a sharp retreat in crude prices tied to signs of diplomatic progress between Washington and Tehran. AMD (Nasdaq: ... Tech Stocks Rocket Higher on Chip Strength, Easing Oil and Iran Deal Hopes",yahoo_wti,2026-05-06
2026-05-06,"Exchange-Traded Funds, Equity Futures Higher Pre-Bell Wednesday Amid Potential US-Iran Truce The broad market exchange-traded fund SPDR S&P 500 ETF Trust (SPY) was up 1% and the actively traded",yahoo_uso,2026-05-06
2026-05-06,"Crude Oil Exports from Other Producing Countries Rise Amid Middle East War, Commerzbank Says Amid production losses due to the war in the Middle East, crude oil exports from other producing cou",yahoo_uso,2026-05-06
2026-05-06,"EIA: US Crude Oil Inventories Continue to Fall Crude oil inventories in the United States decreased by 2.3 million barrels during the week ending May 1, according to new data from the U.S. Energy Information Administration (EIA) released on Wednesday. The decrease brings commercial stockpiles to 457.2 million barrels, according to government data, which is still 1% above the five-year average for this time of year. According to weekly EIA data, crude oil inventories in the United States have increased by 1 million barrels over the last 6 weeks. The EIA’s data release follows API’s…",oilprice,2026-05-06
2026-05-06,"Lufthansa Warns Strait of Hormuz Closure Will Add $2 Billion in Fuel Costs Lufthansa Group expects the surge in jet fuel prices to cost it an additional $2 billion this year as the closure of the Strait of Hormuz “is leading to a shortage in kerosene supply and thus to a significant increase in kerosene prices,” Europe’s biggest airline said on Wednesday. Lufthansa expects strong summer travel numbers, but it warned that “At the same time, the current closure of the Strait of Hormuz is leading to a shortage in kerosene supply and thus to a significant increase in kerosene prices.” The war…",oilprice,2026-05-06
2026-05-06,"Average U.S. Gasoline Price Tops $4.50 to Near Four-Year High The national average price of gasoline in the United States has just topped $4.50 per gallon, the highest level since the middle of July 2022, according to data from GasBuddy, as the Iran war drains fuel inventories and sends crude prices higher. Prices are now just $0.50 off the all-time high hit in June 2022, when the Russian invasion of Ukraine led to crude oil prices spiking to above $100 per barrel. Nationwide, the all-time high was set on June 14, 2022, when a gallon of regular gasoline at retail sites topped $5 and was $5.016. The pain at…",oilprice,2026-05-06
2026-05-06,"Pakistan Issues Emergency LNG Tender for Two Cargoes as Power Crisis Deepens Pakistan on Wednesday issued a tender seeking to urgently buy two LNG cargoes for delivery later this month as the country struggles to cope with a gas and power crisis amid disrupted LNG supplies from the Middle East. Pakistan LNG Limited (PLL), the state-owned company procuring LNG from international markets, issued a tender on Wednesday inviting bids from LNG suppliers for the supply of LNG on a Delivered Ex-Ship (DES) basis at Port Qasim, Karachi. Pakistan is seeking to buy one LNG cargo for delivery in the window May 12-14, 2026, and another…",oilprice,2026-05-06
2026-05-06,"Live: Oil Prices Fall Below $100 as Trump Say Iran War May Be Coming To End Brent crude fell 10% to $98 and WTI dropped over 12% to $89 after reports emerged that the U.S. and Iran are discussing a one-page memorandum to pause the Hormuz conflict. President Trump halted Project Freedom — a naval effort to escort vessels through the Strait of Hormuz — citing ""great progress"" toward a ""complete and final agreement"" with Iran. Iran's Foreign Minister Abbas Araghchi insisted Tehran would only accept ""a fair and comprehensive agreement,"" leaving the outcome of negotiations uncertain. 1m ago 9:55am CST Oil Prices…",oilprice,2026-05-06
2026-05-06,"Saudi Arabia Cuts June Oil Prices by Less Than Expected as Hormuz Risks Persist Saudi Arabia has reduced the official selling price of its flagship crude loading for Asia in June from the May record high, but the price cut was less than expected. Next month’s supply from the world’s top crude exporter would still see the second-highest premium to benchmarks in history.   Saudi oil giant Aramco has announced that its flagship Arab Light grade loading for Asia in June would be priced at $15.50 per barrel above the Oman/Dubai average, off which Middle Eastern producers price their crude going to Asia. That’s…",oilprice,2026-05-06
2026-05-06,"Europe’s Gas Market Braces for Winter Shock as Traders Bet Prices Could Double The options market of European natural gas futures of the past week suggests that traders fear the benchmark gas prices could more than double in the coming winter as the protracted supply disruption from the Middle East threatens Europe’s gas refill season.   Some traders have traded options contracts for the October-March period at strips of up to $117 (100 euros) per megawatt-hour (MWh), according to data compiled by Bloomberg. That’s more than double the current price of about $53 (45 euros) per MWh, pointing to growing concerns…",oilprice,2026-05-06
2026-05-06,Stock Market Today: Dow Surges 550 Points On U.S.-Iran Hopes; Disney Jumps (Live Coverage) Stock Market Today: The Dow Jones index jumped Wednesday on hopes of a U.S.-Iran deal. AMD stock soared on earnings.,yahoo_wti,2026-05-06
2026-05-06,"ICLN, QCLN, and TAN: Which Clean Energy ETF Fits Your Portfolio Right Now Clean energy funds spent two years absorbing damage from rising rates, expiring incentives, and policy whiplash. The recovery now underway is showing up across the three largest thematic vehicles in the category: the iShares Global Clean Energy ETF (NASDAQ:ICLN), the First Trust NASDAQ Clean Edge Green Energy Index Fund (NASDAQ:QCLN), and the Invesco Solar ETF ... ICLN, QCLN, and TAN: Which Clean Energy ETF Fits Your Portfolio Right Now",yahoo_wti,2026-05-06
2026-05-06,"Morgan Stanley Just Cut Its U.S. Growth Forecast Because Gas Prices Are “More Than Enough” to Wipe Out Bigger Tax Refunds Morgan Stanley’s U.S. economics team has trimmed its growth forecast for the year, and the reasoning is refreshingly specific: the pump is going to swallow the refund. On the firm’s Thoughts on the Market podcast, the team cut its U.S. growth outlook by roughly 0.3 to 0.4 percentage points, with elevated energy prices doing most ... Morgan Stanley Just Cut Its U.S. Growth Forecast Because Gas Prices Are “More Than Enough” to Wipe Out Bigger Tax Refunds",yahoo_wti,2026-05-06
2026-05-06,"Exxon Mobil’s Next Big Milestone Could Be $197 Exxon Mobil (NYSE:XOM) trades fairly priced at current levels. The 24/7 Wall St. price target points to $141.98 over the next 12 months, modestly below the current quote of $152.75. Our recommendation is hold, with a confidence level of 90%. The longer-dated bull case, however, points to $197.38 by 2031, driven by LNG and Guyana ... Exxon Mobil’s Next Big Milestone Could Be $197",yahoo_wti,2026-05-06
2026-05-06,"USO and BNO Have Soared 100% Plus in 2026, Here’s the Better Pick for Next Crude oil cleared $100 a barrel multiple times in April 2026, and the move was not subtle. WTI peaked at nearly $115 in early April; Brent reached about $138 in the same period; and the three ETFs most investors reach for to trade crude have moved with the underlying. United States Oil Fund (NYSEARCA:USO), United ... USO and BNO Have Soared 100% Plus in 2026, Here’s the Better Pick for Next",yahoo_wti,2026-05-06
2026-05-06,Update: WTI Oil Plunges Following Reports the U.S. and Iran May Be Close to a Peace Deal West Texas Intermediate (WTI) crude oil plunged 7% on Wednesday following reports the United States,yahoo_wti,2026-05-06
2026-05-06,"Eastern Annual Meeting: Shareholders Re-Elect Directors, Back Say-on-Pay and Auditor Ratification The Eastern Company’s shareholders voted to re-elect all six director nominees, approve the company’s executive compensation plan on an advisory basis, and ratify its independent auditor during the company’s 2026 annual meeting, which was held virtually on May 6. Chairman James Mitarotonda opened t",yahoo_wti,2026-05-06
2026-05-06,Oil Prices Fall as US-Iran Seen Closing in on Deal Terms Crude prices declined Wednesday amid prospects of a diplomatic breakthrough between the US and Iran.,yahoo_wti,2026-05-06
2026-05-06,"Today's Market: Dow Surges 600 Points, S&P and Nasdaq Jumps 1% on Iran Deal Hopes Stocks Climb, Oil Tumbles on Rising Expectations of Iran Deal",yahoo_wti,2026-05-06
2026-05-06,"Gold and Silver Mining ETFs Surge as Precious Metals Rally Accelerates <p>Precious metals ETFs surged on Wednesday as gold and silver miners posted outsized gains, driven by a weakening dollar, safe-haven demand, and strong institutional inflows. The <a href=""https://www.etf.com/GDX""><strong>VanEck Gold Miners ETF (GDX)</strong></a>, the <a href=""https://www.etf.com/GDXJ""><strong>VanEck Junior Gold Miners ETF (GDXJ)</strong></a>, and the <a href=""https://www.etf.com/SLV""><strong>iShares Silver Trust (SLV)</strong></a> each logged their largest single-day gains in m",yahoo_wti,2026-05-06
2026-05-06,"These Stocks Are Today’s Movers: AMD, Intel, Corning, Uber, Super Micro, Disney, Arista, DaVita, and More Shares in Advanced Micro Devices surge after AMD CEO Lisa Su flags surging demand for central processing units.",yahoo_wti,2026-05-06
2026-05-06,"Gas Prices Top $4.50 for First Time Since July 2022—Only 3 States Remain Below $4 Drivers are paying more again today, though falling oil prices could bring some relief in the days ahead.",yahoo_wti,2026-05-06
2026-05-06,Update: Gold Moves Higher as the Dollar and Yields Retreat Following Reports the Iran War May Be Near an End (Updates prices.) Gold was higher midafternoon on Wednesday as the U.S. dollar and yields were sh,yahoo_wti,2026-05-06
2026-05-06,"Equity Markets Rise Intraday, Oil Plunges Amid US-Iran Peace Deal Optimism US benchmark equity indexes were higher intraday, while oil prices tumbled as investors reacted to r",yahoo_wti,2026-05-06
2026-05-06,"Gas prices top $4.50 a gallon, reaching highest level since July 2022 Gas prices are now 52% higher than prior to the Iran war, with drivers paying $1.56 more per gallon, data shows.",yahoo_wti,2026-05-06
2026-05-06,"Sector Update: Energy Stocks Fall Wednesday Afternoon Energy stocks were lower Wednesday afternoon, with the NYSE Energy Sector Index falling 3.8% and the",yahoo_wti,2026-05-06
2026-05-06,"Trump’s surprise Iran move sends markets higher Investors rushed back into risk assets on May 6 as signs of easing tensions between the United States and Iran triggered a sharp reversal across global markets. Oil prices fell, equities climbed and Bitcoin (BTC) moved higher after weeks of geopolitical uncertainty tied to the Strait of Hormuz, a ...",yahoo_wti,2026-05-06
2026-05-06,"The 'K-shaped economy' has shown up at the gasoline pump How gas price hikes are affecting Americans is split along the K-shaped dynamic bisecting the overall US economy right now, according to economists at the New York Fed.",yahoo_wti,2026-05-06
2026-05-06,"Sector Update: Energy Energy stocks were lower Wednesday afternoon, with the NYSE Energy Sector Index falling 3.6% and the",yahoo_wti,2026-05-06
2026-05-06,"Rio Tinto, IBD Stock Of The Day, Breaks Out As Iran Deal Hopes Lift Metals Prices Stock Of The Day: Rio Tinto broke out and miners rallied as U.S.-Iran deal hopes triggered a rally in copper prices and other metals.",yahoo_wti,2026-05-06
2026-05-06,Time for Short-Term U.S. Treasury ETFs? Geopolitical risks and rate outlook boost appeal of short-term U.S. Treasury ETFs as investors seek stability amid volatile equity and oil markets.,yahoo_uso,2026-05-06
2026-05-06,"Why Biomethane Trading Just Quietly Entered a New Phase Most energy market shifts announce themselves loudly. New subsidies. New targets. New technologies. The latest turning point in Europe’s biomethane market did none of that. It arrived quietly, just before Christmas, in the form of a few additional pages in a certification guidance document. Yet the implications are anything but minor. With a subtle update to its Mass Balance Guidance, ISCC has fundamentally raised the bar for how biomethane is expected to be traded, evidenced and claimed across Europe. Not in theory. In practice. In audits.…",oilprice,2026-05-06
2026-05-06,"The Central Asian Corridor Powering Russia’s Wartime Trade Central Asian states are a key conduit for Russia’s sanctions-busting trade, enabling “logistical and financial support for diversion networks” dedicated to procuring goods for the Russian war machine, a watchdog group has documented.  A report, titled Russia’s Sanction Evasion Research 2025-2026, published by the Washington, DC-based Center for Global Civic and Political Strategies (CGCPS), notes that “Russia has demonstrated significant adaptive capacity in mitigating the operational impact of Western sanctions,”…",oilprice,2026-05-06
2026-05-06,"U.S. Fuel Exports Hit Record High as Hormuz Crisis Reshapes Global Energy Flows US oil product exports surged to a record 8.2 million barrels per day last week as countries scrambled to replace fuel supplies disrupted by the Hormuz crisis, according to Bloomberg reporting, which noted that diesel exports led the increase and reached an all-time high.Countries are now competing for refined products, including diesel, jet fuel, and gasoline as shipping disruptions around Hormuz destabilize downstream fuel systems tied to transportation, aviation, and industrial activity.  Europe’s growing jet fuel shortages and rising…",oilprice,2026-05-06
2026-05-06,"Trump Turns to Courts to Shield Big Oil from Climate Lawsuits Donald Trump has denied, downplayed, or sought to reverse action on climate change through a combination of public rhetoric, the appointment of skeptics to key positions, and the dismantling of environmental regulations. As of 2026, his actions have included calling climate change a “hoax” or “scam,” withdrawing the US from global climate agreements, and systematically removing climate data from federal websites. (Natural Resources Defense Council) Now his administration is turning to the courts to defend oil and gas companies…",oilprice,2026-05-06
2026-05-06,"Germany Seeks Israeli Jet Fuel As Hormuz Disruptions Cripple Airlines Israel will begin supplying jet fuel to Germany after Berlin requested assistance as the Hormuz crisis starts disrupting aviation fuel flows into Europe. Israeli Foreign Minister Gideon Sa’ar informed Germany’s economy and energy ministry during meetings in Berlin this week that Israel would approve shipments after determining it had surplus jet fuel production capacity, according to Israeli media reports.  Israeli officials said the shipments would be coordinated through domestic refining companies, with export volumes and delivery…",oilprice,2026-05-06
2026-05-06,"British Billionaire Slams Europe's Energy Policy and Expands U.S. Oil Business Europe and the UK’s approach to energy policy is “all over the place” and eroding the region’s security and growth prospects, Jim Ratcliffe has said in an announcement confirming Ineos’s plans to expand its oil and gas operations in the Gulf of Mexico. In a statement announcing Ineos’s fresh investment in the US alongside Shell, the billionaire chemicals tycoon blasted Britain and the EU for neglecting their energy and industrial sectors, saying both were crucial for a vibrant economy. “Growth in an economy…",oilprice,2026-05-06
2026-05-06,"Tankers Stranded Once Again As Trump Calls Off 'Project Freedom' Cargo vessels and tanker owners, who hoped for a U.S. escort out of the Strait of Hormuz earlier this week, are back scrambling to find feasible solutions to passing the critical trade chokepoint after U.S. President Donald Trump called off the 'Project Freedom' effort to help guide vessels out of the Strait, just three days after announcing it. Over the weekend, President Trump announced 'Project Freedom' to help guide vessels out of the Strait of Hormuz, and some ships did pass the chokepoint under U.S. protection early this week. One of two…",oilprice,2026-05-06
2026-05-06,"Live: Oil Prices Fall Below $100 as Trump Say Iran War May Be Coming To End Brent crude fell 10% to $98 and WTI dropped over 12% to $89 after reports emerged that the U.S. and Iran are discussing a one-page memorandum to pause the Hormuz conflict. President Trump halted Project Freedom — a naval effort to escort vessels through the Strait of Hormuz — citing ""great progress"" toward a ""complete and final agreement"" with Iran. Iran's Foreign Minister Abbas Araghchi insisted Tehran would only accept ""a fair and comprehensive agreement,"" leaving the outcome of negotiations uncertain. End of live blog 39m ago 12:15pm…",oilprice,2026-05-06
2026-05-06,"Sable Offshore Corp. Reports First Quarter 2026 Financial Results HOUSTON, May 06, 2026--Sable Offshore Corp. First Quarter 2026 Financial Results",yahoo_wti,2026-05-06
2026-05-06,Sector Update: Energy Stocks Fall Wednesday Energy stocks fell Wednesday with the NYSE Energy Sector Index slumping 3.9% and the State Street En,yahoo_wti,2026-05-06
2026-05-06,"Western Midstream Announces Acquisition of Brazos Delaware Western Midstream Partners, LP (""WES"" or the ""Partnership"") (NYSE: WES) today announced that it has entered into a definitive agreement pursuant to which WES will acquire all of the outstanding equity interests of Brazos Delaware II, LLC (""Brazos""), in a transaction valued at approximately $1.6 billion. Under the terms of the agreement, WES will pay approximately $800 million in cash and issue approximately $800 million in WES common units at closing. The transaction is subject to customary clos",yahoo_wti,2026-05-06
2026-05-06,"Sector Update: Energy Energy stocks were lower late Wednesday afternoon, with the NYSE Energy Sector Index falling 4.1% an",yahoo_wti,2026-05-06
2026-05-06,"Top ASX Dividend Stocks To Consider In May 2026 As the Australian market looks to potentially rebound following positive developments on Wall Street and a dip in Brent crude prices, investors are also weighing the implications of recent interest rate hikes by the Reserve Bank of Australia. In this environment, dividend stocks can offer a measure of stability and income, making them an attractive consideration for those navigating these dynamic conditions.",yahoo_wti,2026-05-06
2026-05-06,"ASX's Top Growth Companies With Insider Backing May 2026 As the Australian market navigates through fluctuating oil prices and potential interest rate hikes, the ASX 200 is poised for a possible rebound, buoyed by positive developments from Wall Street. In this environment, growth companies with high insider ownership can offer a compelling proposition as they often demonstrate strong internal confidence and alignment with shareholder interests.",yahoo_wti,2026-05-06
2026-05-06,"Oil and Gas Plunge as Iran Weighs New US Proposal to End War (Bloomberg) -- Oil and natural gas fell sharply as Iran evaluated a new proposal from the US to end the war that has lasted nearly 10 weeks. Most Read from BloombergUS Has Opened a Passage Through Hormuz, Central Command SaysUS Says Offensive Phase of Iran War Over as Ship Hit in StraitAnthropic Unveils AI Agents to Field Financial Services TasksTrump Pauses Plan to Guide Ships While Seeking Iran DealIran Evaluating US Proposal to End War as China Calls for PeaceBenchmark Brent crude slid nearly",yahoo_wti,2026-05-06
2026-05-06,"ASX Stocks That May Be Trading Below Their Estimated Value The Australian market is currently navigating a mix of influences, with the ASX 200 poised for a potential rebound following positive developments on Wall Street and a notable decrease in Brent crude prices. In this environment, identifying stocks that may be trading below their estimated value can provide opportunities for investors to capitalize on market fluctuations and economic conditions.",yahoo_wti,2026-05-06
2026-05-06,"Fujairah in Focus as Oil Flows Reroute Around Hormuz Crisis As the Strait of Hormuz has now been closed for nearly nine weeks, the oil hub at Fujairah in the United Arab Emirates (UAE) has become an even more prominent oil export and bunkering hub than it has ever been. Thanks to its strategic position on the east coast of the UAE and outside the Strait of Hormuz, Fujairah is now the key export port for crude and fuels from the UAE and an even more important bunkering port for ship refueling. The strategic position of Fujairah outside the blocked Strait of Hormuz made it a target of Iranian attacks as early…",oilprice,2026-05-06
2026-05-06,"Supply Chain Pressures Reshaping the European Offshore Wind Market Europe's offshore wind expansion is running into a structural supply constraint where the turbine market is becoming increasingly concentrated. GE Vernova, Siemens Gamesa and Vestas have historically anchored Western offshore turbine supply, but with GE Vernova having paused new offshore wind orders following a series of technical and operational setbacks, Siemens Gamesa and Vestas now account for virtually all turbines available to European developers. Rystad Energy’s analysis of the offshore wind market outlines a sharp increase in per-megawatt…",oilprice,2026-05-06
2026-05-06,"US Equity Markets End Higher as Nasdaq, S&P 500 Hit Records After Reports on US-Iran Peace Deal, Upbeat AMD Results US equity indexes ended higher on Wednesday, with the S&P 500 and the Nasdaq Composite reaching new",yahoo_wti,2026-05-06
2026-05-06,"TSX Closer: The Index Rises on Peace-Deal Hopes; Canada Seen As a ""Relative Outperformer"" The Toronto Stock Exchange closed higher for only the second session in the last nine on Wednesday a",yahoo_wti,2026-05-06
2026-05-06,"How major US stock indexes fared Wednesday 5/6/2026 Oil prices sank, and stock markets burst higher worldwide with hopes that a deal is nearing to allow tankers to deliver crude from the Persian Gulf again. The price for a barrel of Brent fell below $102 Wednesday. On Wall Street, the S&P 500 climbed 1.5% and reached another record.",yahoo_wti,2026-05-06
2026-05-06,"ASX Penny Stocks To Watch With Market Caps Under A$1B The Australian market is currently experiencing a potential rebound, buoyed by positive news from Wall Street and a drop in Brent crude prices, even as local investors weigh the implications of recent interest rate hikes. In this context, penny stocks—though an outdated term—still represent an intriguing investment area for those looking to explore smaller or less-established companies that may offer significant value. By focusing on stocks with strong financials and clear growth prospects,...",yahoo_wti,2026-05-06
2026-05-06,"Quarterly Stockholder Update by Murphy Oil Corporation HOUSTON, May 06, 2026--This letter serves as a supplement to our earnings release for the first quarter of 2026. Please see the information regarding forward-looking statements and non-GAAP financial information1 included at the end of this letter. Unless otherwise noted, the financial and operating highlights and metrics discussed in this letter exclude noncontrolling interest (NCI)2.",yahoo_wti,2026-05-06
2026-05-06,"Stock Market Today: Nasdaq, S&P 500 Hit New Highs On U.S.-Iran Hopes; Cathie Wood Sells Advanced Micro, CoreWeave (Live Coverage) Stock Market Today: The Dow Jones index jumped Wednesday on hopes of a U.S.-Iran deal. AMD stock soared on earnings.",yahoo_wti,2026-05-06
2026-05-06,"Oil Shortage Pain Begins for Asia Asian economies are starting to feel the first serious effects of the oil and gas export paralysis in the Persian Gulf, with economic growth stuttering and likely to deteriorate over the coming months. Some are already in stagflation, and the outlook is dire. Asia buys 85% of its total oil imports from Persian Gulf countries, which made it especially vulnerable to the kind of supply shock that almost nobody believed would ever materialize. Now that it has, Asia is suffering the consequences of its heavy dependence. Asia imported 30% less oil last…",oilprice,2026-05-07
2026-05-06,"The World's Biggest Fusion Reactor Just Hit a Milestone The world's biggest nuclear fusion experiment just got one huge step closer to completion. The International Thermonuclear Experimental Reactor (ITER) in Cadarache, France just received the final shipment of necessary components to assemble the giant magnet at the heart of the reactor. The central solenoid magnet, developed in the United States at the Oak Ridge National Laboratory, is a critical component of the massive experimental site, which is cooperatively funded and operated by a coalition of seven major world economies: China, the European…",oilprice,2026-05-07
2026-05-06,"Stock market today: Dow, S&P 500, Nasdaq stall as crude oil steadies in wait for Iran-US deal update More records are in play amid optimism for a US-Iran peace deal and for AI-fueled earnings growth.",yahoo_brent,2026-05-07
2026-05-06,"Market Minute 5-6-26- Stocks Soar, Oil Tanks on New Talks Stocks are soaring while oil is tanking amid reports of new Middle East talks. Gold and silver are ripping along with Treasuries, while the dollar is sliding. Bitcoin is trading at fresh three-month highs above $82,000.",yahoo_uso,2026-05-09
2026-05-06,"Fed Policy, Higher Energy Prices, and the Road Ahead One big surprise coming out of last week’s unusual press conference by Fed Chairman Jay Powell was his decision to remain on the Federal Open Market Committee (FOMC) as a Governor after Kevin Warsh takes over this month. That sets up an interesting dynamic for the Fed going forward, writes Louis Navellier, founder and chairman of Navellier & Associates.",yahoo_uso,2026-05-09
2026-05-07,"Argus Hikes Exxon Mobil Price Target to $169 as Permian, Guyana Production Power 2026 Argus analyst Bill Selesky raised his price target on Exxon Mobil (NYSE:XOM) stock to $169 from $166, maintaining a Buy rating after the integrated major posted a Q1 2026 earnings beat. The firm pointed to expected higher production rates in 2026 from both Permian and Guyana assets as the centerpiece of its bullish thesis. The ... Argus Hikes Exxon Mobil Price Target to $169 as Permian, Guyana Production Power 2026",yahoo_wti,2026-05-07
2026-05-07,"NEOS Gold High Income ETF Delivers 24% Returns Since Launch, But With a Catch Gold has historically solved one portfolio problem (inflation hedging and currency debasement protection) while creating another: it generates zero cash flow. A bar of bullion sitting in a vault produces no dividends, no interest, no coupons. The NEOS Gold High Income ETF (NYSEARCA:IAUI) was designed specifically to address that gap, layering an options-and-Treasury structure on ... NEOS Gold High Income ETF Delivers 24% Returns Since Launch, But With a Catch",yahoo_wti,2026-05-07
2026-05-07,WISDOMTREE MULTI ASSET ISSUER PUBLIC LIMITED COMPANY (a public company incorporated with limited liability in Ireland) WISDOMTREE BRENT CRUDE OIL 3X DAILY SHORT SECURITIES ISIN: XS3306517098 7 May 2026 LSE Code: 3BRS WISDOMTREE MULTI ASSET ISSUER PUBLIC LIMITED COMPANY(a public company incorporated with limited liability in Ireland) WISDOMTREE BRENT CRUDE OIL 3X DAILY SHORT SECURITIES ISIN: XS3306517098 RESULTS OF MEETING OF THE ETP SECURITYHOLDERS WisdomTree Multi Asset Issuer Public Limited Company (the “Issuer”) wishes to announce that the Extraordinary Resolution regarding the reduction in the principal amount of the WisdomTree Brent Crude Oil 3x Daily Short Securities (the “Aff,yahoo_wti,2026-05-07
2026-05-07,"Stock Market Today: Nasdaq, S&P 500 Up On Jobless Claims; AI Stock Dives, Howmet Breaks Out (Live Coverage) Stock Market Today: The Dow Jones index rose Thursday after weekly jobless claims. AI stock Arm dived on earnings.",yahoo_wti,2026-05-07
2026-05-07,"Why McDonald's may be a better consumer story than an investment play McDonald’s (MCD) topped Q1 estimates after four straight quarters of same-store sales growth, but CEO Chris Kempczinski warns business could slow next quarter. Yahoo Finance’s Julie Hyman and Head of News Myles Udland break down why McDonald’s may be a stronger consumer story than an investor story.",yahoo_wti,2026-05-07
2026-05-07,"Oil prices drop awaiting Mideast peace progress Oil prices fell and global stock markets traded mixed Thursday awaiting an update on a US plan to end the Middle East war and reopen the Strait of Hormuz.The war, launched by the United States and Israel in late February, has seen Iran respond with attacks across the Middle East and impose a chokehold on the Strait of Hormuz, the gateway to the Gulf oil and gas industries and a strategic trade route.",yahoo_wti,2026-05-07
2026-05-07,"Dow Gives Back Gains After Topping 50,000 The stock market opened a touch higher on Thursday even though chip stocks finally lost some steam after Arm’s earnings. The Dow was flat. Just like yesterday, it lost steam after crossing 50,000. It hasn't closed above that level since Feb.",yahoo_wti,2026-05-07
2026-05-07,Shell Earnings Surge on Iran War Oil Boom. Why the Stock Is Falling. Shell  reported surging earnings as the Iran war brought a trading windfall.  Shell’s first-quarter adjusted earnings rose to $6.92 billion from the $3.26 billion it reported in the prior quarter.  Shell’s American depositary receipts were down 2.1% in early trading.,yahoo_wti,2026-05-07
2026-05-07,"BofA Raises its Price Target on Permian Resources (PR) to $22 Permian Resources Corporation (NYSE:PR) is one of the 10 All-Time High But Still Undervalued Stocks to Invest In. On April 27, 2026, BofA raised its price target on Permian Resources Corporation (NYSE:PR) to $22 from $20 and maintained a Neutral rating as part of a broader update on U.S. oil and gas names. The firm […]",yahoo_wti,2026-05-07
2026-05-07,"Barclays Raises its Price Target on Diamondback (FANG) to $225 Diamondback Energy, Inc. (NASDAQ:FANG) is one of the 10 All-Time High But Still Undervalued Stocks to Invest In. On May 5, 2026, Barclays raised its price target on Diamondback Energy, Inc. (NASDAQ:FANG) to $225 from $190 previously and maintained an Overweight rating after the company posted Q1 results. The firm said production came in ahead […]",yahoo_wti,2026-05-07
2026-05-07,"Stars Align for Nasdaq Composite as Chip Stocks Roar and Oil Pulls Back The Nasdaq Composite (^IXIC) etched a fresh all-time high and shows little sign of slowing down, with the tech-heavy benchmark up roughly 14% over the past month alone. Semiconductors have carried much of the load: the Philadelphia Semiconductor Index (^SOX) has surged around 60% year-to-date. Right now the stars are aligning: cooling oil prices, a ... Stars Align for Nasdaq Composite as Chip Stocks Roar and Oil Pulls Back",yahoo_wti,2026-05-07
2026-05-07,"Western Midstream to acquire Brazos Delaware II in $1.6bn deal WES expects the deal to close late in Q2 2026, pending customary closing conditions and regulatory approvals.",yahoo_wti,2026-05-07
2026-05-07,"SMX Helps Physical Energy Meets Digital Truth The oil and gas industry has run on opacity for a century, now SMX is putting a molecular fingerprint on every barrel and calling that opacity's bluff",yahoo_wti,2026-05-07
2026-05-07,"Sector Update: Energy Stocks Decline Pre-Bell Thursday Energy stocks were lower premarket Thursday, with the State Street Energy Select Sector SPDR ETF (XL",yahoo_wti,2026-05-07
2026-05-07,"S&P 500 Gains Unleashed on Chip Stock Strength, Falling Oil and Return to Optimism The S&P 500 (^GSPC) punched to a fresh record Wednesday, with the broader market index now perched above 7,300. With a 7.6% YTD gain in the S&P 500 (^GSPC), bulls are back in control, citing a roughly 15% rally off the March low as AI earnings, easing Iran tensions, and softer crude combine to push ... S&P 500 Gains Unleashed on Chip Stock Strength, Falling Oil and Return to Optimism",yahoo_wti,2026-05-07
2026-05-07,Gold Rises Again on Prospects the Iran War is Nearing an End Gold rose for a third-straight session early Thursday on optimism a deal to end the war on Iran may,yahoo_wti,2026-05-07
2026-05-07,"30-Year Treasury Yield Tests 5% As Bond-Market Pressure Builds Investors are weighing whether higher oil prices, resilient growth and rising US debt could keep long-term yields elevated.",yahoo_wti,2026-05-07
2026-05-07,"Treasury Yields Extend Decline as Markets Await Potential Peace Talks Treasury yields keep falling as Wall Street expects U.S. and Iran to negotiate a peace deal. Oil prices keep falling. U.S. weekly jobless claims rise to 200,000 from a revised 190,000. Economists surveyed by WSJ expected 206,000.",yahoo_wti,2026-05-07
2026-05-07,NYSE Content Update: HawkEye 360 to Start Trading after its $416 Million IPO The New York Stock Exchange (NYSE) provides a daily pre-market update directly from the NYSE Trading Floor. Access today's NYSE Pre-market update for market insights before trading begins.,yahoo_wti,2026-05-07
2026-05-07,"EOG Q1 Earnings & Revenues Beat Estimates on Strong Output Growth EOG Resources beat Q126 EPS and revenue estimates on output growth, fueling $1.49B free cash flow, dividends, buybacks and liquids-leaning guidance.",yahoo_wti,2026-05-07
2026-05-07,"Exchange-Traded Funds, Equity Futures Higher Pre-Bell Thursday Amid Corporate Earnings, Economic Data Deluge The broad market exchange-traded fund SPDR S&P 500 ETF Trust (SPY) was up 0.2% and the actively trad",yahoo_uso,2026-05-07
2026-05-07,Crude Oil Prices Drop as Market Hopes for U.S.-Iran Peace Deal Crude oil prices dropped further on Thursday as the market continues to anticipate a peace deal that,yahoo_uso,2026-05-07
2026-05-07,"EU: Airlines Should Pay Passengers for Cancelations due to Fuel Price Surge Airlines will have to continue reimbursing travelers if they cancel flights due to high jet fuel prices, EU Sustainable Transport and Tourism Commissioner, Apostolos Tzitzikostas, told the Financial Times in an interview published on Thursday. European airlines are struggling with a spike in jet fuel prices, while officials and analysts warn that Europe has just weeks before it feels kerosene shortages. Tzitzikostas played down estimates that jet fuel shortages could hit Europe in June if the situation at the Strait of Hormuz does not improve,…",oilprice,2026-05-07
2026-05-07,"Iran’s Oil Industry Under Pressure as U.S. Naval Blockade Begins to Bite An Iranian energy official just conceded something in a surprise admission that the US naval blockade has begun to bite the Islamic Republic's oil industry. According to new reporting in the NY Times: The blockade has halted Iran’s oil exports, choking off crucial revenues, and the country risks running out of places to store its oil. It is also affecting the import of other goods, forcing Iran to seek alternative routes through neighboring countries and its smaller ports on the Caspian Sea. And the economic pain inside Iran, already dire…",oilprice,2026-05-07
2026-05-07,"Angola's First New Refinery in 50 Years Ships Its First Fuel Cargoes The Cabinda oil refinery in Angola, the first that was built in the country since it gained independence from Portugal 50 years ago, has started shipping fuels to the domestic and international markets, in a relief to the fuel supply stress due to the Iran war. Prior to Cabina, Angola had only one other refinery, which is located in the capital city of Luanda and is operated by state-owned oil firm Sonangol. The Cabinda refinery has the capacity to process 30,000 barrels per day (bpd) of crude and already ships diesel to the domestic market in…",oilprice,2026-05-07
2026-05-07,"EU Imports of Yamal Gas Hit Record Ahead of Ban on Russian LNG The EU boosted its imports of Russian LNG from the Yamal LNG project to a record high in the first four months of 2026, just before the bloc started implementing a phased-out ban on imports of Russia’s LNG, bne IntelliNews reported on Thursday, citing a report by environmental campaign group Urgewald. Year to date, nearly every cargo exported out of the Russian Yamal project has reached a European port, according to the report, which has used Kpler shipping data to track EU imports of Russian LNG. The EU welcomed as many as 91 cargoes from…",oilprice,2026-05-07
2026-05-07,"Oil Prices Waver as Market Weighs Chances of U.S.-Iran Deal Front-month Brent Crude futures dropped to below $100 per barrel again in morning trade in Europe on Thursday, reversing earlier gains, as the market hopes the U.S. and Iran could be able to reach an agreement that would eventually reopen the Strait of Hormuz. Following a steep selloff on Wednesday, which crashed the prices by 7%, Asian trade on Thursday began with nearly 1% gains for both benchmarks, amid investor concern that the U.S.-Iran deal is not as imminent as signals on Wednesday suggested. The continued blockage at the Strait of Hormuz…",oilprice,2026-05-07
2026-05-07,"Oil Crunch Prompts Plastics Crisis in Asia Asia is facing plastics shortages because of the oil and gas supply crunch caused by the war in the Middle East, with medical supplies, packaging, and consumer products most vulnerable to a shock, the Financial Times has reported. The biggest problem for the world’s largest plastics-producing region is the shortage of naphtha, a key plastics feedstock. As a result of the supply squeeze, the price of the feedstock has doubled in Asia, leading to higher prices for a wide variety of products, contributing to already worrying inflation trends…",oilprice,2026-05-07
2026-05-07,"Shell Beats Profit Estimates as War Brings Trading Windfall Shell (NYSE: SHEL) on Thursday reported consensus-beating earnings for the first quarter as the war in Iran drove an oil price surge and boosted trading profits at the UK-based supermajor. Shell reported adjusted earnings of $6.9 billion for the first quarter of 2026, well ahead of the $6.1-$6.3 billion range expected by analysts. The company attributed the earnings bump to higher realized liquids prices and significantly higher trading amid unprecedented market volatility in the latter part of the quarter. Shell thus joins the other European oil…",oilprice,2026-05-07
2026-05-07,"EU Suspends Methane Rules as Energy Crunch Intensifies The European Union has decided to suspend a regulation requiring oil and gas suppliers to report emissions along their supply chains amid an energy crunch that has sent oil and gas prices higher and prompted a rush to secure scarce supply. Citing a draft document from the European Commission to national governments, Reuters reported that EU capitals were informed they could remove planned penalties for non-compliance with the methane rules. “Sanctioning should be delayed until the situation is stable and resumed if the infringement persists…",oilprice,2026-05-07
2026-05-07,"Australia Orders LNG Exporters to Reserve 20% of Gas for Domestic Market Australia’s government has mandated energy companies in the country to set aside 20% of their natural gas output for the domestic market to avoid supply shortages along the east coast. The mandate will come into effect from July next year, Reuters reported today, adding that it will affect three companies with LNG facilities on the east coast of Australia: Shell, Santos, and Origin Energy. The mandates will not interfere with long-term LNG export contracts, concerning instead spot market sales and prospective contracts, according to Australia’s…",oilprice,2026-05-07
2026-05-07,"Oil Prices Edge Higher as Iran Deal Doubts Resurface Oil prices edged higher in early Asian trade on Thursday, rebounding from the previous session’s steep selloff, as investors reassessed the chances of a near-term U.S.-Iran peace agreement and weighed continuing disruptions to Middle East energy flows. Brent crude futures rose 0.66%, to $101.94 a barrel in early trade, while U.S. West Texas Intermediate crude gained 0.74% to trade at $95.78 a barrel. Both benchmarks tumbled more than 7% on Wednesday after reports suggested Washington and Tehran were moving closer to a framework agreement…",oilprice,2026-05-07
2026-05-07,"U.S. Oil Exporters Under Scrutiny As Gas Prices Spike Across 50 States The United States has been playing a vital role as the world’s “swing supplier” of key energy commodities amid the global shortage triggered by the war in Iran, with surging exports helping to cut the energy deficit. According to data from commodities intelligence firm Kpler via Reuters, shipments of crude oil, gasoline, LNG, diesel, jet fuel, and ethane surged to 153 million tons from January to April, good for a 20% Y/Y increase compared to last year’s corresponding period. Combined exports of oil and refined products…",oilprice,2026-05-07
2026-05-07,"Equities Fall Intraday, Oil Rises as Traders Monitor Middle East Developments US benchmark equity indexes were lower intraday, while oil prices were moving higher, as investors m",yahoo_wti,2026-05-07
2026-05-07,"S&P 500, Nasdaq Smash Record Peaks as Tech Rally and Oil Drop Ignite Markets S&P 500, Nasdaq Hit All-Time Highs as Risk Appetite Roars Back",yahoo_wti,2026-05-07
2026-05-07,Sector Update: Energy Stocks Lower Thursday Afternoon Energy stocks declined Thursday afternoon with the NYSE Energy Sector Index and the State Street Ene,yahoo_wti,2026-05-07
2026-05-07,"Disney parks send strong message on U.S. consumers Theme parks have always been a strange place to look for an economic forecast. But for years, what American families decide to do with their summer vacation dollars has told a clearer story about the U.S. economy than most data points coming out of Washington. When that vacation money keeps ...",yahoo_wti,2026-05-07
2026-05-07,"CA Oil Refiners' Margins Top $1 Per Gallon In March, $1.11 For Chevron, Trending Upward; Validating Need for Three Year Old CEC Rules on Resupply and Minimum Inventories, says Consumer Watchdog New data released by the California Energy Commission (CEC) shows California refining margins skyrocketing to $1 per gallon in March from 49 cents per gallon in January, with one refiner, likely Chevron, reporting $1.11 per gallon.",yahoo_wti,2026-05-07
2026-05-07,"APA Q1 Earnings Call Highlights APA (NASDAQ:APA) reported first-quarter 2026 results highlighted by higher-than-guided Permian oil production, strong execution across its portfolio, and nearly $0.5 billion in free cash flow, while management reiterated a focus on capital discipline and balance sheet improvement amid heightened geo",yahoo_wti,2026-05-07
2026-05-07,Is the Vanguard Energy ETF a No-Brainer Buy Right Now Due to Rising Energy Costs? The Vanguard Energy ETF has been one of Vanguard's best-performing ETFs this year.,yahoo_wti,2026-05-07
2026-05-07,"Exchange-Traded Funds Fall as US Equities Drop Midday on Labor Data, Iran Tumult Broad Market Indicators Broad-market exchange-traded funds IWM and IVV fell. Actively traded I",yahoo_wti,2026-05-07
2026-05-07,"Stock Market Today, May 7: Rally Slows at Midday as Investors Watch Iran Developments Arm Holdings tumbled on demand concerns, and markets await progress on reopening the Strait of Hormuz, today, May 7, 2026.",yahoo_wti,2026-05-07
2026-05-07,Summer airfares set to surge as jet fuel shortage grips market A shortage of jet fuel is sending summer airfares higher.,yahoo_wti,2026-05-07
2026-05-07,"FTSE 100 tumbles as Iran peace deal hopes rise The FTSE 100 has tumbled after hopes of a peace deal in the Middle East hit shares in oil and defence companies. London’s premier stock index fell 1.5pc on Thursday, more than other markets across Europe and in the US. Defence majors BAE Systems and Babcock International sank by 5pc and 2.2pc respectively following reports that the US and Iran were close to reaching a peace deal. Shares in BP were down by 2.6pc while Shell dropped by 2.9pc after oil prices fell below $100 a barrel on hopes that",yahoo_wti,2026-05-07
2026-05-07,"TSX Down 27 Points in Choppy Trade With Energy The Worst Performer The Toronto Stock Exchange is down 27 points in choppy trade, with energy the worst performer Ene",yahoo_wti,2026-05-07
2026-05-07,"There’s Just 1 State Left With Gas Below $4 as Prices Rise The national average rose another 2 cents today to $4.56 a gallon, extending a two-week streak of daily increases.",yahoo_wti,2026-05-07
2026-05-07,Blue chips falter amid wait for Middle East deal The oil price fell back amid continued hopes for a peace deal between the US and Iran.,yahoo_wti,2026-05-07
2026-05-07,"Trump Admits “I Expected Oil to Hit $200” Over Iran— Here’s How Close Investors Came to Disaster Wall Street spent the past several weeks gaming out a scenario most investors hoped would never happen: what if the Iran conflict spiraled into a full-scale energy shock? Oil traders, hedge funds, and economists weren’t debating whether prices would rise — they were debating how high. President Trump’s comments this week showed just how serious ... Trump Admits “I Expected Oil to Hit $200” Over Iran— Here’s How Close Investors Came to Disaster",yahoo_wti,2026-05-07
2026-05-07,"Fed's Hammack looks to hold rates for 'quite some time' amid Iran conflict and uncertainty Cleveland Federal Reserve president Beth Hammack added to a growing chorus from central bank officials projecting that interest rates are likely to remain on hold, given the uncertainty about the impact the conflict in Iran is having on both inflation and the job market.",yahoo_wti,2026-05-07
2026-05-07,"US long-term mortgage rate bounce back to levels seen 4 weeks ago The average long-term U.S. mortgage rate rose again this week, reflecting ongoing bond market volatility as surging oil prices due to the war with Iran heighten inflation worries.  The benchmark 30-year fixed rate mortgage rate rose to 6.37% from 6.3% last week, mortgage buyer Freddie Mac said Thursday.  A year ago, it was at 5.89%, Freddie Mac said.",yahoo_wti,2026-05-07
2026-05-07,"Top Midday Stories: Citi CEO Fraser Gives New ROTCE Targets; Datadog Shares Soar After Strong Earnings, Bullish Guidance The Dow Jones Industrial Average was down, while the S&P 500 Index and the Nasdaq Composite were up",yahoo_wti,2026-05-07
2026-05-07,"Global ETFs Back in the Spotlight on Macroeconomic Tailwinds Easing geopolitical tensions, a softer dollar and improving risk appetite are reviving interest in global equity ETFs.",yahoo_wti,2026-05-07
2026-05-07,"Trump-Linked Tungsten Deal in Kazakhstan Moves Forward A deal announced at the White House last year for an American company to mine tungsten in Kazakhstan is moving forward after the company closed the deal with the country’s state-owned mining company. At almost the same time, Cove Kaz Capital, the American mining entity, and a shell company in which US President Donald Trump’s sons reportedly have a significant stake, announced an intention to merge, according to a report published by the Financial Times. The merged entity would seek to become a publicly traded company. Cove Kaz Capital,…",oilprice,2026-05-07
2026-05-07,"U.S. Cracks Down on Iraq Oil Links to Iran The United States has sanctioned Iraq’s deputy oil minister and several Iran-aligned militia leaders, stepping directly into a part of the oil trade that has been operating in the gray since the war began. The Treasury Department accused Deputy Oil Minister Ali Maarij Al-Bahadly of facilitating the diversion of Iraqi crude to benefit Iran and affiliated militias. The move also targets senior figures tied to Kata’ib Sayyid Al-Shuhada and Asa’ib Ahl Al-Haq. Any U.S. assets are frozen, and Americans are barred from doing business…",oilprice,2026-05-07
2026-05-07,"UAE Running Ghost Tankers Through Hormuz to Escape Iran’s Blockade While conventional wisdom, especially after Trump’s counter-blockade of Iran’s blockade, holds that the Strait of Hormuz is completely blocked, the reality is that the UAE is now running loaded crude tankers through the Iranian-controlled Strait of Hormuz with transponders switched off — just like sanctioned Iranian ghost fleets in the pre-war period — just to pry loose a fraction of the oil bottled up in the Gulf. According to shipping data reported by Reuters, industry sources, and satellite tracking, Emirati state-owned…",oilprice,2026-05-07
2026-05-07,"Chinese Firm Takes U.S. Banks to Court Over Pre-Sanction Payment Freeze Chinese fuel trader HY Energy is suing U.S. banking giants JP Morgan and Citigroup for blocked payments to a Chinese oil firm a year before the latter was sanctioned by the U.S. Treasury for dealing with Iranian oil, Bloomberg reports. HY Energy, a regional fuel trader in eastern China, alleges in two separate lawsuits filed in Shanghai and Beijing that JP Morgan and Citi failed to process and complete transfers for a total of $40 million to China Oil and Petroleum Company Limited (COPC) back in 2023. This was months before COPC was designated…",oilprice,2026-05-07
2026-05-07,"Oil Supply Shock Worsens amid Plunging Petroleum Inventories Global crude oil and fuel inventories are crashing at a record speed as the supply shock from the Middle East is too big to absorb without stock depletion. While the futures markets trade on sentiment and hopes that a U.S.-Iran deal could soon lead to the reopening of the Strait of Hormuz, the actual physical disruption is enormous. It has already erased the oversupply that the market faced at the start of the Iran war. The initial buffers are gone, and now commercial inventories are depleting so fast that even an imminent reopening of the Strait…",oilprice,2026-05-07
2026-05-07,"IEA: Tight Gas Markets Will Last Through 2030 The war in Iran and the subsequent loss of LNG supply from the Middle East are altering the medium-term outlook of global natural gas balances, with tighter markets set to last longer than previously expected, a senior official at the International Energy Agency (IEA) said on Thursday. The Middle East crisis has resulted, so far, in the loss of about 120 billion cubic meters (bcm) of global LNG supply through 2030, Gergely Molnar, Energy Analyst – Natural Gas, at the IEA, said. Global LNG supplies have shrank by around 15% due to the conflict…",oilprice,2026-05-07
2026-05-07,"How Iran Is Bypassing the Strait of Hormuz Blockade The United States and Israel’s bombing campaign has left much of Iran’s infrastructure and industries in tatters, disrupting domestic production and hiking prices for basic food items.A US sea blockade has intensified the economic pressure on Iran, hampering its trade through the Strait of Hormuz, a key maritime chokepoint that has been effectively closed since the war began on February 28.In response, Tehran has turned to alternative routes, trucking goods from neighboring Pakistan and Turkey as well as shipping cargo from Russia,…",oilprice,2026-05-07
2026-05-07,"S&P 500 falls from record high, oil prices volatile All 11 S&P 500 sectors finished lower Thursday, the first time that has happened since March 18",yahoo_wti,2026-05-07
2026-05-07,"Canadian Oil Producers Push for New Pipelines Amid Rising Output Canada’s oil sands sector could deliver significant long-term production growth, but industry leaders say future expansion will depend heavily on new pipeline infrastructure to move crude to international markets.",yahoo_wti,2026-05-07
2026-05-07,Occidental Just Stopped Hedging Oil at $76. Here's What That Bet Means for OXY Investors. Hedges worked against Occidental Petroleum and its peers during the first quarter.,yahoo_wti,2026-05-07
2026-05-07,"S&P 500 falls from record high, oil prices volatile All 11 S&P 500 sectors lower Thursday, the first time that has happened since March 18",yahoo_wti,2026-05-07
2026-05-07,"Canadian Natural Says Pipeline Needed to Unlock Oil Sands Growth Canada’s oil sands can grow, but getting the barrels out of the country is a problem. This is a constraint that has defined the sector for years. President Scott Stauth told analysts the industry needs a West Coast export line to unlock meaningful growth. “We need that pipeline to be able to grow oil sands in a significant way,” Stauth said, pointing to a proposed 1 million bpd line from Alberta to British Columbia’s northwest coast. Production is already pushing limits. Canadian Natural averaged 1.64 million boepd in the…",oilprice,2026-05-07
2026-05-07,"Global stocks mostly fall as US rally shows signs of fatigue Global stocks mostly fell Thursday as US indices pulled back from records while Washington awaited Tehran's response to a US plan to end the Middle East war and reopen the Strait of Hormuz.The war, launched by the United States and Israel in late February, has seen Iran respond with attacks across the Middle East and impose a chokehold on the Strait of Hormuz, the gateway to the Gulf oil and gas industries and a strategic trade route.",yahoo_wti,2026-05-07
2026-05-07,"Dow Jones Futures: Stocks Fall On Iran Doubts But Nvidia, Tesla Strong; CoreWeave, Rocket Lab, Cloudflare Earnings Late Iran deal doubts hit stocks Thursday, but Nvidia, Tesla were strong. CoreWeave, Rocket Lab, Cloudflare were earnings movers late. The jobs report is on deck.",yahoo_wti,2026-05-07
2026-05-07,"Oil trades worth $7 billion were reportedly made before Trump Iran announcements Investing.com -- Market participants placed trades worth up to $7 billion betting on falling oil prices during March and April, executing the positions across multiple exchanges just before U.S. President Donald Trump made major policy announcements regarding Iran.",yahoo_wti,2026-05-07
2026-05-07,"Car owners don't want to trade down on auto maintenance: Valvoline CEO Valvoline's (VVV) engine is roaring as its stock gets a boost on Thursday after the company beat fiscal second quarter earnings estimates. Valvoline CEO Lori Flees sits down with Josh Lipton to talk about the auto maintenance service provider's customer resiliency as it navigates the rising oil prices (CL=F, BZ=F).",yahoo_wti,2026-05-07
2026-05-07,"How major US stock indexes fared Thursday 5/7/2026 The price for a barrel of Brent crude oil settled at roughly $100 Thursday and continued its decline from more than $115 early this week.  The Nasdaq composite fell 32.75 points, or 0.1%, to 25,806.20.  The Russell 2000 index of smaller companies fell 47.15 points, or 1.6% to 2,839.63.",yahoo_wti,2026-05-07
2026-05-07,"US Equity Markets End Lower as Conflicting US Signals on Iran War Weigh on Sentiment US equity indexes ended lower on Thursday amid conflicting signals from the US on the war with Iran,",yahoo_wti,2026-05-07
2026-05-07,"Mach Natural Resources LP Reports First Quarter 2026 Results; Declares Quarterly Cash Distribution of $0.64 Per Common Unit OKLAHOMA CITY, May 07, 2026--Q1 2026 Earnings Results for Mach Natural Resources",yahoo_wti,2026-05-07
2026-05-07,"Sector Update: Energy Stocks Slide Late Afternoon Energy stocks declined late Thursday afternoon, with the NYSE Energy Sector Index dropping 1.9% and",yahoo_wti,2026-05-07
2026-05-07,"Discovering Australia's Undiscovered Gems This May 2026 As the Australian market shows signs of recovery, with the ASX 200 forecasted to rise by 1.2% following record highs on Wall Street, investors are keenly observing small-cap stocks that might benefit from broader economic trends and shifts in global geopolitics. In this environment, identifying promising companies involves looking for those with strong fundamentals and potential to thrive amidst both local financial challenges and international developments like fluctuating oil prices and...",yahoo_wti,2026-05-07
2026-05-07,"SandRidge (SD) Q1 2026 Earnings Call Transcript Production averaged 18.6 MBOE per day during the first quarter, an increase of 4% on a BOE basis versus the same period in 2025.  Oil production increased 31%, and total revenues increased 17% during the quarter versus the same period in 2025, driven primarily by new production from our operated development program.  Jonathan Frates: Compared to 2025, the company saw increases in the market price of both oil and natural gas.",yahoo_wti,2026-05-07
2026-05-07,"U.S. Energy Secretary: Iran Cuts Oil Output as Exports Collapse Iran has cut oil production by roughly 400,000 barrels per day (bpd) as exports stall and storage runs out, according to U.S. Energy Secretary Chris Wright.",yahoo_wti,2026-05-07
2026-05-07,"S&P 500 and Nasdaq Hit Record Highs, Then Promptly Forgot About It Markets went from record highs to red in a matter of hours. Here's what flipped the script on Thursday.",yahoo_wti,2026-05-07
2026-05-07,"Wheat Prices Soared 15% in a Month. Here’s How to Hedge With DBA, TAGS, and WEAT Wheat futures jumped roughly 15% in a single month, crude oil sits in the 98th percentile of its 12-month range, and the Consumer Price Index keeps grinding higher. Most equity portfolios carry no direct hedge against any of it. The three funds that offer the cleanest exposure to the agriculture side of that picture are ... Wheat Prices Soared 15% in a Month. Here’s How to Hedge With DBA, TAGS, and WEAT",yahoo_wti,2026-05-07
2026-05-07,"TotalEnergies EP Gabon: Quarterly Financial Information PORT-GENTIL, Gabon, May 07, 2026--Regulatory News: TotalEnergies EP Gabon (Paris:EC):",yahoo_wti,2026-05-07
2026-05-07,"Water Is Quietly Becoming One of the Biggest Risks in Energy A decade ago, China was widely expected to become a shale powerhouse. By some estimates, it holds more technically recoverable shale gas than the United States, and there was real optimism that it could replicate the U.S. shale revolution. So far, that surge hasn’t materialized. China’s gas production is rising, but in 2025 accounted for only 6% of the world’s production, a far cry from the U.S. share of 25%. There are several reasons for this, including more complex geology and deeper formations, but one factor receives far less…",oilprice,2026-05-07
2026-05-07,"Canada Scores Record Trade Surplus on High Oil Canada has recorded its first trade surplus in six months, defying forecasts of a deficit thanks to surging oil and gold prices. Canada’s merchandise trade balance swung to a $1.78 billion surplus in March against expectations of a shortfall of $2.88 billion, with total exports rising 8.5% to $72.8 billion, the second-highest level on record. The country’s energy exports jumped 15.6% Y/Y, reaching their highest level since late 2022, largely driven by a nearly 20% spike in crude oil prices amid the war in Iran. Canada's exports of metallic…",oilprice,2026-05-07
2026-05-07,"U.S. Energy Secretary: Iran Cuts Oil Output as Exports Collapse Iran has cut oil production by roughly 400,000 barrels per day (bpd) as exports stall and storage runs out, according to U.S. Energy Secretary Chris Wright. “It looks like they’ve likely already cut back their production, maybe by 400,000 barrels a day,” Wright said in an interview on Thursday. “They’ll likely continue to ramp down their production as their storage fills and their inability to export oil.” The cuts come as a U.S. naval blockade has sharply reduced Iran’s ability to move crude out of the…",oilprice,2026-05-07
2026-05-07,"Dow Jones Futures: Stocks Fall On Iran Doubts But Nvidia, Tesla Strong; Rocket Lab, Cloudflare, Iren Are Big Earnings Movers Late Iran deal doubts hit stocks Thursday, but Nvidia, Tesla were strong. CoreWeave, Rocket Lab, Cloudflare were earnings movers late. The jobs report is on deck.",yahoo_wti,2026-05-07
2026-05-07,"Baytex Announces Quarterly Dividend for July 2026 Calgary, Alberta--(Newsfile Corp. - May 7, 2026) - Baytex Energy Corp. (TSX: BTE) (NYSE: BTE) (""Baytex"" or the ""Company"") announces that its Board of Directors has declared a quarterly cash dividend of CDN$0.0225 per share to be paid on July 2, 2026 to shareholders of record on June 15, 2026.The U.S. dollar equivalent amount is approximately US$0.0165 per share assuming a foreign exchange rate of 1.36 CAD/US. Payments to shareholders who are not residents of Canada will be net of any Canadian...",yahoo_wti,2026-05-07
2026-05-07,"International Seaways, Inc. Q1 2026 Earnings Call Summary Moby summary of International Seaways, Inc.'s Q1 2026 earnings call",yahoo_wti,2026-05-07
2026-05-07,"Gold Gains for Third Day as Traders Weigh US-Iran Ceasefire Deal (Bloomberg) -- Gold held on to meager gains Thursday as traders assessed the prospects of a US-Iran truce deal. Most Read from BloombergBillionaire Duke of Westminster to Sell £700 Million of US Real Estate AssetsUS Has Opened a Passage Through Hormuz, Central Command SaysDOJ Plans Intervention in Trump Supreme Court Carroll AppealChina Asks Banks to Pause New Loans to US-Sanctioned RefinerSony to Pay Almost $4 Billion for Bieber, Neil Young CatalogBullion climbed as much as 1.6% to trade above",yahoo_wti,2026-05-07
2026-05-07,Markets Stumble As US Military Reportedly Attacks an Iranian Oil Tanker in the Strait of Hormuz Oil prices plunged after reports of a US attack on an Iranian tanker near the Strait of Hormuz heightened geopolitical tensions.,yahoo_wti,2026-05-07
2026-05-07,"Dow Jones Futures Fall, Oil Prices Rise As U.S., Iran Clash; Rocket Lab, Cloudflare, IREN Are Big Earnings Movers Late Iran deal doubts hit stocks Thursday, but Nvidia, Tesla were strong. CoreWeave, Rocket Lab, Cloudflare and IREN were earnings movers late. The jobs report is on deck.",yahoo_wti,2026-05-07
2026-05-07,Shell CEO Says Oil Market Faces Nearly 1 Billion Barrel Shortage Due to Iran War Shell (SHEL) CEO Wael Sawan said the global oil market faces a shortage of nearly 1 billion barrels,yahoo_wti,2026-05-07
2026-05-07,Granite Ridge Resources (NYSE:GRNT) Misses Q1 CY2026 Revenue Estimates Oil and gas company Granite Ridge Resources (NYSE:GRNT) missed Wall Street’s revenue expectations in Q1 CY2026 as sales rose 4.3% year on year to $128.3 million. Its non-GAAP profit of $0.02 per share was 82.8% below analysts’ consensus estimates.,yahoo_wti,2026-05-07
2026-05-07,"Trump Cannot Just Win the Strait. He Has to Win the Oil Curve Over the next 45 to 90 days, Washington’s task is not to control prices, but to keep physical barrels, futures markets, insurers, banks, refiners, and allies moving in the same direction.",yahoo_wti,2026-05-07
2026-05-07,"Stock Market Today, May 7: Rally Falters as Oil Prices Rise Again Today, May 7, 2026, strong earnings continued to boost stocks while the unclear status of U.S.-Iran negotiations weighed on markets.",yahoo_wti,2026-05-07
2026-05-07,"A Look At NVR (NVR) Valuation As Sector Headwinds And Weaker Quarterly Results Pressure The Stock Why NVR Stock Is Back Under Pressure NVR (NVR) is back in focus after a mix of weaker sector sentiment and softer company results weighed on the stock. Rising Treasury yields and mortgage rates, linked to renewed Middle East tensions and higher oil prices, have added pressure across homebuilders. For NVR specifically, recent quarterly numbers showed a 22% decline in Q1 2026 revenue and a 34% drop in net income, even as new home orders grew 7% and liquidity remained strong at US$1.73b in cash...",yahoo_wti,2026-05-07
2026-05-07,Goodyear CEO braces for customers to drive less with gas prices rising The Iran war could impact The Goodyear Tire & Rubber Company's finances in multiple ways as the Akron-based company awaits a tariff refund.,yahoo_wti,2026-05-07
2026-05-07,"Baytex Delivers Strong First Quarter 2026 Results; Raises Production Guidance and Nearly Doubles 3-Year Growth Outlook; CEO Transition Complete Calgary, Alberta--(Newsfile Corp. - May 7, 2026) - Baytex Energy Corp. (TSX: BTE) (NYSE: BTE) (""Baytex"" or the ""Company"") reports its operating and financial results for the three months ended March 31, 2026 (all amounts are in Canadian dollars unless otherwise noted).""Baytex's strong first quarter results reflect the quality of our Canadian portfolio and the operational discipline of our team,"" said Chad Lundberg, President and Chief Executive Officer. ""Outperformance across our heavy oil...",yahoo_wti,2026-05-07
2026-05-07,"S&P 500, Nasdaq Snap 2-Day Record Run as Oil Prices Rise in Volatile Session The S&P 500 and the Nasdaq Composite fell from record closing highs on Thursday as oil prices rose i",yahoo_wti,2026-05-07
2026-05-07,"Canada Scores Record Trade Surplus on High Oil Canada posted its first trade surplus in six months in March, with exports jumping 8.5% as higher oil and gold prices boosted energy shipments and record metals exports.",yahoo_wti,2026-05-07
2026-05-07,"Venezuela Lands Billions in Oil Deals as Industry Rushes Back International companies are flocking back to Venezuela, with deals worth billions getting closed under U.S. management of the country’s oil resources. Venezuela’s oil exports hit a seven-year high in March, and this may be just the beginning of a major rebound. Big Oil was quick to signal interest in Venezuela’s oil—and natural gas—almost as soon as the United States ousted President Nicolas Maduro and effectively took over Venezuela’s oil industry. As early as January, Shell and BP were reported to seek a license…",oilprice,2026-05-07
2026-05-07,"Trump Cannot Just Win the Strait. He Has to Win the Oil Curve The U.S.-Iran war has created a military crisis in the Gulf. But for oil markets, the more dangerous battlefield may now be the futures curve. The first shock was geographic. It appeared on maps, vessel-tracking screens, insurance desks, and refinery procurement calls: the Strait of Hormuz restricted, tankers delayed, Gulf exports impaired, and refiners scrambling for replacement barrels. The second shock is financial. It is moving through hedge books, margin accounts, cargo-finance lines, refinery schedules, LNG contracts, diesel inventories,…",oilprice,2026-05-07
2026-05-07,"Louis Navellier Market Analysis: rising hope, falling prices, rethinking software Veteran fund manager and best-selling author Louis Navellier provides regular market analysis on TheStreet.com. Follow him to read his latest thoughts here. Hopes for a resolution in the Iran conflict continue to improve, as reflected in falling crude oil prices. West Texas Intermediate, or WTI, ...",yahoo_wti,2026-05-07
2026-05-07,"Stock market today: Dow, S&P 500, Nasdaq futures slip as Iran and the US ramp up Hormuz aggression Major gauges slipped after a back and forth between the US and Iran undid a week of peace talks over Hormuz.",yahoo_wti,2026-05-07
2026-05-07,"Small-Cap Stocks Are Plunging. Are Stalled Iran Negotiations Responsible? After gaining more than 3% over the last two sessions, the Russell 2000 lost 1.6%.",yahoo_wti,2026-05-07
2026-05-07,"Venezuela Lands Billions in Oil Deals as Industry Rushes Back International companies are flocking back to Venezuela, with deals worth billions getting closed under U.S. management of the country’s oil resources.",yahoo_wti,2026-05-07
2026-05-07,"'We need that pipeline': CNRL president on path to oilsands growth A new oil pipeline to the West Coast and more competitive investment conditions will be necessary if Canada hopes to see another significant phase of oilsands growth, Canadian Natural Resources Ltd. president Scott Stauth said Thursday",yahoo_wti,2026-05-07
2026-05-07,"Journey Energy Inc. Reports Its First Quarter 2026 Financial and Operating Results Calgary, Alberta--(Newsfile Corp. - May 7, 2026) - Journey Energy Inc. (TSX: JOY) (OTCQX: JRNGF) (""Journey"" or the ""Company"") announces its financial results for the first quarter of 2026. The complete set of financial statements and management discussion and analysis for the periods ended March 31, 2026 and 2025 are posted on www.sedarplus.ca and on the Company's website www.journeyenergy.ca.Year-to-date highlights:Generated sales volumes of 10,456 boe/d in the first quarter (48% crude oil; 12%",yahoo_wti,2026-05-07
2026-05-07,"How Brazil Became Asia’s Emergency Oil Supplier Asia is trying to save itself any way it can. With Gulf barrels harder to get, buyers are pulling crude from wherever it is still available – even from as far away as Brazil. The barrels are alike to those stranded by the Strait of Hormuz blockage, Asia’s appetite for them need is soaring. The only problem is that they have to cross half the world first. The timing of the US-Iran war could hardly be better for Brazil. Its crude exports reached a record 2.3 million b/d in March and stayed at the same level in April, just as China was…",oilprice,2026-05-07
2026-05-07,"MoneyMasters Podcast 5-7-26- As 60-40 Investing Fails, Expect a ""Great Migration"" In this episode, Larry McDonald joins the MoneyShow MoneyMasters Podcast to discuss what he calls the ""Great Migration"" of capital from tech and growth stocks into hard assets. The founder of The Bear Traps Report explains why the traditional 60/40 portfolio is failing – and why investors should consider a significant allocation to commodities like gold, silver, base metals, and energy.",yahoo_uso,2026-05-09
2026-05-08,"Why These 5 Drone Stocks Could Outperform This Summer For decades, Western militaries have been sleepwalking into a strategic crisis. A crisis that the war in Ukraine revealed, and the escalating conflict in the Middle East is now making existential. Modern warfare is no longer dominated by tanks, jets, and billion-dollar weapons systems. Instead, it is defined by drones. Ukraine learned this lesson the hard way in 2024, when it had to produce an estimated 1.2 million drones to counter Russian advances on the battlefield. These weren’t fringe systems or experimental tools. They became the backbone…",oilprice,2026-05-07
2026-05-08,"Baytex (BTE) Q1 2026 Earnings Transcript With this outperformance, and a constructive commodity backdrop, we are raising our 2026 production guidance to 69,000 to 71,000 BOE per day.  This represents 7% annual growth at midpoint, up from 3% to 5% previously.",yahoo_wti,2026-05-08
2026-05-08,"Stock Market Soars On Tumbling Oil Prices, Strong Earnings: Weekly Review The stock market hit fresh highs as crude oil prices tumbled below $100 on Iran hopes. Earnings were mostly strong, though there were big losers too",yahoo_wti,2026-05-08
2026-05-08,"Are rising travel costs making 2026 the year of the staycation? Consumers are keeping to a budget when planning this year's summer travel, taking into consideration the rising costs of airfare and surging gas prices (RB=F) in the US. GenWealth Financial Advisors co-owner and managing principal John Shrewsbury breaks down how consumers are reacting to these higher prices, the income strata that are still sensitive, and the industries most affected by these trends.",yahoo_wti,2026-05-08
2026-05-08,"4 Dividend Stocks to Double Up on Right Now Energy Transfer, Enbridge, Duke Energy, and NextEra Energy are all positioned to meet increasing power demands and pay shareholders respectable dividends in the process.",yahoo_wti,2026-05-08
2026-05-08,"Stocks diverge, oil rises as fresh US-Iran clashes hit peace hopes Stock markets diverged and oil prices rose Friday as fresh US-Iran clashes in the Strait of Hormuz jolted hopes for a deal to end the Middle East war and reopen the crucial waterway.Global equities enjoyed a strong run this week -- with Wall Street setting fresh record highs -- while oil prices fell sharply on optimism that the 10-week conflict will soon be over.",yahoo_wti,2026-05-08
2026-05-08,"Innospec Q1 Earnings Call Highlights Innospec (NASDAQ:IOSP) reported mixed first-quarter 2026 results, as strong performance in its Fuel Specialties segment was partially offset by disruptions tied to a January 2026 U.S. winter storm that affected operations in Performance Chemicals and, to a lesser extent, Oilfield Services. Managemen",yahoo_wti,2026-05-08
2026-05-08,"European Stocks Decline in Friday Trading; Middle East Ceasefire Tenuous Amid Rising US-Iran Tensions The European stock markets were tracking lower, and oil prices were rising Friday following media re",yahoo_wti,2026-05-08
2026-05-08,Oil Markets Whipsawed by Conflicting U.S.-Iran Signals Oil prices head for a 7% weekly loss as traders struggle to price in conflicting signals from U.S.-Iran talks and ongoing Middle East attacks.,yahoo_wti,2026-05-08
2026-05-08,"As Jet Fuel Spikes 100%, 2 Mega-Cap CEOs Reveal the Staycation Trade Has Already Started The most revealing data point from Wednesday’s earnings doubleheader came down to word choice. On May 6, Uber’s CEO said “local” five times and Disney’s CEO said “domestic” 12 times on their respective calls. That linguistic tilt, flagged by the hosts of The Best One Yet, captures a macro shift already showing up in consumer ... As Jet Fuel Spikes 100%, 2 Mega-Cap CEOs Reveal the Staycation Trade Has Already Started",yahoo_wti,2026-05-08
2026-05-08,"Manufacturing investments in US are paying off: Acting Labor Secy. The US economy grew by 115,000 non-farm payroll jobs in April, according to the Bureau of Labor Statistics' (BLS) latest report, above economists' forecasts of 65,000. The national unemployment rate held steady at 4.3%. Acting US Secretary of Labor Keith E. Sonderling sits down with Yahoo Finance Senior Reporter Jennifer Schonberger to talk about the fresh labor data, citing ""resiliency"" in job growth amid domestic investments in the US from major companies. Sonderling took on the mantle of Acting Secretary of Labor after Lori Chavez-DeRemer resigned from the Trump Cabinet position on April 20.",yahoo_wti,2026-05-08
2026-05-08,"Calumet Q1 Earnings Call Highlights Calumet (NASDAQ:CLMT) executives told investors the company entered 2026 facing unusually strong margin conditions across both traditional fuels and renewable fuels, but first-quarter results did not fully reflect those tailwinds due to downtime at its Shreveport facility and planned work at Montana",yahoo_wti,2026-05-08
2026-05-08,Buy 5 Low-Leverage Stocks as Hope Fades for End to US-Iran Conflict Oil-price volatility and fading US-Iran trade hopes are driving investors toward low-leverage stocks like PLOW.,yahoo_wti,2026-05-08
2026-05-08,Trump Gives Markets Hope on Iran After Flare-Up. Oil Prices Rise. Brent crude and WTI prices were rising early Friday as the U.S. and Iran exchanged strikes but the market is still hopeful of a peace deal.,yahoo_wti,2026-05-08
2026-05-08,"Stock Market News for May 8, 2026 U.S. stocks ended lower on Thursday, with the S&P 500 retreating after hitting an all-time high in the previous session, as oil prices bounced back from their initial lows and uncertainty over U.S.-Iran peace talks weighed on investors' sentiment.",yahoo_wti,2026-05-08
2026-05-08,"Jobs Report: Hiring Firms Up, Keeping Fed Hawkish; S&P 500 Rises (Live Coverage) The April jobs report should show decent hiring. A solid labor market and high oil prices have quashed Fed rate-cut hopes.",yahoo_wti,2026-05-08
2026-05-08,"Sector Update: Energy Stocks Lean Lower Premarket Friday Energy stocks were leaning lower premarket Friday, with the State Street Energy Select Sector SPDR E",yahoo_wti,2026-05-08
2026-05-08,"Fed Data Suggest Japan Sold US Debt Amid Intervention (Bloomberg) -- The Federal Reserve’s custody holdings of Treasuries fell for the first time in a month at a time Japan was likely intervening to support its currency, with market participants debating whether the nation offloaded US securities to fund its yen purchases.Most Read from BloombergBillionaire Duke of Westminster to Sell £700 Million of US Real Estate AssetsUS Fires on Iranian Targets as Trump Demands Deal From TehranSony to Pay Almost $4 Billion for Bieber, Neil Young CatalogIran’s P",yahoo_wti,2026-05-08
2026-05-08,"U.S. stock futures rise after April jobs report beats estimates Employers added 115,000 jobs last month, more than double the 55,000 economists had expected",yahoo_wti,2026-05-08
2026-05-08,"An Iran Peace Deal Could Be Getting Close — and Here’s the Case for Another Bullish Trump Rally Broad markets got a nice boost going into the midweek as hopes for an Iran-U.S. peace deal spiked. Undoubtedly, things could go either way as the U.S. awaits Iran’s response to its one-page proposal. While much of the market has already moved on from the conflict, I do think that a peaceful resolution would probably ... An Iran Peace Deal Could Be Getting Close — and Here’s the Case for Another Bullish Trump Rally",yahoo_wti,2026-05-08
2026-05-08,"Current price of oil as of May 8, 2026 When oil prices change, it affects your energy costs—and even the price of everyday items. Here’s why.",yahoo_wti,2026-05-08
2026-05-08,"3 Market Themes Driving Stocks Right Now: AI, Alt Energy and Commodities AI, Alternative Energy and Commodity stocks are all leading this market as a confluence of economic developments drive growth and constrain supply.",yahoo_uso,2026-05-08
2026-05-08,"Exchange-Traded Funds, Equity Futures Higher Pre-Bell Friday Amid Employment Data The broad market exchange-traded fund SPDR S&P 500 ETF Trust (SPY) was up 0.6% and the actively trad",yahoo_uso,2026-05-08
2026-05-08,"Iran Seizes Tanker Carrying Its Own Oil Iran has seized a tanker that appears to have been carrying its own oil, highlighting just how tangled its export system has become under sanctions and blockade. State media said Iranian forces detained the vessel, identified as the Ocean Koi, in the Gulf of Oman. The ship had already been sanctioned by the United States earlier this year as part of Iran’s shadow fleet, the network used to move crude outside official channels. Iran’s explanation didn’t add much clarity. Officials said the tanker was carrying Iranian oil but had…",oilprice,2026-05-08
2026-05-08,"Upstream Oil and Gas Deal Value Plunges Amid Oil Price Uncertainty The collective monthly value of asset deals within the upstream oil and gas sector collapsed to $5.55 billion in March, down from $32 billion in February, even as the volume held steady at 35 transactions compared with 34 the previous month. Where the capital moved South America dominated March activity, accounting for 55% of total deal value, with North America contributing 16% and Asia 13%. The largest single transaction was the acquisition of SierraCol Energy by Philippines-headquartered Prime Infrastructure for an estimated $1.4 billion, according…",oilprice,2026-05-08
2026-05-08,"U.S. and South Africa Discuss Potential Critical Mineral Deals Despite tense bilateral relations, the United States and South Africa held this week their highest-level meeting so far this year to discuss potential resource deals in critical minerals, the Financial Times reported on Friday, quoting attendees of the meeting in Johannesburg.  The two countries have been in tense relations since U.S. President Donald Trump took office for his second term last year and accused South Africa of “white genocide.”    However, the Chinese grip on the global critical minerals market seems…",oilprice,2026-05-08
2026-05-08,"Oil Markets Whipsawed by Conflicting U.S.-Iran Signals Oil prices head for a 7% weekly loss as traders struggle to price in conflicting signals from U.S.-Iran talks and ongoing Middle East attacks. Friday, May 08, 2026 Oil prices are set for a 7% weekly loss after markets remain confused about the outlook of a potential US-Iran negotiated settlement. ICE Brent is set to close the week at $101 per barrel, even as missile strikes and drone hits continue to sap any quick diplomatic breakthrough between Washington and Tehran. Meanwhile, the CFTC announcing it would investigate Trump’s war-related…",oilprice,2026-05-08
2026-05-08,"Iraq Denies U.S. Claim Deputy Minister Helped Iran’s Oil Sales Iraq’s Oil Ministry has denied that its deputy minister was involved in opaque sales of Iraqi oil mixed with Iranian crude for Iran’s benefit, as the U.S. alleged on Thursday when it sanctioned the senior official.  The United States on Thursday sanctioned Iraq’s Deputy Minister of Oil, Ali Maarij al-Bahadly, and several Iran-aligned militia leaders for facilitating the diversion of Iraqi crude to benefit Iran and affiliated militias. The move also targeted senior figures tied to the Kata’ib Sayyid Al-Shuhada and Asa’ib…",oilprice,2026-05-08
2026-05-08,"Iran Seizes Sanctioned Oil Tanker in Gulf of Oman The semi-official Tasnim news agency reported that Iran has seized an oil tanker, accusing it of ""attempting to disrupt oil exports and the interests of the Iranian nation."" Tasnim did not elaborate on the seizure, but Iran's official state news agency, the Islamic Republic News Agency (IRNA), stated that the Iranian military directed the tanker to Iran's southern coast. The report noted that the tanker was carrying Iranian crude oil. ""Army commandos seized this violating oil tanker carrying a cargo of the Islamic Republic of Iran's oil, which…",oilprice,2026-05-08
2026-05-08,"First Mexican Fuel Oil Cargo in 9 Months Arrives in Asia The first fuel oil cargo from Mexico has just arrived in Asia, in a first such shipment in nine months, as high Asian prices draw supplies from other regions amid the shock supply loss from the Middle East.  The cargo, on the Orion tanker, has arrived in Singapore, and more cargoes from Mexico are likely to follow amid favorable arbitrage economics and sufficient supply in the Americas, industry sources told Reuters.   The tanker laden with about 1 million barrels of Mexican high-sulfur fuel oil (HSFO) departed from the Salina Cruz…",oilprice,2026-05-08
2026-05-08,"India's Inflation Accelerates as High Energy Prices Start to Bite Inflation in India, the world’s third-biggest crude oil importer, accelerated in April as the higher global oil and gas prices started to feed through consumer prices. The annual consumer price index (CPI) is expected to have jumped to 3.8% in April, up from 3.4% in March, a Reuters poll of 46 economists showed on Friday. Responses in the poll, carried out between May 4 and May 8, ranged from 2.8% to 4.2%. Official data is expected on May 12. All economists concur that the effects of the higher energy prices have begun to take their toll…",oilprice,2026-05-08
2026-05-08,"Oil Prices Whipsaw as U.S.-Iran Conflict Shakes Markets Crude oil prices experienced one of the most volatile trading weeks of 2026 during the period of May 3 through May 7, as traders reacted to the ongoing U.S.-Iran conflict, disruptions in the Strait of Hormuz, and sudden changes in diplomatic negotiations. June West Texas Intermediate (WTI) crude futures swung violently between a high of $107.46 and a low of $88.66 before stabilizing near $97 a barrel by the end of the week. The sharp price swings reflected how sensitive the market remains to supply disruptions and geopolitical headlines. Strait…",oilprice,2026-05-08
2026-05-08,"Why the UAE Left OPEC Politics, Geopolitics & Conflict The military situation around Hormuz remains active even as diplomacy accelerates behind the scenes. US Central Command said Thursday that Iranian forces launched missiles, drones, and small boats toward US naval vessels transiting the Strait of Hormuz toward the Gulf of Oman, including the USS Truxtun, USS Rafael Peralta, and USS Mason. According to Centcom, no US assets were hit. American forces then carried out retaliatory strikes on missile and drone launch positions, command facilities, and intelligence…",oilprice,2026-05-08
2026-05-08,"China’s Strategic Edge in the U.S.-Iran Crisis China is one of the few major economies coming out of the Iran shock with potentially more leverage, not less. While the Hormuz blockade decimates Gulf trade routes and energy markets, China’s factories are still producing, its export base is strong, and the expansive and expensive corridor systems it has been building for years are now coming in very handy. Pakistan’s decision to open transit routes into Iran is the clearest example of how those Chinese-built corridors are now being used. Tehran has relied heavily on UAE ports for…",oilprice,2026-05-08
2026-05-08,"First Oil Tanker Reaches South Korea Through Hormuz Since War Began An oil tanker that had passed through the Strait of Hormuz in mid-April arrived on Friday at a port in South Korea, shipping the first crude cargo to the country via Hormuz since the war began. The Malta-flagged Odessa crude oil tanker arrived at Daesan on South Korea’s west coast laden with 1 million barrels of crude. Such volumes of oil are equal to about 35-50% of South Korea’s daily oil consumption. Before the Iran war began, South Korea imported most of the crude it consumes from the Middle East and is one of the most exposed Asian…",oilprice,2026-05-08
2026-05-08,"Global Jet Fuel Exports Hit 10-Year Seasonal Low in April Global seaborne jet fuel exports crashed to a seasonal low in April as supplies remained trapped in the Middle East and Asian refiners slashed run rates amid lower crude availability, energy flows analytics firm Vortexa said in a report on Friday. Global seaborne exports of jet/kerosene fuels slumped to as low as 1.1 million barrels per day (bpd) in April, down by 630,000 bpd from the same month last year. That's also at the lowest end of the ten-year range between 2016 and 2025, Vortexa's freight tracking data showed. The crash in exports of jet…",oilprice,2026-05-08
2026-05-08,"More Than 40 India-Bound Ships Remain Trapped Near Hormuz More than 40 India-bound vessels, nearly half of which carry energy products, are still trapped in the Persian Gulf, unable to pass through the Strait of Hormuz, officials told Indian outlet The Economic Times on Friday. The ships are laden with crude oil, liquefied petroleum gas (LPG), and LNG, as well as fertilizer and other products.    A total of 13 ships flagged to India are still stuck west of the Strait of Hormuz, according to the Indian government. The Indian authorities have drafted a list of 41 vessels for priority evacuation…",oilprice,2026-05-08
2026-05-08,"A Golden Opportunity for Canada’s Oil and Gas Industry Canada has a “golden opportunity” to become a major global oil player as the war in the Middle East limits sources of crude and natural gas, the head of the International Energy Agency said, adding that “The cost of missing this train will be incredible,” as quoted by Bloomberg. Fatih Birol said the world was losing 14 million barrels in daily supply because of the war, and reliability has gained even more prominence for importers of energy commodities. After the war ends, the IEA’s secretary general said, “there…",oilprice,2026-05-08
2026-05-08,"Dow Jones Futures: Market At Highs With Iran, Trump-Xi Summit In Focus; Apple, Nvidia, Boeing In Buy Areas Dow Jones futures: The stock market hit fresh highs this past week with U.S.-Iran news and the Trump-Xi summit in focus. Apple, Nvidia, Boeing are in buy areas.",yahoo_wti,2026-05-08
2026-05-08,"Global stocks diverge, oil rises as fresh US-Iran clashes hit peace hopes Global stock markets diverged and oil prices rose Friday as fresh US-Iran clashes in the Strait of Hormuz jolted hopes for a deal to end the Middle East war and reopen the crucial waterway.But US consumer confidence was at an all-time low according to a University of Michigan survey, with Americans weighed down by concerns about high prices and the fallout of the US-Israel war on Iran.",yahoo_wti,2026-05-08
2026-05-08,"How major US stock indexes fared Friday 5/8/2026 The Dow Jones Industrial Average edged up less than 0.1%, and the Nasdaq composite rose 1.7% to its own record.  Monster Beverage and Akamai Technologies helped lead the market after reporting better profits for the latest quarter than analysts expected.  The Nasdaq composite rose 440.88 points, or 1.7%, to 26,247.08.",yahoo_wti,2026-05-08
2026-05-08,"Okeanis Eco Tankers Corp. – Invitation to Q1 2026 Results Webcast ATHENS, Greece, May 08, 2026 (GLOBE NEWSWIRE) -- Okeanis Eco Tankers Corp. (the “Company” or “OET”) (NYSE:ECO / OSE:OET), will report unaudited condensed financial results for the first quarter of 2026, after market close on the NYSE, on Wednesday, May 13, 2026, and a webcast will be held at 14:30 CET, on Thursday, May 14, 2026. Participants may access the webcast using the following link: https://events.q4inc.com/attendee/446194895 The presentation material, which will be used in the webcast, w",yahoo_wti,2026-05-08
2026-05-08,"US Equity Markets End Higher Led by Technology Sector, Nonfarm Payrolls Data US equity indexes ended higher on Friday, with the technology sector posting big gains and positive",yahoo_wti,2026-05-08
2026-05-08,"Sector Update: Energy Stocks Lower in Late Afternoon Trading Energy stocks were lower late Friday afternoon, with the NYSE Energy Sector Index and the State Stre",yahoo_wti,2026-05-08
2026-05-08,"Could April job gains actually be 'a goose egg' for the Fed? The Nasdaq Composite (^IXIC) and S&P 500 (^GSPC) are moving higher ahead of Friday's close after the US Bureau of Labor Statistics (BLS) reported the labor market grew by 115,000 jobs in April. The Wealth Consulting Group chief market strategist Talley Leger examines how the Federal Reserve may interpret this data, especially as chairman Jerome Powell's term is set to end on Friday, May 15.",yahoo_wti,2026-05-08
2026-05-08,Shell's CEO Says the Oil Market Is Short 1 Billion Barrels and Getting Worse. Here's What Investors Should Do Now. The world is facing a growing oil supply shortfall.,yahoo_wti,2026-05-08
2026-05-08,"Enbridge CEO says it's 'game on' for growth amid surging energy demand 'The best growth opportunities I have seen in 10 to 15 years,' says Greg Ebel",yahoo_wti,2026-05-08
2026-05-08,"From Panic to Ruin to Revolution: How the 1970s Oil Shock, Iran’s Upheaval, and the 1980s Crash Still Govern American Energy Power (Oil & Gas 360) By Greg Barnett, MBA – The modern American oil and gas system was not engineered in calm […]",yahoo_wti,2026-05-08
2026-05-08,Trump Gives Markets Hope on Iran After Flare-Up. Oil Prices Rise. Brent crude and WTI prices settled higher Friday as the U.S. and Iran exchanged strikes but the market is still hopeful of a peace deal.,yahoo_wti,2026-05-08
2026-05-08,"Crude Oil Prices Edge Higher on Heightened Middle East Tensions June WTI crude oil (CLM26 ) on Friday closed up +0.61 (+0.64%), and June RBOB gasoline (RBM26 ) closed up +0.0707 (+2.05%). Crude oil and gasoline prices settled higher on Friday due to concerns about the sustainability of the ceasefire between the US and Iran amid fresh hostilities in the...",yahoo_wti,2026-05-08
2026-05-08,Oil Rises Amid Escalating Tensions Ahead of Iran's Response to US Proposal Crude oil prices rose Friday as tensions flared up again in the Middle East conflict ahead of Iran's,yahoo_wti,2026-05-08
2026-05-08,"Why the S&P 500 Is Heading to 8000 Yes, rallies aren’t meant to last forever. But this one is being driven by a superstrong earnings season.",yahoo_wti,2026-05-08
2026-05-08,"Equities Rise Intraday as Markets Parse Jobs Report; Middle East Tensions Send Oil Higher US benchmark equity indexes were higher intraday as traders parsed the latest jobs report, while oil",yahoo_wti,2026-05-08
2026-05-08,"Sector Update: Energy Stocks Lower in Afternoon Trading Energy stocks were lower Friday afternoon, with the NYSE Energy Sector Index decreasing 0.2% and the",yahoo_wti,2026-05-08
2026-05-08,"Sector Update: Energy Energy stocks were lower Friday afternoon, with the NYSE Energy Sector Index decreasing 0.3% and the",yahoo_wti,2026-05-08
2026-05-08,"US Oil Drillers Continue to Add Rigs The total number of active drilling rigs for oil and gas in the United States rose this week, according to new data that Baker Hughes published on Friday",yahoo_wti,2026-05-08
2026-05-08,Exchange-Traded Funds Rise as US Equities Gain Midday Broad Market Indicators Broad-market exchange-traded funds IWM and IVV rose. Actively traded I,yahoo_wti,2026-05-08
2026-05-08,"Cenovus Warns Oil Sands Growth Is Drying Up as Policy Uncertainty Mounts Cenovus Energy (TSX, NYSE: CVE) just posted one of its strongest quarters on record. Its CEO used the earnings call to deliver one of the starkest warnings the oil sands industry has heard in years. Jon McKenzie told analysts on Wednesday that Canada's national conversation around oil sands development has become ""myopically focused on the climate agenda"" — and that the consequences are already playing out in the investment numbers. The country, he argued, has spent over a decade making itself one of the least attractive places on earth to…",oilprice,2026-05-08
2026-05-08,"AI Is Making Cyberattacks Cheaper, Faster and More Dangerous, IMF Warns Evermore sophisticated AI-powered cyberattacks could threaten the stability of the global financial system, The International Monetary Fund (IMF) has warned, as regulators race to contain a new generation of threats. In their new report, the IMF said extreme cyber incidents could spark liquidity pressures and solvency concerns across banks and financial institutions. The lender warned that AI was dramatically lowering the cost and time needed for hackers to identify and exploit vulnerabilities, increasing the risk of systemic financial shocks.…",oilprice,2026-05-08
2026-05-08,"US Oil Drillers Continue to Add Rigs The total number of active drilling rigs for oil and gas in the United States rose this week, according to new data that Baker Hughes published on Friday, bringing the total rig count in the US to 548, down 30 from this same time last year. The number of active oil rigs rose by 2 to 410 during the latest reporting period, according to the data. This is 57 below this same time last year. The number of gas rigs fell by 1. Gas rigs now sit at 129, which is 21 more than this time last year. The miscellaneous rig count stayed at 9. The latest EIA data…",oilprice,2026-05-08
2026-05-08,"US Hits Iran-Flagged Oil Tankers While Peace Talks Continue U.S. forces struck two empty Iranian-flagged oil tankers in the Gulf of Oman on Friday, escalating pressure on Tehran’s shipping network even as Washington says a potential deal to halt the war could be close. U.S. Central Command said the vessels were attempting to violate the American naval blockade around Iranian ports. According to CENTCOM, fighter aircraft disabled both tankers by firing precision munitions into their smokestacks. A third Iranian-flagged vessel had already been disabled earlier this week. “All three vessels are…",oilprice,2026-05-08
2026-05-09,"Basin rig count up one as prices fall The rig count in the Permian Basin was up one this week, the latest count Friday by Baker Hughes shows, with 242 rigs active in the region. A year ago, 285 rigs were active in the region. Nationally, the oil and gas rig count is up one from last week at 548 rigs. A year ago, 578 rigs were active. The count shows that 410 rigs sought oil, up two from the previous week, and 129 explored for ...",yahoo_wti,2026-05-08
2026-05-09,"Business Lookahead: Trump on Tour <body><p>STORY: From Trump's trip to China, to a slew of new U.S. data releases, these are the stories to watch in business and finance in the coming week. </p><p>:: Trump goes to Beijing </p><p>U.S. President Donald Trump visits Beijing on Thursday and Friday.</p><p>It will be his first visit to China in eight years.</p><p>He'll try to lock in the trade truce agreed to in October in South Korea, and avoid a rerun of the tit-for-tat tariff battle that he set off a year ago.</p><p>Fresh trade data should offer a reality check on whether a protectionist White House has managed to dent Americans' appetite for Chinese-made goods.</p><p>:: Saudi Aramco posts results</p><p>The world's biggest exporter of crude oil, Saudi Aramco, reports first-quarter results on Sunday.</p><p>The numbers are expected to show the pain from the more than two-month-old Iran war.</p><p>This comes as efforts to end the conflict appeared to stall after the U.S. and Iran traded fire in recent days, with some of the biggest flare-ups in fighting in and around the Strait of Hormuz since a ceasefire began a month ago.</p><p>:: U.S. economic data</p><p>A bunch of new data should give a clearer view of inflation in the U.S.</p><p>Tuesday's April consumer price index is expected to rise 0.6% according to a Reuters poll.</p><p>Prices at the pump are likely to loom large in the numbers.</p><p>Producer price data for April on Wednesday is another inflation checkpoint after the Fed’s last meeting exposed a more hawkish tilt among some policymakers who are increasingly uneasy about price pressures.</p><p>And retail sales figures on Thursday should show whether higher gas prices and other costs are starting to bite into household spending.</p></body>",yahoo_wti,2026-05-09
2026-05-09,"Baytex Energy Q1 Earnings Call Highlights Baytex Energy (NYSE:BTE) reported a stronger-than-expected first quarter and raised its 2026 production outlook, citing outperformance across its heavy oil portfolio and continued development in the Duvernay. President and Chief Executive Officer Chad Lundberg, speaking on his first earnings call i",yahoo_wti,2026-05-09
2026-05-09,America’s oldest bank raises stake at MicroStrategy Bank of New York Mellon (NYSE: BK) just revamped their confidence on Michael Saylor's Bitcoin (BTC) giant. The oldest bank of the United States raised its stake in Strategy Inc (NASDAQ: MSTR) in the first quarter of 2026 to almost a milllion shares. The revelation came right after Strategy ...,yahoo_wti,2026-05-09
2026-05-09,"The Best Trade of the Month Wasn’t Crypto or Oil, It Was Potatoes Potato CFDs surged 705% in less than a month, beating Bitcoin, Nasdaq, and gold as Iran war speculation roils markets.",yahoo_wti,2026-05-09
2026-05-09,"Crescent Energy (CRGY) Reports Mixed Results for Q1 Crescent Energy Company (NYSE:CRGY) is included among the 10 Best Energy Stocks to Buy Under $20 According to Billionaires. Crescent Energy Company (NYSE:CRGY) engages in the exploration and production of crude oil, natural gas, and natural gas liquids in the United States. Crescent Energy Company (NYSE:CRGY) reported mixed results for its Q1 2026 on May […]",yahoo_wti,2026-05-09
2026-05-09,"Comstock Resources (CRK) Misses Profit Expectations in Q1 Report Comstock Resources, Inc. (NYSE:CRK) is included among the 10 Best Energy Stocks to Buy Under $20 According to Billionaires. Comstock Resources, Inc. (NYSE:CRK) is a leading independent natural gas producer with operations focused on the development of the Haynesville shale in North Louisiana and East Texas. Comstock Resources, Inc. (NYSE:CRK) fell after reporting mixed results […]",yahoo_wti,2026-05-09
2026-05-09,Tankers break down as Iran war unleashes flood of tainted fuel Shipping companies already grappling with the Iran war are facing a new threat as unscrupulous fuel suppliers flood the market with tainted oil.,yahoo_wti,2026-05-09
2026-05-09,"American drivers are in for gas prices deja vu this summer Gas prices are creeping closer to the dreaded $5 per gallon level, last reached in June 2022",yahoo_wti,2026-05-09
2026-05-09,Should You Invest as the S&P 500 Hits Another New High? Here's What History Says. There's strong market momentum despite macroeconomic volatility.,yahoo_wti,2026-05-09
2026-05-09,"A Look At PVH (PVH) Valuation After Oil Price Surge Pressures Apparel Margins PVH (PVH) stock came under pressure after renewed U.S. Iran tensions pushed oil prices higher, raising investor concerns about rising freight and supply chain costs, potential margin pressure, and weaker full price sell through. See our latest analysis for PVH. That sell off comes after a strong run, with a 90 day share price return of 34.03% and a 1 year total shareholder return of 17.51%. This suggests that recent momentum is now facing a reassessment of risk around costs and...",yahoo_wti,2026-05-09
2026-05-09,"Could peace in the Middle East reverse Europe’s underperformance? Investing.com -- Bank of America (BofA) Global Research has maintained an underweight rating on European equities relative to global benchmarks, suggesting that even a potential resolution to the Iran war may not be sufficient to reverse the region’s current macroeconomic deterioration.",yahoo_wti,2026-05-09
2026-05-09,"Power Shortages Threaten Kazakhstan’s $1.9 Billion Data Center Push Kazakhstan’s Ministry of Artificial Intelligence and Digital Development has signed an agreement with an international consortium to start building out the government’s plan to turn the Central Asian state into a data center hub. The project’s timeline appears to hinge on Kazakhstan’s ability to close an existing power deficit. The ministry’s memorandum of understanding with a consortium led by an entity called JMOT04 Ltd. provides for the construction of a Tier IV data center, the most powerful and reliable classification…",oilprice,2026-05-09
2026-05-09,"Japan’s Hybrid Car Strategy Gains Ground as EV Demand Rises Japan has long been known for its strong automaking industry. However, in recent years, it has come to dominate the global hybrid vehicle market, demonstrating that it can evolve to be competitive as the demand for electric vehicles (EVs) continues to rise. While several other countries, such as China, are also increasing their hybrid output, many markets continue to opt for Japanese models due to their solid reputation for traditional automaking and the inclusion of innovative technologies in new hybrid models. In India, Japanese hybrid vehicles…",oilprice,2026-05-09
2026-05-09,"Clean Harbors Q1 Earnings Call Highlights Clean Harbors (NYSE:CLH) reported better-than-expected first-quarter 2026 results and raised its full-year outlook, citing stronger profitability across both of its operating segments, improved base oil pricing and continued momentum in environmental services. The environmental and industrial servi",yahoo_wti,2026-05-09
2026-05-09,"Shell CEO sends blunt message on oil and the economy The world consumes roughly 100 million barrels of oil every day. For the past several months, a significant portion of that supply has simply not been produced. The gap is not closing. And one of the most senior executives in global energy just said so on the record. Shell CEO Wael Sawan used the ...",yahoo_wti,2026-05-09
2026-05-09,"My Top 3 Energy Stocks for May 2026 Given the lofty price of oil, energy investors should probably think about what happens when oil prices fall.",yahoo_wti,2026-05-09
2026-05-09,"Costco Stock Is Benefiting from a Jump in April Sales. It Can Thank the Strait of Hormuz. Costco rode Strait of Hormuz jitters straight into overflowing carts, turning anxious shoppers into April’s biggest sales engine.",yahoo_wti,2026-05-09
2026-05-09,"Why U.S. Drillers Can’t Solve the World’s Oil Supply Crisis Since he came into office in January 2025, United States President Trump has been pushing oil companies to “Drill, baby, drill!” However, despite being given free rein to increase oil production, several oil and gas companies have been cautious of increasing output too much due to volatile energy prices and the huge expense of conducting new exploration and drilling operations. Therefore, countries facing shortages, due to the ongoing geopolitical crisis between the U.S. and Israel with Iran and other Middle Eastern powers, cannot simply…",oilprice,2026-05-09
2026-05-09,"California Resources Q1 Earnings Call Highlights California Resources (NYSE:CRC) reported a stronger-than-expected first quarter and raised its 2026 outlook, citing higher oil prices, improved capital efficiency, accelerated drilling plans and additional cost savings from its Berry merger. President and CEO Francisco Leon said the company is bene",yahoo_wti,2026-05-09
2026-05-09,"What Chevron’s CEO Just Said About Global ‘Supply Outages’ Could Derail Trump’s Economic Momentum The stock market keeps acting like nothing can go wrong. The S&P 500 recently pushed to fresh highs, unemployment held at 4.3%, and President Donald Trump pointed to strong jobs data and rising markets as proof “our country is doing well.” On paper, that argument holds up. But there’s a growing problem hiding underneath the ... What Chevron’s CEO Just Said About Global ‘Supply Outages’ Could Derail Trump’s Economic Momentum",yahoo_wti,2026-05-09
2026-05-09,"Trump Could Tap Oil under U.S. Military Bases to Top Strategic Reserve The Trump Administration is looking for innovative ways to tap more crude from federal lands as the U.S. Strategic Petroleum Reserve (SPR) is being depleted again by emergency stock releases amid the global supply shock from the Iran war. One of these creative new ways to refill the SPR could be the potential tapping of oil from land at U.S. military bases or other sites of the Department of War, a source with knowledge of private information told Bloomberg this week.     For the second time in four years, the U.S. Administration…",oilprice,2026-05-09
2026-05-09,"Iran War Threatens Gulf Investment Boom in Central Asia The 2026 U.S.-Israel war on Iran, the Ramadan War, which began with airstrikes on 28 February 2026 and involved Iranian retaliation via missiles, drones, and a blockade of the Strait of Hormuz, has indirectly but significantly constrained investment plans by Persian Gulf petrostates, primarily Saudi Arabia, the United Arab Emirates, and Qatar, along with other Gulf Cooperation Council (GCC) members, in Central Asia. These petrostates were not direct belligerents but suffered economic fallout from Iranian strikes on their energy infrastructure,…",oilprice,2026-05-09
2026-05-10,"Dow Jones Futures Fall, Oil Prices Rise; Trump Says Iran Response To U.S. Offer 'Totally Unacceptable' President Donald Trump said Iran's response to a U.S. peace offer is ""totally unacceptable."" The Xi summit is on tap..",yahoo_wti,2026-05-10
2026-05-10,"Stock market today: S&P 500, Nasdaq, Dow futures drop as Trump rejects Iranian peace proposal Stock indexes dropped heading into a week that is already facing disruption from the ongoing Iran war.",yahoo_wti,2026-05-10
2026-05-10,"Iran May Have Found a New Way to Threaten Trump’s Economy — And It’s Not Oil The stock market has spent much of 2026 acting like geopolitical risk is just background noise. The S&P 500 keeps pushing toward record highs, AI spending remains red hot, and investors have largely shrugged off the widening conflict involving Iran. But what if Tehran found a pressure point far more dangerous than oil tankers? That’s ... Iran May Have Found a New Way to Threaten Trump’s Economy — And It’s Not Oil",yahoo_wti,2026-05-10
2026-05-10,"Stock Futures Fall, Oil Jumps After Trump Rejects Iran’s Response as ‘Totally Unacceptable!’ All three major stock indexes finished higher last week, with the S&P 500 and Nasdaq both reaching records.",yahoo_wti,2026-05-10
2026-05-10,"Celebrate Earth With These 2 Unstoppable Green Energy Stocks Clean energy remains an important and growing part of the global energy mix, and these two companies are industry leaders.",yahoo_wti,2026-05-10
2026-05-10,"Inflation Readings, Cisco and AMAT Earnings, and More to Watch This Week The major indexes stretched their winning streak to six weeks, the longest since October 2024.  This week nine S&P 500 companies report results, including  Constellation Energy  on Monday,  Cisco  Systems on Wednesday, and  Applied Materials  on Thursday.  The highlight of the economic calendar is the consumer price index, released by the Bureau of Labor Statistics on Tuesday.",yahoo_wti,2026-05-10
2026-05-10,"Clean Harbors Eyes 2026 Upside After Guidance Boost, PFAS Momentum Clean Harbors (NYSE:CLH) executives said the company remains optimistic about 2026 after a first-quarter guidance increase, despite what management described as a disappointing stock-market reaction to the results. Speaking at Oppenheimer’s 21st Annual Industrial Growth Conference, Chief Financial",yahoo_wti,2026-05-10
2026-05-10,"China Petroleum & Chemical Uses AI And White Oils To Reframe Growth China Petroleum & Chemical (SEHK:386) has introduced its ""Fenghuo"" industrial AI agent, targeting smarter operations across refining and petrochemical facilities. The company has been highlighted as a leading participant in the expanding global white oil market. Sinopec is also involved in a major natural gas and condensate discovery in Indonesia, adding to its international resource footprint. China Petroleum & Chemical, trading at around HK$4.61, is drawing attention as these developments...",yahoo_wti,2026-05-10
2026-05-10,"Saudi oil giant Aramco sees 25% jump in Q1 profit after shifting exports from Strait of Hormuz Aramco, the world’s largest oil company, said Sunday its first quarter profit jumped 25% as the Iran war disrupted oil supplies and raised prices.  Dhahran, Saudi Arabia-based Aramco said it successfully shifted some oil exports to a pipeline to avoid the Strait of Hormuz, which has been disrupted by the war.  On Sunday, the price of Brent crude, the international standard, rose 2.58% to to $103.91 per barrel.",yahoo_wti,2026-05-10
2026-05-10,"2 Dividend Stocks That Are No-Brainer Buys in May Markets are on the rise, but worries about a recession remain elevated as May gets underway.",yahoo_wti,2026-05-10
2026-05-10,"What Saudi Aramco’s CEO Just Said Has Huge Implications for the Trump Bull Market The stock market keeps rolling along as if nothing can stop it. The S&P 500 recently hit another all-time high, unemployment remains low at 4.3%, and payroll growth has continued to beat expectations, according to the latest Bureau of Labor Statistics report. President Donald Trump has pointed to both as proof the economy remains on ... What Saudi Aramco’s CEO Just Said Has Huge Implications for the Trump Bull Market",yahoo_wti,2026-05-10
2026-05-10,Saudi oil giant lands £5bn boost from Iran energy shock Saudi Arabia’s state-owned energy giant has revealed a £5bn jump in profits after benefitting from soaring oil prices unleashed by the Iran war.,yahoo_wti,2026-05-10
2026-05-10,"Shell Faces Supply Shock Warning And Tax Pressure As Valuation Gap Widens Shell CEO Wael Sawan has warned of a potential near-billion-barrel shortfall in global crude supply as tensions and disruptions in the Middle East escalate. The company is facing operational issues linked to the region, while also coming under renewed fire over windfall profits and fresh calls for extra energy taxes in Europe. These pressures are raising fresh questions about Shell's risk exposure and how management is prioritising investment, shareholder returns and public...",yahoo_wti,2026-05-10
2026-05-10,"Marjorie Taylor Greene Singles Out $920 Million Worth Of Crude Oil Shorts And Says On-Again, Off-Again War Rehetoric Is Just 'Insider Trading' Former U.S. Representative Marjorie Taylor Greene (R-Ga.) on Wednesday amplified allegations of insider trading tied to escalating tensions in the Middle East, following claims that traders placed nearly $920 million in bearish crude oil bets shortly before reports surfaced of...",yahoo_wti,2026-05-10
2026-05-10,"EOG Resources Q1 Earnings Call Highlights EOG Resources (NYSE:EOG) said it opened 2026 with stronger-than-expected operational and financial results, while shifting more capital toward oil-weighted assets in response to higher crude prices and softer natural gas markets. Chairman and Chief Executive Officer Ezra Yacob said the company exce",yahoo_wti,2026-05-10
2026-05-10,"Aramco CEO Warns of Long Oil Market Disruption as Profit Jumps (Bloomberg) -- Saudi Aramco’s boss warned of a long disruption to oil markets from the near closure of the Strait of Hormuz, while the company reported a jump in profit following higher prices and its ability to redirect exports via a pipeline bypassing the vital waterway. Most Read from BloombergIran Makes New Offer on Uranium in Response to US, WSJ SaysDrone Hits Ship Near Qatar as US Awaits Iran Peace Plan ResponseJudge to Review Musk, SEC Settlement Deal in Twitter Stake CaseOnline Mob Fuels",yahoo_wti,2026-05-10
2026-05-10,Malaysia to unveil oil supply continuity plan as Iran conflict strains reserves Investing.com -- Malaysian Prime Minister Anwar Ibrahim will soon outline a strategic plan to secure the nation’s oil supply amid ongoing uncertainties from the conflict in Iran.,yahoo_wti,2026-05-10
2026-05-10,Saudi Aramco profits rise as oil price surge and pipeline offset Iran war hit Saudi Aramco’s earnings rose in the first three months of the year as shipments via its east-west pipeline allowed it to mitigate the impact...,yahoo_wti,2026-05-10
2026-05-10,"Chevron Has Returned Over $5 Billion to Shareholders for 16 Consecutive Quarters. Is CVX the Ultimate Oil Stock to Own Right Now? Chevron boasts a steady dividend supported by its strong asset base, making it a reliable stock in the volatile oil and gas industry.",yahoo_wti,2026-05-10
2026-05-10,"Devon Energy Q1 Earnings Call Highlights Devon Energy (NYSE:DVN) reported first-quarter 2026 results that management said reflected stronger-than-expected operational execution, lower capital spending and robust free cash flow, while also outlining plans for the company’s pending merger with Coterra Energy. President and Chief Executive O",yahoo_wti,2026-05-10
2026-05-10,"$7 Billion In Perfectly Timed Oil Bets Sparks Insider Trading Fears Last month, we reported that over $1 billion in ""perfectly timed"" wagers, spanning both traditional oil futures and digital prediction markets, accurately anticipated major military and diplomatic shifts linked to developments in the Iran-US war minutes before they were publicly announced, raising major suspicion of insider trading. Many suspicious accounts were newly created and only traded on specific Iran-related events with a win rate of up to 93%. Well, the final numbers are in, and the initial report might only have been the tip of the iceberg.…",oilprice,2026-05-10
2026-05-10,"Oil Market Runs Down Safety Cushion as Supply Shock Worsens The last tankers out of the Persian Gulf are reaching their destinations. Strategic reserves are being drained to make up for lost Middle East supply and keep a lid on prices. But there is a problem with this: an emergency response to a crisis is by definition unsustainable. Analysts and energy industry executives are warning that the longer the war in the Middle East continues, the worse the supply situation will become. Global oil inventories are falling at a record pace, media reported earlier this week, with one Kpler analyst noting that “inventory…",oilprice,2026-05-10
2026-05-10,"China's Solar Boom Has Created a Massive Oversupply Problem China has expanded its cleantech manufacturing capacity so much that industry players are searching for a way to decrease competition to make pricing more realistic and stop smaller producers from falling into debt. However, despite the problem being discussed widely last year, no solution has yet been found. In addition, while forecasts suggest that the Iran war and energy supply chain disruptions will refocus international demand for a green transition, thereby driving up purchases of solar components, this is unlikely to drive a big enough increase…",oilprice,2026-05-10
2026-05-10,"Ukraine’s Drone War Is Reaching Deep Into Russia’s Oil Heartland Russia’s Leningrad Oblast lies some 600 kilometers from the closest corner of Ukraine. But on April 15, its governor declared it a “frontline” region. Part of his explanation: From January through March, a total of 243 Ukrainian drones were shot down over the province, he said. Some drones were not shot down, though. From export terminals on the Gulf of Finland to refineries inland, oil facilities in the region that surrounds St. Petersburg, President Vladimir Putin’s hometown, have been among the hardest hit in an upsurge…",oilprice,2026-05-10
2026-05-10,"The Breakaway Climate Conference Challenging the COP Process Colombia and the Netherlands co-hosted the first Transitioning Away from Fossil Fuels Conference in the coastal city of Santa Marta in Colombia from April 24–29. Several state leaders praised the conference for its explicit focus on reducing reliance on fossil fuels and supporting a global green transition, particularly as the UN Framework Convention on Climate Change’s (UNFCCC) annual COP climate conference has been increasingly critiqued for giving a platform to oil and gas lobbyists.  The UNFCCC has held a COP summit almost…",oilprice,2026-05-10
2026-05-10,"$7 Billion In Perfectly Timed Oil Bets Sparks Insider Trading Fears Traders executed massive sell orders in Brent, WTI, gasoline, and diesel futures shortly before ceasefire announcements, strike delays, and Strait of Hormuz reopening news, with some accounts reportedly achieving win rates as high as 93%.",yahoo_wti,2026-05-10
2026-05-10,"The Strait of Hormuz crisis shows energy security is now a boardroom issue Energy shocks have always been a threat to the broader economy, but energy is now deeply embedded in complex, electricity-dependent business systems.",yahoo_wti,2026-05-10
2026-05-10,"Aramco CEO Warns of Long Oil Market Disruption as Profit Jumps (Bloomberg) -- Saudi Aramco’s boss warned of a long disruption to oil markets from the near closure of the Strait of Hormuz, while the company reported a jump in profit following higher prices and its ability to redirect exports via a pipeline bypassing the vital waterway. Most Read from BloombergIran Makes New Offer on Uranium in Response to US, WSJ SaysTrump Rejects New Iran Peace Offer as ‘Totally Unacceptable’Drone Hits Ship Near Qatar as US Awaits Iran Peace Plan ResponseJudge to Review Mus",yahoo_wti,2026-05-10
2026-05-11,"Stock Market Today, May 11: Chipmakers Drive Midday Gains Despite Oil Concerns Today, May 11, 2026, AI chip leaders helped steady major U.S. indexes at midday as the Strait of Hormuz remains largely closed.",yahoo_wti,2026-05-11
2026-05-11,"Exchange-Traded Funds Higher, US Equities Mixed After Midday Broad Market Indicators Broad-market exchange-traded funds IWM and IVV rose. Actively traded I",yahoo_wti,2026-05-11
2026-05-11,"Goldman lists 3 reasons why Strait closure caused only moderate economic damage Investing.com -- Goldman Sachs chief economist Jan Hatzius has outlined three reasons why the 10-week closure of the Strait of Hormuz has inflicted only moderate damage on the global economy so far, while cautioning that risks remain tilted toward more adverse outcomes.",yahoo_wti,2026-05-11
2026-05-11,"US Equity Indexes Mixed, Crude Oil Rises With Treasury Yields as Iran Ceasefire on 'Massive Life Support' US equity indexes traded mixed midday Monday, while crude oil futures rose with Treasury yields, aft",yahoo_wti,2026-05-11
2026-05-11,"How to solve the housing market logjam: NAR chief economist National Association of Realtors (NAR) chief economist Lawrence Yun explains how the housing market looks now compared to a year ago, and what's needed to drive momentum.",yahoo_wti,2026-05-11
2026-05-11,Mixed day for stocks as oil prices climb amid ongoing Iran-US deadlock The continued stalemate between the US and Iran dashed investors’ hopes of an imminent peace deal and heightened concerns over oil supply disruption.,yahoo_wti,2026-05-11
2026-05-11,What is the federal gas tax? How much is gas taxed in Philly Gas prices are still high across the country. Here's a look at how taxes impact what you pay at the pump.,yahoo_wti,2026-05-11
2026-05-11,"Oil Climbs as Trump Says US-Iran Ceasefire on ‘Life Support’ (Bloomberg) -- Oil rose after President Donald Trump said a fragile ceasefire between the US and Iran is weakening, prolonging their impasse and the effective closure of the crucial Strait of Hormuz.Most Read from BloombergIran Makes New Offer on Uranium in Response to US, WSJ SaysInside a Year of Chaos and Conflict at Kevin Hart’s Media CompanyTrump Rejects New Iran Peace Offer as ‘Totally Unacceptable’Modi Asks Indians to Stop Buying Gold, Hitting Jewelry StocksChina Confirms Xi-Trump Summit T",yahoo_wti,2026-05-11
2026-05-11,"President Trump Wants to Suspend the Federal Gas Tax. Here’s Why Consumers May Still Feel Squeezed The stock market may be hovering near record highs, but Main Street is telling a different story. Consumers are paying $4.52 a gallon for gasoline nationally, while diesel prices have climbed to $5.64 a gallon nationwide and above $6 in some regions. At the same time, food inflation remains stubborn because trucking costs ripple through ... President Trump Wants to Suspend the Federal Gas Tax. Here’s Why Consumers May Still Feel Squeezed",yahoo_wti,2026-05-11
2026-05-11,"TSX up 102 Points at Midday With Miners, Energy, The Best Performers The Toronto Stock Exchange is up 102 points at midday with most sectors higher. Miners and energy",yahoo_wti,2026-05-11
2026-05-11,"These Stocks Are Today’s Movers: Lumentum, Intel, Micron, Qualcomm, Tesla, Moderna, Circle Internet, and More Moderna pares gains after the U.S. health department says a passenger on a repatriation flight tested mildly positive for hantavirus. Moderna says it’s working on an ‘early-stage and ongoing’ treatment for hantavirus.",yahoo_wti,2026-05-11
2026-05-11,"US Equity Indexes Mixed, Crude Oil Rises as Iran Peace Process Stalls US equity indexes traded mixed midday Monday, while crude oil futures rose, after President Donald T",yahoo_wti,2026-05-11
2026-05-11,"3 Wireless Stocks Likely to Thrive Despite Short-Term Challenges TMUS, AD and LILA are likely to ride long-term gains from 5G momentum and rising demand for wireless connectivity despite near-term headwinds.",yahoo_wti,2026-05-11
2026-05-11,"How prolonged Strait of Hormuz closure could lead to oil demand destruction President Trump rejected the conditions of Iran's latest peace deal proposal to the US, further extending the conflict between the two nations as the Strait of Hormuz remains functionally closed. Oil prices (CL=F, BZ=F) edge higher on this news. S&P Global Ratings global chief economist Paul Gruenwald sits down with Julie Hyman to talk more about his firm's oil price forecasts and how energy price shocks continue to reverberate through the US economy right now.",yahoo_wti,2026-05-11
2026-05-11,"Oil prices tick up after Trump rejects Iran proposal, Hormuz traffic remains at a standstill Oil prices ticked up through Monday morning as investors digested comments from President Trump on Sunday that Iran's response to US proposals is ""totally unacceptable,"" pushing out any potential timelines for opening the Strait of Hormuz.",yahoo_wti,2026-05-11
2026-05-11,Markets Await Key Inflation Data This Week Markets Await Key Inflation Data This Week.,yahoo_wti,2026-05-11
2026-05-11,"Goldman Sachs sends blunt message on Fed interest rate cuts Goldman Sachs doesn’t think the Federal Reserve will give the markets what they want. According to TheFly, the bank expects the next two Fed interest rate cuts to come in December 2026 and March 2027, pushing its previous timeline back by one quarter. The rationale is obvious: inflation ...",yahoo_wti,2026-05-11
2026-05-11,"4 Dividend Energy Stocks to Buy in May The energy sector is the top performer this year, but investors shouldn't forget the group's attractive dividend profile.",yahoo_wti,2026-05-11
2026-05-11,"BP, Shell, TotalEnergies Pocket Billions in War-Driven Trading Windfall BP, Shell, and TotalEnergies earned up to $4.75 billion more in Q1 trading as the Iran war sent oil prices and market volatility surging.",yahoo_wti,2026-05-11
2026-05-11,"Clean Harbors Q1 Earnings Beat on SKSS Gains, Revenues Fall Short CLH tops Q1'26 EPS estimates, and raises full-year EBITDA and free cash flow targets as Environmental Services benefits from PFAS and projects.",yahoo_wti,2026-05-11
2026-05-11,"Sector Update: Energy Stocks Edge Higher Premarket Monday Energy stocks were edging higher premarket Monday, with the State Street Energy Select Sector SPDR E",yahoo_uso,2026-05-11
2026-05-11,"Exchange-Traded Funds, Equity Futures Mixed Pre-Bell Monday as Trump Rejects Reported Iran Proposal The broad market exchange-traded fund SPDR S&P 500 ETF Trust (SPY) was down 0.1% and the actively tr",yahoo_uso,2026-05-11
2026-05-11,Oil Rises as the United States Rejects Iran's Response to Its Peace Proposal Oil prices rose early on Monday after the United States rejected Iran's response to its peace propos,yahoo_uso,2026-05-11
2026-05-11,"Trump-Xi Talks Set to Tackle Iran Oil Lifeline, Strait of Hormuz and U.S. Energy Donald Trump arrives in Beijing on Wednesday for his first state visit to China since 2017, heading into a two-day summit with President Xi Jinping that carries more energy-market weight than any bilateral meeting in recent memory. The talks, scheduled for Thursday and Friday, come as the world grapples with what the International Energy Agency has called the “largest supply disruption in the history of the global oil market” — the near-total closure of the Strait of Hormuz following U.S. and Israeli strikes on Iran in late February.…",oilprice,2026-05-11
2026-05-11,"India Rejects Russian LNG Under Sanctions India has officially declined Russia's offer to sell liquefied natural gas (LNG) from projects currently under U.S. sanctions, following April reports of an LPG-laden tanker en route to western India, according to Indian media reports on Monday. Last month, Reuters reported that the 138,200-cubic-metre tanker Kunpeng was heading from Russia's Baltic Portovaya plant to the Dahej LNG terminal in western India. This shipment involved U.S.-sanctioned Russian LNG, signaling a potential first such delivery to India, with Energy Intelligence reporting…",oilprice,2026-05-11
2026-05-11,"Oil Prices Jump After Trump Rejects Iran’s Peace Proposal Oil prices rallied on Monday morning after U.S. President Donald Trump rejected Iran’s response to a U.S. peace proposal, “I don’t like it – totally unacceptable,” Trump said in a Truth Social post, quashing hopes for an imminent resolution to the Middle East conflict that kicked off in late February. Brent crude for July delivery was up 1.% to trade at $103.3 per barrel at 9.48 am ET while WTI crude for June delivery gained 1.04% to trade at $96.41/bbl. Last week, the White House offered a one-page, 14-point memorandum…",oilprice,2026-05-11
2026-05-11,"Jet Fuel Shortage Deepens Pressure on Global Airlines Fewer passengers were heading to Heathrow Airport in April as the war in the Middle East keeps travellers grounded. Passenger numbers at Europe’s biggest airport fell by five per cent in April to 6.7m with the blame being attributed to the “ongoing impact of the Middle East conflict”. For those heading to that particular region, Heathrow saw a whopping 50 per cent drop in volumes. Still, in the year-to-date (Jan–Apr) traffic maintained modest growth at 1.2 per cent. Transfer demand grew ten per cent in April, as travellers…",oilprice,2026-05-11
2026-05-11,"BP, Shell, TotalEnergies Pocket Billions in War-Driven Trading Windfall The European oil majors with the biggest trading desks raised their trading profits by up to $4.75 billion in the first quarter from the end of last year, amid extreme market volatility driven by the war in Iran. The biggest European majors, BP, Shell, and TotalEnergies, likely earned between $3.3 billion and $4.75 billion more in the first quarter compared to the fourth quarter of 2025, the Financial Times reports, citing estimates from analysts. Big Oil companies do not disclose their trading profits separately from the overall results, but usually…",oilprice,2026-05-11
2026-05-11,"Europe's Renewable-Plus-Battery Market Set to Quintuple by 2030 Capacity installations of renewable energy co-located with batteries for storage are expected to surge in Europe from 6 gigawatts in 2025 to as much as 35 GW by 2030, a new report by Aurora Energy Research showed on Monday. The research examined developments in 20 European markets in terms of attractiveness for co-location, and identified Germany, Great Britain, and Bulgaria as Europe's most attractive co-location investment markets. Germany is the most attractive co-location market, thanks to its sheer size and significant upside potential for…",oilprice,2026-05-11
2026-05-11,"Why Bernie Sanders Is Wrong About Gas Prices When lawmakers propose solutions to complex economic problems, the first requirement should be a clear understanding of how those problems actually work. A recent Facebook post by Bernie Sanders comparing today’s oil and gasoline prices to those in 2011 suggests that oil companies are “ripping off” consumers. The logic is straightforward: if oil prices are roughly the same, gasoline prices should be as well. If they aren’t, someone must be taking advantage. It’s an intuitive argument, but it misses important elements…",oilprice,2026-05-11
2026-05-11,"Australia's Biggest Untapped Gas Field Just Got a Lot More Expensive The Browse LNG project in Australia, proposed by Woodside Energy, is set to cost about $35 billion, a new report commissioned by the Australian oil and gas major showed on Monday. Woodside first proposed the Browse to North West Shelf (NWS) Project to deliver natural gas from the Calliance, Torosa, and Brecknock fields to the existing Karratha Gas Plant back in 2018. Cost estimates as of 2019 pointed to US$20 billion (AUS$27.3 billion) of total investment. However, the project, which has been long delayed due to a carbon capture and storage (CCS)…",oilprice,2026-05-11
2026-05-11,"Japan Receives First Central Asian Crude Since Iran War Began Japan is set to receive this week the first crude tanker from Central Asia since the war in Iran began, the Japanese Industry Ministry said on Monday. A tanker shipping Azerbaijani crude is expected to arrive in Japan on Tuesday, the authorities said, as the country – and other Asian buyers – are scrambling for alternative supply amid the massive disruption from the Middle East. Resource-poor Japan is heavily dependent on Middle Eastern oil supply and felt the supply crunch almost immediately as most supplies from the region remained…",oilprice,2026-05-11
2026-05-11,"Morgan Stanley: Oil Buffers Could Run Out Before Hormuz Reopens Most of the market buffers that have stopped oil futures prices from rallying to record highs could vanish before the reopening of the Strait of Hormuz, which puts the market in a “race against time,” according to Morgan Stanley. Reduced overall crude imports into China and soaring exports from the United States have so far managed to partly offset the massive supply disruption due to the closure of the Strait of Hormuz. However, if the chokepoint remains closed through the end of June, these buffers will have been exhausted and result…",oilprice,2026-05-11
2026-05-11,"China CPI Jumps as Middle East Crisis Pushes Energy Costs Higher China's consumer inflation accelerated to 1.2% in April, topping analyst estimates, as the Middle East crisis drove a surge in energy prices. The Chinese consumer price index (CPI) rose by 1.2% last month from a year earlier, accelerating from 1% annual inflation in March, data from China's National Bureau of Statistics showed on Monday. The CPI exceeded an analyst consensus estimate of 0.9% inflation last month. The core inflation, which excludes food and energy prices, also accelerated to 1.2% in April from a year earlier, according to the data.…",oilprice,2026-05-11
2026-05-11,"Global Coal Demand Surges as Middle East Energy Crisis Deepens Global coal shipments and imports surged in March and April as buyers scrambled for fuel amid massively disrupted oil and gas supply from the Middle East. The trend has been accelerating in recent weeks, and global coal imports are on track to reach their third-highest monthly level on record, according to estimates by analytics platform Kpler cited by the Financial Times. In the wake of the worst oil and gas supply disruption in history, coal is back in demand, so much so that even countries and regions that believed coal use was in an irreversible…",oilprice,2026-05-11
2026-05-11,"China’s Car Sales Slump as Gasoline Demand Craters Car sales in China fell by 21.5% in April, driven by lower demand for gasoline-powered vehicles amid higher fuel prices. EV demand failed to offset the drop in internal combustion engine vehicle sales, as well. According to data cited by Bloomberg, total car sales in China last month hit 1.4 million. This was the lowest since 2022, when China was still in the grip of Covid lockdowns. Internal combustion engine car sales suffered a decline of over 30%, while EV and hybrid car sales fell by a more modest 6.8%. EV sales suffered as a result of a rollback…",oilprice,2026-05-11
2026-05-11,"Modi Urges Indians to Conserve Fuel as Oil Shock Spreads India’s Prime Minister called on the nation to work from home, travel less, and conserve fuel to help the government save foreign exchange. “In the current situation, we must place great emphasis on saving foreign exchange,” Narendra Modi said, as quoted by Reuters. The prime minister also urged Indians to stop buying gold, again to conserve foreign exchange. Modi also called on farmers to reduce their fertilizer use by as much as 50%. CNBC recalls that India spent $174.9 billion on crude oil and refined product imports in the…",oilprice,2026-05-11
2026-05-11,"Oil Tankers Go Dark to Exit the Strait of Hormuz Three supertankers laden with crude oil successfully exited the Strait of Hormuz last week, carrying Iraqi and Emirati oil, Reuters has reported, citing data from Kpler and LSEG. The vessels switched off their transponders to avoid detection. One of the tankers is carrying Basrah Medium and heading towards Vietnam, the data showed. Previously, the tanker made two unsuccessful attempts to exit the strait, Reuters noted in its report. The other, which loaded Upper Zakum crude from ADNOC, has already offloaded its cargo in Fujairah—the Emirati…",oilprice,2026-05-11
2026-05-11,"How major US stock indexes fared Monday 5/11/2026 Oil prices rose as the war with Iran threatens to drag on, but U.S. stocks nevertheless inched to more records.  The price for a barrel of Brent crude oil climbed 2.9% to top $104 Monday after President Donald Trump said the U.S.-Iran ceasefire was on life support after he rejected Iran’s latest proposal to end their war.  The Dow rose 0.2%, and the Nasdaq composite gained 0.1% to its own record.",yahoo_wti,2026-05-11
2026-05-11,US Equity Markets End Higher Despite Renewed US-Iran Tensions US equity indexes ended higher on Monday even as President Donald Trump rejected Iran's response to,yahoo_wti,2026-05-11
2026-05-11,"Sector Update: Energy Stocks Gain Late Afternoon Energy stocks were higher late Monday afternoon, with the NYSE Energy Sector Index and the State Str",yahoo_wti,2026-05-11
2026-05-11,"Goldman, BofA Delay Fed Cut Calls After ‘Last Straw’ Jobs Data (Bloomberg) -- Goldman Sachs & Co and Bank of America Corp are the latest in a growing cohort of Wall Street banks pushing back their forecasts for interest-rate cuts, arguing that both jobs and inflation data make a case for the Federal Reserve to keep rates on hold until at least the end of the year.Most Read from BloombergIran Makes New Offer on Uranium in Response to US, WSJ SaysInside a Year of Chaos and Conflict at Kevin Hart’s Media CompanyTrump Rejects New Iran Peace Offer as ‘Totally Un",yahoo_wti,2026-05-11
2026-05-11,"US Equity Indexes Mixed, Crude Oil Rises as Iran Peace Plan Stalls US equity indexes traded mixed ahead of Monday's close, while crude oil futures rose with Treasury y",yahoo_wti,2026-05-11
2026-05-11,"Oil Climbs as Trump Says US-Iran Ceasefire on ‘Life Support’ (Bloomberg) -- Oil rose after President Donald Trump said a fragile ceasefire between the US and Iran is close to unraveling, prolonging the effective closure of the crucial Strait of Hormuz.Most Read from BloombergIran Makes New Offer on Uranium in Response to US, WSJ SaysInside a Year of Chaos and Conflict at Kevin Hart’s Media CompanyTrump Rejects New Iran Peace Offer as ‘Totally Unacceptable’Modi Asks Indians to Stop Buying Gold, Hitting Jewelry StocksEpstein's Black Card: How He Moved Women",yahoo_wti,2026-05-11
2026-05-11,Energy Market Assessment: Consensus-beating growth + peace (Oil & Gas 360) – Consensus-Beating Growth + Peace (Achieved Peacefully Or By Force) Has Us Predict Oil Prices Lower For Consumers […],yahoo_wti,2026-05-11
2026-05-11,"What To Expect From Tuesday's Inflation Report Inflation likely surged last month, and not just from the Iran war's spike in gasoline prices.",yahoo_wti,2026-05-11
2026-05-11,"Fervo Energy Boosts IPO Target to $1.8 Billion (Bloomberg) -- Fervo Energy Co., a geothermal energy developer, is seeking to raise as much as $1.82 billion in a US initial public offering, raising its target from $1.33 billion.Most Read from BloombergIran Makes New Offer on Uranium in Response to US, WSJ SaysInside a Year of Chaos and Conflict at Kevin Hart’s Media CompanyTrump Rejects New Iran Peace Offer as ‘Totally Unacceptable’Modi Asks Indians to Stop Buying Gold, Hitting Jewelry StocksEpstein's Black Card: How He Moved Women With His A",yahoo_wti,2026-05-11
2026-05-11,Update: WTI Oil Rises as the United States Rejects Iran's Response to Its Peace Proposal West Texas Intermediate (WTI) oil rose on Monday after the United States rejected Iran's response to,yahoo_wti,2026-05-11
2026-05-11,TotalEnergies' CEO Says 500 Million Barrels Are Already Gone. Is It Too Late to Buy Oil Stocks? The world is experiencing a massive oil supply disruption following the closure of the Strait of Hormuz.,yahoo_wti,2026-05-11
2026-05-11,"These Stocks Are Today’s Movers: Nvidia, Lumentum, Intel, Micron, Qualcomm, Tesla, Moderna, Circle Internet, and More Moderna pares gains after the U.S. health department says a passenger on a repatriation flight tested mildly positive for hantavirus. Moderna says it’s working on an ‘early-stage and ongoing’ treatment for hantavirus.",yahoo_wti,2026-05-11
2026-05-11,"Sector Update: Energy Stocks Rise Monday Afternoon Energy stocks were higher Monday afternoon, with the NYSE Energy Sector Index rising 2.3% and the St",yahoo_wti,2026-05-11
2026-05-11,"Equities Rise Intraday, Oil Jumps as Markets Montior Middle East Developments US benchmark equity indexes were higher intraday as traders appeared to shake off worries about the",yahoo_wti,2026-05-11
2026-05-11,Update: Gold Steady as the U.S. Dismisses Iran's Peace Demands (Updates prices.) Gold was steady midafternoon Monday after the United States rejected Iran's res,yahoo_wti,2026-05-11
2026-05-11,"Sector Update: Energy Energy stocks were higher Monday afternoon, with the NYSE Energy Sector Index and the State Street E",yahoo_wti,2026-05-11
2026-05-11,Better Oil Stock: Occidental Petroleum vs. Energy Transfer Which of these energy stocks is the better buy right now?,yahoo_wti,2026-05-11
2026-05-11,"SMRs Aren’t Losing on Technology. They’re Losing on Economics Small Modular Reactors still won’t shift the Energy Transition, but for a different reason Last year, I argued that small modular reactors will not save the energy transition. The core reasoning was simple: timelines were too long, costs too uncertain, and grid issues too persistent for SMRs to meaningfully scale in the critical decade ahead. Today, as the UK’s flagship SMR programme unfolds and European policymakers cast fresh doubt on offshore wind targets by pointing to Rolls-Royce’s design, one thing is clear: SMRs remain…",oilprice,2026-05-11
2026-05-11,"IEA: Portugal Energy Poverty Above EU Average, Despite Renewable Boom Portugal just got a thorough energy policy review from the IEA, and the short version is this: the power sector has done its job. Everything else needs to get moving. The Portugal 2026 Energy Policy Review, released in Lisbon this week, covers the full picture, electricity, gas, transport, buildings, industry, and grid infrastructure, and lays out 10 recommendations for what the country needs to do next. It is more candid than these reports usually are. The Part That Worked Solar PV, hydropower, and wind have transformed Portugal's electricity…",oilprice,2026-05-11
2026-05-11,"Why Seed Patents Make America’s Food System More Vulnerable I'm shocked, shocked, to find out that the Chinese are stealing America's agricultural technology! It can hardly come as a surprise that the Chinese government actively encourages and organizes the theft of intellectual property from other nations and their companies, in this case, agricultural technology in the United States. College students are some of the most active players in these thefts, as between 250,000 and 300,000 routinely attend U.S. colleges and universities in any given year, most of them studying in scientific and engineering fields.…",oilprice,2026-05-11
2026-05-11,"Reuters Survey Shows OPEC Oil Output At 26-Year Low Amid Iran War OPEC oil output has declined to its lowest level since 2000, with production falling by 830,000 barrels per day (bpd) to an average of 20.04 million bpd in April, according to a Reuters survey published Monday. Kuwait recorded the largest production drop, with reports indicating it exported zero crude in April thanks to its total reliance on the Strait of Hormuz. Saudi Arabia and Iraq also saw significant output decreases as they were forced to shut-in production. Saudi production dropped towards 7 million barrels per day (bpd) following attacks…",oilprice,2026-05-11
