"Country","Total_10_Years_GWP","Final_Cumulative_GWP"
"China",512205.891706934,512205.891706934
"India",469470.314274821,469470.314274821
"USA",476561.186114186,476561.186114186
